{"type": "FeatureCollection", "features": [{"type": "Feature", "properties": {"road_type": "primary", "name": "Unnamed road", "major": true}, "geometry": {"type": "LineString", "coordinates": [[70.6328496, 22.4012722], [70.6330602, 22.4010759], [70.6333567, 22.400808], [70.6335904, 22.4006182], [70.6337459, 22.4004964], [70.6341551, 22.4002151], [70.6348032, 22.3997392], [70.6355632, 22.3991841], [70.6364663, 22.3985387], [70.6374336, 22.3978205], [70.6377839, 22.397598], [70.6381913, 22.3973579], [70.6386035, 22.397131], [70.6389442, 22.396968], [70.6392301, 22.3968424], [70.6396733, 22.396642], [70.6406883, 22.3961992], [70.6423609, 22.3954612], [70.6433283, 22.3950338], [70.6445101, 22.3945183], [70.6453678, 22.3941372], [70.6467807, 22.3935226], [70.6473645, 22.3932649], [70.648227, 22.3928882], [70.6491645, 22.3924509], [70.6495994, 22.3922273], [70.6503821, 22.3918461], [70.6519317, 22.3911696], [70.6526999, 22.3908347], [70.6537275, 22.3903947], [70.6540899, 22.3902396], [70.6543257, 22.3901337], [70.6547334, 22.3899296], [70.6550064, 22.3897723], [70.6553063, 22.389562], [70.6557679, 22.3892115], [70.655936, 22.3890727], [70.6560289, 22.388996], [70.6577762, 22.3876506], [70.6580087, 22.3874621], [70.6584804, 22.3871303], [70.658755, 22.3869651], [70.6589757, 22.3868468], [70.6592958, 22.3867175], [70.6595671, 22.38661], [70.6598501, 22.3865165], [70.6602562, 22.3863903], [70.660402, 22.3863492], [70.6606706, 22.3862735], [70.661609, 22.3860055], [70.6630057, 22.3855974], [70.6638852, 22.3853217], [70.6644917, 22.3851347], [70.6657334, 22.3847468], [70.6668689, 22.3843916], [70.672402, 22.3826858], [70.6737852, 22.3822434], [70.6746495, 22.3819692], [70.6757333, 22.3816399], [70.6765624, 22.3813843], [70.6776203, 22.381045], [70.6786627, 22.3807179], [70.6788581, 22.3806661], [70.6791452, 22.3805747], [70.6799482, 22.3803301], [70.6802805, 22.3802243], [70.6807177, 22.3800988], [70.6812384, 22.3799049], [70.6813837, 22.3798531], [70.6817282, 22.3797097], [70.681815, 22.3796736], [70.6823165, 22.3794301], [70.6827156, 22.3792219], [70.6830313, 22.3790346], [70.6833875, 22.3787989], [70.6836949, 22.3785797], [70.6839558, 22.3783704], [70.6843084, 22.3780884], [70.6845705, 22.3778537], [70.6848123, 22.3776235], [70.6851018, 22.3773437], [70.6853591, 22.3770793], [70.6857153, 22.3767367], [70.6857272, 22.3767251], [70.6858042, 22.3766501], [70.6862014, 22.376263], [70.68656, 22.3759017], [70.6869329, 22.3755381], [70.6872498, 22.3752231], [70.6875857, 22.3748849], [70.6881267, 22.3743755], [70.6883054, 22.3741916], [70.6883541, 22.3741412], [70.6884238, 22.3740692], [70.6885496, 22.3739393], [70.6886564, 22.3738225], [70.688882, 22.3735757], [70.6892422, 22.3731937], [70.6893959, 22.3730284], [70.6902208, 22.3721936], [70.6906675, 22.3717518], [70.6911131, 22.3713244], [70.6915049, 22.3709381], [70.6916599, 22.370789], [70.6920575, 22.3704006], [70.692472, 22.3700314], [70.69275, 22.3698289], [70.6930263, 22.3696544], [70.6932621, 22.3695095], [70.6935519, 22.3693537], [70.6939057, 22.3691823], [70.6942528, 22.3690405], [70.6948694, 22.368771], [70.6954422, 22.3685232], [70.6957622, 22.3683823], [70.6960066, 22.3682755], [70.6963891, 22.3681041], [70.6967159, 22.3679312], [70.6970529, 22.3677333], [70.6972264, 22.3676289], [70.6976291, 22.3673532], [70.6979711, 22.3671132], [70.6984277, 22.3667829], [70.6992178, 22.3662501], [70.6997603, 22.3659213], [70.7004022, 22.3655318], [70.7012244, 22.3650301], [70.70221, 22.3644365], [70.7028233, 22.3640735], [70.7040717, 22.3633132], [70.705153, 22.362677], [70.705431, 22.3625118], [70.7055072, 22.3624654], [70.7059732, 22.3621815], [70.7061369, 22.3620818], [70.7066811, 22.3617499], [70.7072673, 22.3613729], [70.7074999, 22.3612233], [70.7077837, 22.3610213], [70.7078217, 22.3609942], [70.7079427, 22.3609034], [70.7084366, 22.3605331], [70.7090701, 22.360075], [70.7101197, 22.3592757], [70.7111306, 22.3585309], [70.7114389, 22.3583034], [70.7114883, 22.3582677], [70.7118331, 22.3580183], [70.7123521, 22.3576365]]}}, {"type": "Feature", "properties": {"road_type": "primary", "name": "Dr. B R Ambedkar Chowk Flyover", "major": true}, "geometry": {"type": "LineString", "coordinates": [[70.8018337, 22.303891], [70.8018521, 22.3039434], [70.8018865, 22.3039883], [70.8019338, 22.3040218], [70.8019913, 22.3040412], [70.8020524, 22.3040435], [70.8021114, 22.3040285], [70.8021369, 22.3040131], [70.8021626, 22.3039976], [70.8022013, 22.3039537], [70.8022202, 22.3039133], [70.8022283, 22.30387], [70.8022206, 22.3038096], [70.8021921, 22.3037548], [70.8021529, 22.3037165], [70.8021035, 22.3036901], [70.8020481, 22.3036777], [70.8019911, 22.3036804], [70.801933, 22.3037002], [70.8018843, 22.3037355], [70.8018496, 22.3037831], [70.8018328, 22.3038359], [70.8018337, 22.303891]]}}, {"type": "Feature", "properties": {"road_type": "tertiary", "name": "Unnamed road", "major": false}, "geometry": {"type": "LineString", "coordinates": [[70.8186607, 22.2673722], [70.8187064, 22.2676264], [70.8187771, 22.2678685], [70.8188869, 22.2681675], [70.8189019, 22.2682085], [70.8190723, 22.2685453], [70.8191947, 22.2688409]]}}, {"type": "Feature", "properties": {"road_type": "tertiary", "name": "Mahatma Gandhi Road", "major": false}, "geometry": {"type": "LineString", "coordinates": [[70.8014546, 22.2990254], [70.801352, 22.2990069], [70.8012683, 22.2990077]]}}, {"type": "Feature", "properties": {"road_type": "secondary", "name": "Unnamed road", "major": true}, "geometry": {"type": "LineString", "coordinates": [[70.7846699, 22.2649791], [70.7850243, 22.2654019], [70.7852892, 22.2657183], [70.7857847, 22.2662946], [70.7858395, 22.2663555], [70.7864404, 22.2670105], [70.7865864, 22.26717], [70.787132, 22.2677827], [70.7874166, 22.2681301], [70.7875333, 22.2682703], [70.787793, 22.2685821], [70.7878927, 22.2686909], [70.7880445, 22.2688814], [70.7884233, 22.2693041], [70.7888357, 22.2696839], [70.7892612, 22.2700689], [70.7894577, 22.2702452], [70.7895603, 22.2703323], [70.7898737, 22.2705795], [70.7899057, 22.2706078], [70.7900864, 22.2707676], [70.7904001, 22.2710286], [70.7908512, 22.271354], [70.7909366, 22.2714156], [70.7913104, 22.2716784]]}}, {"type": "Feature", "properties": {"road_type": "primary", "name": "Race Course Circle", "major": true}, "geometry": {"type": "LineString", "coordinates": [[70.7870044, 22.2982247], [70.7869545, 22.2983645], [70.7869289, 22.2985508], [70.7868423, 22.2990764], [70.7867391, 22.299599], [70.7867121, 22.2998425], [70.7866761, 22.3000782], [70.7866494, 22.3004749], [70.7866707, 22.3008954], [70.786741, 22.3012056], [70.7869471, 22.301957], [70.7872262, 22.3027649], [70.7873772, 22.3032468], [70.7876742, 22.3040969], [70.787827, 22.3045317], [70.7880306, 22.305013], [70.7885288, 22.3061908], [70.7886274, 22.306387]]}}, {"type": "Feature", "properties": {"road_type": "tertiary", "name": "Lakhaj Rai Road", "major": false}, "geometry": {"type": "LineString", "coordinates": [[70.8071035, 22.298837], [70.8068554, 22.2987707], [70.8068206, 22.2987465], [70.8066328, 22.2984562], [70.8065484, 22.2983447], [70.8060295, 22.2977716], [70.8059117, 22.2976267], [70.8052752, 22.2969105], [70.8052218, 22.2968495], [70.805023, 22.2966619], [70.8047433, 22.296398], [70.804607, 22.2963005], [70.8042428, 22.2960036], [70.8042041, 22.2959723], [70.8039893, 22.2958588], [70.8035298, 22.2955909], [70.8033127, 22.2954999], [70.8027538, 22.295203]]}}, {"type": "Feature", "properties": {"road_type": "primary", "name": "Rajkot - Morbi Highway", "major": true}, "geometry": {"type": "LineString", "coordinates": [[70.8075248, 22.3433671], [70.8074497, 22.3430128], [70.8074513, 22.3426982], [70.8074396, 22.3426353], [70.807459, 22.3424666], [70.8074691, 22.3423866], [70.8075951, 22.3421259], [70.807776, 22.3418314], [70.8080321, 22.3414813]]}}, {"type": "Feature", "properties": {"road_type": "primary", "name": "Rajkot - Morbi Highway", "major": true}, "geometry": {"type": "LineString", "coordinates": [[70.8079694, 22.3447345], [70.8075248, 22.3433671]]}}, {"type": "Feature", "properties": {"road_type": "primary", "name": "Dr. B R Ambedkar Chowk Flyover", "major": true}, "geometry": {"type": "LineString", "coordinates": [[70.8057576, 22.3047922], [70.8056158, 22.304731], [70.8054295, 22.3046689], [70.8052063, 22.3046124], [70.8045457, 22.3044383], [70.8038628, 22.3042825], [70.8037714, 22.3042617], [70.8022283, 22.30387]]}}, {"type": "Feature", "properties": {"road_type": "primary", "name": "Unnamed road", "major": true}, "geometry": {"type": "LineString", "coordinates": [[70.7123521, 22.3576365], [70.713373, 22.3568761], [70.7143098, 22.356175], [70.7157654, 22.3550921], [70.7164831, 22.3545825], [70.7168706, 22.3543067], [70.7171265, 22.3541131], [70.7172682, 22.354006], [70.7175563, 22.3537785], [70.7179228, 22.3534653], [70.7223104, 22.3493633], [70.7225543, 22.349125], [70.7227521, 22.3489652], [70.7229095, 22.3488424], [70.7229529, 22.3488085], [70.7231213, 22.3487098], [70.7234754, 22.3485028], [70.7236946, 22.3483728], [70.7240615, 22.3482295], [70.7245619, 22.348062], [70.7253058, 22.3478168], [70.7255269, 22.3477447], [70.7281978, 22.3469051], [70.7284069, 22.3468387], [70.7301754, 22.346277], [70.7318073, 22.3457556], [70.7320172, 22.3456886], [70.7324627, 22.3455498], [70.7327629, 22.3454462], [70.7330655, 22.3453316], [70.7333618, 22.3452045], [70.7335683, 22.3450958], [70.7337803, 22.3449879], [70.7339751, 22.3448861], [70.7343307, 22.3446926], [70.7344724, 22.3446183], [70.7347596, 22.3444678], [70.735858, 22.3438684], [70.736054, 22.3437612], [70.7366919, 22.3434122], [70.7369874, 22.3432579], [70.7372812, 22.3431029], [70.7376092, 22.342945], [70.7378118, 22.3428635], [70.737938, 22.3428128], [70.7384646, 22.3426409], [70.7390699, 22.3424935], [70.739451, 22.3424007], [70.7398561, 22.3422927], [70.7402349, 22.3421891], [70.7405447, 22.3420811], [70.7409402, 22.3419335], [70.7412785, 22.3418233], [70.7416097, 22.3417263], [70.7420981, 22.3416095], [70.7424651, 22.3415324], [70.7428201, 22.3414332], [70.7430822, 22.3413362], [70.7433061, 22.3412304], [70.7436159, 22.3410828], [70.7440519, 22.3408558], [70.7441772, 22.3407961]]}}, {"type": "Feature", "properties": {"road_type": "tertiary", "name": "Unnamed road", "major": false}, "geometry": {"type": "LineString", "coordinates": [[70.7696806, 22.361399], [70.7696518, 22.3612274], [70.7694301, 22.3599056], [70.7694058, 22.3598352], [70.7691484, 22.3594701], [70.767037, 22.3568347], [70.7669597, 22.3567395], [70.7669254, 22.3565966], [70.7669171, 22.3553881], [70.7669168, 22.3553424], [70.7669219, 22.3553096], [70.7669597, 22.3550646], [70.7672086, 22.3543184], [70.767237, 22.3541777], [70.7673031, 22.3538501], [70.7673432, 22.3535767], [70.7673572, 22.3534811], [70.7674661, 22.3527387], [70.7675049, 22.3516357], [70.7675268, 22.3510123], [70.7675349, 22.3507819], [70.7675368, 22.3497074], [70.7675173, 22.3486333], [70.7675696, 22.3473743], [70.767575, 22.3472552], [70.7675676, 22.3471206], [70.7675582, 22.3470096], [70.7674784, 22.3464421], [70.7674161, 22.3460868], [70.7673663, 22.3458424], [70.7673512, 22.3457682], [70.7672699, 22.3453692], [70.7671867, 22.3449183], [70.7671773, 22.344834], [70.7671666, 22.3446851], [70.767176, 22.3445449], [70.7671814, 22.3444618], [70.7671948, 22.3443638], [70.7672189, 22.3442758], [70.7672739, 22.344086], [70.7674, 22.3436072], [70.7674415, 22.3434261], [70.7674657, 22.343276], [70.7674858, 22.3431594], [70.767493, 22.3430468], [70.7674952, 22.3430118], [70.7674952, 22.3428964], [70.7674885, 22.3427501], [70.7673958, 22.3419837], [70.7673803, 22.3418392], [70.767334, 22.3412756], [70.7673261, 22.340859], [70.7673208, 22.3401389], [70.7673168, 22.3400608], [70.7673088, 22.3397743], [70.7672927, 22.3396428], [70.7672779, 22.3395783], [70.7672344, 22.3394655], [70.7669487, 22.338865], [70.7664362, 22.3379412], [70.7663332, 22.3375364], [70.7663332, 22.3372585], [70.7664104, 22.3369568], [70.7665449, 22.3366419], [70.766831, 22.3359724], [70.7668653, 22.3357659], [70.7668588, 22.3357084], [70.7668295, 22.3355654]]}}, {"type": "Feature", "properties": {"road_type": "tertiary", "name": "Unnamed road", "major": false}, "geometry": {"type": "LineString", "coordinates": [[70.8808395, 22.3286948], [70.8807006, 22.3289335]]}}, {"type": "Feature", "properties": {"road_type": "tertiary", "name": "Unnamed road", "major": false}, "geometry": {"type": "LineString", "coordinates": [[70.8807006, 22.3289335], [70.8799664, 22.3302185], [70.8796893, 22.3307753], [70.8795678, 22.3310234], [70.879433, 22.3313174]]}}, {"type": "Feature", "properties": {"road_type": "tertiary", "name": "Unnamed road", "major": false}, "geometry": {"type": "LineString", "coordinates": [[70.7886015, 22.3068464], [70.7884299, 22.3068656], [70.7883197, 22.3068757], [70.7879921, 22.3069021], [70.7879062, 22.306909], [70.7877824, 22.306918], [70.7876451, 22.3069337], [70.7875391, 22.30695], [70.7872913, 22.3069729], [70.7871015, 22.3069932], [70.7866171, 22.3070319], [70.7864821, 22.3070443], [70.7864569, 22.3070453], [70.7863517, 22.3070493], [70.7862133, 22.3070672], [70.7860043, 22.3071166], [70.7858969, 22.307142], [70.7857442, 22.3071781], [70.7856006, 22.307212], [70.7853418, 22.3072732], [70.7852876, 22.3072925], [70.7852402, 22.307308]]}}, {"type": "Feature", "properties": {"road_type": "secondary", "name": "Unnamed road", "major": true}, "geometry": {"type": "LineString", "coordinates": [[70.7989586, 22.2922891], [70.7988559, 22.292564]]}}, {"type": "Feature", "properties": {"road_type": "tertiary", "name": "Nana Mava Main Road", "major": false}, "geometry": {"type": "LineString", "coordinates": [[70.7779481, 22.2758672], [70.7778088, 22.2757843], [70.7774924, 22.275596], [70.7771656, 22.2754205], [70.7768061, 22.2752275], [70.776309, 22.2749606], [70.7757975, 22.2746817], [70.775757, 22.2746575], [70.7751826, 22.2743201], [70.7746103, 22.2739814], [70.7744518, 22.2738837], [70.7743803, 22.2738417], [70.7739913, 22.2736207], [70.7732454, 22.273211]]}}, {"type": "Feature", "properties": {"road_type": "tertiary", "name": "Unnamed road", "major": false}, "geometry": {"type": "LineString", "coordinates": [[70.778027, 22.2758578], [70.778008, 22.2758511], [70.7779877, 22.2758501], [70.777968, 22.2758549], [70.7779574, 22.2758602], [70.7779481, 22.2758672], [70.7779381, 22.2758788], [70.7779313, 22.2758922], [70.7779283, 22.2759068], [70.7779286, 22.275918], [70.7779311, 22.275929], [70.7779383, 22.2759435], [70.7779492, 22.2759558], [70.7779633, 22.2759651], [70.7779795, 22.2759706], [70.7779966, 22.2759722], [70.7780183, 22.275968], [70.7780372, 22.2759575], [70.7780514, 22.2759419], [70.778059, 22.2759236], [70.77806, 22.275904], [70.7780542, 22.2758851], [70.7780429, 22.2758695], [70.778027, 22.2758578]]}}, {"type": "Feature", "properties": {"road_type": "trunk", "name": "Nana Mava Circle Flyover", "major": true}, "geometry": {"type": "LineString", "coordinates": [[70.7767913, 22.2786102], [70.7769884, 22.2781369], [70.777441, 22.2770994], [70.7780168, 22.2759386], [70.7785909, 22.2747811], [70.7790439, 22.2737249], [70.7791762, 22.2734311]]}}, {"type": "Feature", "properties": {"road_type": "tertiary", "name": "Unnamed road", "major": false}, "geometry": {"type": "LineString", "coordinates": [[70.8005455, 22.269806], [70.8003091, 22.269787], [70.8001212, 22.2697764], [70.79939, 22.2697191], [70.7992723, 22.2697035]]}}, {"type": "Feature", "properties": {"road_type": "tertiary", "name": "Raiya Road", "major": false}, "geometry": {"type": "LineString", "coordinates": [[70.7986999, 22.2990449], [70.7984333, 22.2990512], [70.7983435, 22.2990508], [70.798256, 22.2990441], [70.798158, 22.299021], [70.7980492, 22.2989623], [70.7977112, 22.2987989], [70.7971477, 22.2986385], [70.7968193, 22.2985488], [70.7967159, 22.298525], [70.7966052, 22.2985177], [70.7964132, 22.298517], [70.7956724, 22.2985057], [70.7955542, 22.2985016], [70.794948, 22.2985298], [70.7943053, 22.2985598], [70.7942503, 22.2985653]]}}, {"type": "Feature", "properties": {"road_type": "trunk", "name": "150 Foot Ring Road", "major": true}, "geometry": {"type": "LineString", "coordinates": [[70.769761, 22.2942683], [70.7696929, 22.2946153]]}}, {"type": "Feature", "properties": {"road_type": "tertiary", "name": "Dr. Yagnik Road", "major": false}, "geometry": {"type": "LineString", "coordinates": [[70.7989565, 22.2919324], [70.798901, 22.291865], [70.7988417, 22.2917999], [70.7987604, 22.2917395], [70.7986678, 22.2916924], [70.7984068, 22.2915833], [70.7982292, 22.2915147], [70.7978623, 22.2913758], [70.7958264, 22.2906314], [70.795746, 22.290602], [70.795699, 22.2905858], [70.7955535, 22.2905238], [70.7953325, 22.2904763], [70.7951029, 22.2904475], [70.7950026, 22.2904366], [70.7948921, 22.2904298], [70.7947451, 22.2904341], [70.7946002, 22.2904552], [70.794453, 22.2904841], [70.7942614, 22.2905505], [70.7942062, 22.2905696], [70.7940072, 22.2906434], [70.7938314, 22.2907086], [70.793668, 22.2907686], [70.7934469, 22.2908622], [70.7932808, 22.2909568], [70.7931642, 22.2910353], [70.7930922, 22.2910898], [70.7930313, 22.291154], [70.7927988, 22.2914547], [70.7926731, 22.2916183], [70.7922847, 22.292095], [70.7918048, 22.2926739], [70.7916822, 22.2928068], [70.7913375, 22.2932064], [70.7912402, 22.29333], [70.791112, 22.2934966], [70.7910572, 22.2935949], [70.7910222, 22.2937212], [70.7909994, 22.2938093], [70.7909951, 22.2940204], [70.7909979, 22.294147], [70.7910236, 22.2943994], [70.791036, 22.2945343], [70.7910742, 22.2948236], [70.7911192, 22.2951406], [70.7912156, 22.2959843], [70.791251, 22.2962897], [70.7912633, 22.2963953], [70.791288, 22.2966815], [70.7913358, 22.2970705], [70.7913555, 22.2971985], [70.7913741, 22.2973828], [70.7914375, 22.2979243], [70.7914455, 22.2980621], [70.7914385, 22.2982386]]}}, {"type": "Feature", "properties": {"road_type": "tertiary", "name": "Dhebar Road", "major": false}, "geometry": {"type": "LineString", "coordinates": [[70.8002737, 22.2798993], [70.8002699, 22.2799624], [70.800246, 22.2803632], [70.8002404, 22.2804747], [70.8002028, 22.2815996], [70.800198, 22.2817297], [70.8002171, 22.2819127], [70.8002268, 22.2819736], [70.8002506, 22.2821233], [70.8002981, 22.282422], [70.8004149, 22.2831253], [70.8006433, 22.2843661], [70.8007541, 22.2851978], [70.8008425, 22.2858549], [70.8009178, 22.2864151], [70.8009925, 22.2869452], [70.8010688, 22.2875046], [70.8010972, 22.2876444], [70.8011094, 22.2877254], [70.8011748, 22.2881608], [70.8012159, 22.2884342], [70.8012733, 22.2888165], [70.801336, 22.2894444], [70.8013469, 22.2895144], [70.8016515, 22.2905541], [70.8023346, 22.2930048], [70.8026506, 22.2948181], [70.8026655, 22.294929], [70.8026955, 22.2951533], [70.802698, 22.2952263]]}}, {"type": "Feature", "properties": {"road_type": "trunk", "name": "Shahid Flyover", "major": true}, "geometry": {"type": "LineString", "coordinates": [[70.7684328, 22.3042739], [70.7684063, 22.3038382], [70.7683736, 22.303195], [70.7683647, 22.302207], [70.7683788, 22.3016579], [70.768388, 22.30144], [70.7683912, 22.3013402], [70.7683931, 22.301261], [70.7684154, 22.3010975], [70.7685027, 22.300681], [70.7689146, 22.2986921]]}}, {"type": "Feature", "properties": {"road_type": "tertiary", "name": "Unnamed road", "major": false}, "geometry": {"type": "LineString", "coordinates": [[70.7759466, 22.2898755], [70.7758798, 22.2898181], [70.7757455, 22.2897758], [70.7754448, 22.28969], [70.7749303, 22.2895406], [70.7743896, 22.2893847], [70.7741481, 22.2893192], [70.7739863, 22.2892756], [70.7717111, 22.2885985], [70.771428, 22.2885061], [70.7711283, 22.2884132]]}}, {"type": "Feature", "properties": {"road_type": "tertiary", "name": "Unnamed road", "major": false}, "geometry": {"type": "LineString", "coordinates": [[70.7707463, 22.2884482], [70.7710591, 22.2884965], [70.7710898, 22.2885012]]}}, {"type": "Feature", "properties": {"road_type": "tertiary", "name": "University Road", "major": false}, "geometry": {"type": "LineString", "coordinates": [[70.7711283, 22.2884132], [70.7710656, 22.2884043], [70.7708538, 22.28837], [70.770295, 22.2882924], [70.7699958, 22.2882553], [70.7697893, 22.2882297], [70.7691666, 22.2881601], [70.7685571, 22.2881101], [70.7683682, 22.2880784], [70.7682248, 22.2880543], [70.7677457, 22.2880119], [70.7676356, 22.2880021], [70.7671615, 22.2879415], [70.7670148, 22.2879373], [70.7666524, 22.2879295], [70.7658596, 22.2879083], [70.7651275, 22.2878857], [70.764541, 22.2878938], [70.7640419, 22.2878499], [70.762961, 22.2877297], [70.7623298, 22.2876815], [70.7623053, 22.2876796], [70.7622555, 22.2876802], [70.7616311, 22.2876873], [70.7608807, 22.2876892], [70.7605028, 22.2876817], [70.7599464, 22.2876751], [70.7598707, 22.287669], [70.7597821, 22.2876529]]}}, {"type": "Feature", "properties": {"road_type": "tertiary", "name": "University Road", "major": false}, "geometry": {"type": "LineString", "coordinates": [[70.7469529, 22.2860968], [70.7483919, 22.2865958], [70.7496871, 22.287043], [70.7499392, 22.2871001], [70.7502554, 22.2871645], [70.7503342, 22.2871805], [70.7507359, 22.2872763], [70.75212, 22.2875541], [70.7521531, 22.287564], [70.7521929, 22.2875707], [70.7530497, 22.2877383], [70.7533126, 22.2877772], [70.7534863, 22.2877821], [70.7545763, 22.2877738], [70.7549007, 22.2877707], [70.755211, 22.2877644], [70.7552753, 22.2877631], [70.7557368, 22.2877537], [70.7558618, 22.2877499], [70.7562857, 22.2877542], [70.7564338, 22.2877561], [70.7567779, 22.2877606], [70.7569875, 22.28776], [70.7572105, 22.2877596], [70.7575449, 22.2877604], [70.7575713, 22.2877605], [70.7576663, 22.2877607], [70.7578396, 22.2877639], [70.7578688, 22.2877644], [70.7581233, 22.2877691], [70.7581514, 22.2877691], [70.7583377, 22.2877692], [70.7586099, 22.2877693], [70.7590899, 22.2877694], [70.7592371, 22.2877546], [70.7593014, 22.2877414], [70.7593622, 22.2877151]]}}, {"type": "Feature", "properties": {"road_type": "tertiary", "name": "Unnamed road", "major": false}, "geometry": {"type": "LineString", "coordinates": [[70.7556685, 22.2862568], [70.7557163, 22.286111], [70.7558113, 22.2857354], [70.755851, 22.2855784], [70.7560059, 22.2849518], [70.7560247, 22.2848947], [70.7560583, 22.2848031], [70.7561159, 22.2846775], [70.7561687, 22.2845696], [70.7564566, 22.2839817], [70.7565703, 22.2837725], [70.7565993, 22.2837076], [70.7566888, 22.283532], [70.7568882, 22.2831308], [70.7571734, 22.2825541], [70.7572078, 22.2824867], [70.7574528, 22.2820001], [70.7577363, 22.281419], [70.7579774, 22.2809375], [70.7580545, 22.2808133], [70.7581239, 22.2807063], [70.7582241, 22.2805277], [70.7582577, 22.280456], [70.7582831, 22.2804036], [70.7584064, 22.2799931], [70.7584226, 22.2799213], [70.7584427, 22.2798514], [70.7584749, 22.2797248], [70.7585313, 22.2794856], [70.7585983, 22.2792384], [70.7586332, 22.2791403], [70.7586679, 22.2790656], [70.7586855, 22.2790276], [70.7591106, 22.2781711], [70.7593493, 22.2776536], [70.759415, 22.2775084], [70.7594821, 22.2773386], [70.7596725, 22.2768606], [70.7598121, 22.2765146], [70.7598998, 22.2763279], [70.7599623, 22.2762055]]}}, {"type": "Feature", "properties": {"road_type": "tertiary", "name": "Unnamed road", "major": false}, "geometry": {"type": "LineString", "coordinates": [[70.7495926, 22.2833382], [70.7496744, 22.2832783], [70.750078, 22.2827308], [70.7510594, 22.2813995], [70.7511599, 22.2812535], [70.7512256, 22.2811439], [70.7512762, 22.2810403], [70.751326, 22.2809028], [70.751367, 22.2807881], [70.7513834, 22.2807284], [70.751408, 22.2806387], [70.7515317, 22.2801805], [70.7517217, 22.2794845], [70.7517865, 22.2792503], [70.7518158, 22.2791383], [70.7518444, 22.2790272], [70.7518877, 22.2789157], [70.7519398, 22.2788161], [70.7519917, 22.2787284], [70.752007, 22.2787027], [70.7520719, 22.2786379], [70.75214, 22.2785647], [70.7525325, 22.2782254], [70.7528287, 22.2779693], [70.7535465, 22.2773319], [70.7539437, 22.2769708], [70.7551786, 22.2758262], [70.7552672, 22.2757503], [70.7553452, 22.2756861], [70.7554296, 22.2756312], [70.7555626, 22.275553]]}}, {"type": "Feature", "properties": {"road_type": "tertiary", "name": "Unnamed road", "major": false}, "geometry": {"type": "LineString", "coordinates": [[70.7303179, 22.2914255], [70.7305247, 22.2914381], [70.730606, 22.2914431], [70.7307337, 22.2914259], [70.7309151, 22.2913894], [70.731201, 22.2912779], [70.732405, 22.2908667], [70.7338396, 22.2903138], [70.7339643, 22.2902692], [70.734696, 22.2900076], [70.7347837, 22.2899763], [70.7351179, 22.2898804], [70.7353514, 22.2898352], [70.73553, 22.2898006], [70.735727, 22.2897624], [70.7358353, 22.2897381], [70.7364223, 22.2896474], [70.7374958, 22.2894323], [70.7380375, 22.2893237], [70.7383601, 22.2892494], [70.7386636, 22.2891795], [70.7389866, 22.2891056], [70.7393282, 22.2890308], [70.7396532, 22.2889484], [70.7399871, 22.2888824], [70.7403188, 22.2888168], [70.7406354, 22.2887736], [70.7409763, 22.2887604], [70.741339, 22.2887639], [70.7415607, 22.2887579], [70.7416305, 22.2887455], [70.7416639, 22.2887132], [70.7416839, 22.2886611], [70.7416875, 22.288449], [70.7416962, 22.2879338], [70.7417046, 22.2874361], [70.741706, 22.2873524], [70.7417098, 22.2870937], [70.7417438, 22.2865689], [70.7418619, 22.2863008], [70.7420013, 22.2860229], [70.7423589, 22.2855375], [70.7424841, 22.2853676], [70.7425914, 22.2852684], [70.7427094, 22.2852287], [70.7428489, 22.2852485], [70.7444475, 22.2855662], [70.7467385, 22.2860422], [70.7468088, 22.2860601], [70.7469529, 22.2860968]]}}, {"type": "Feature", "properties": {"road_type": "primary", "name": "Unnamed road", "major": true}, "geometry": {"type": "LineString", "coordinates": [[70.7340253, 22.2692876], [70.7352287, 22.2694487], [70.7366353, 22.2695984], [70.7370314, 22.269645], [70.7373735, 22.2697233], [70.7381326, 22.2698199], [70.7385058, 22.2698623], [70.7388052, 22.2699023], [70.73931, 22.2699649], [70.7396519, 22.2700095], [70.7407043, 22.2701407], [70.7413968, 22.2702314], [70.7414413, 22.2702372], [70.7420005, 22.2703103], [70.7423236, 22.2703526], [70.7428381, 22.2704243], [70.7443155, 22.2706182], [70.7450075, 22.270714], [70.7455236, 22.2707942], [70.7456636, 22.2708059], [70.7462535, 22.2708738]]}}, {"type": "Feature", "properties": {"road_type": "primary", "name": "Unnamed road", "major": true}, "geometry": {"type": "LineString", "coordinates": [[70.7462679, 22.2707764], [70.7457365, 22.2706975], [70.7456065, 22.2706752], [70.7443769, 22.2705214], [70.7438912, 22.2704641], [70.7433637, 22.2703955], [70.7416848, 22.2701775], [70.7414919, 22.2701525], [70.7414542, 22.2701476], [70.7413858, 22.2701387], [70.741113, 22.2701043], [70.7397794, 22.2699363], [70.7396497, 22.2699199], [70.7386869, 22.2697977], [70.7373843, 22.2696147], [70.7356766, 22.2694026], [70.7352278, 22.269336], [70.7339673, 22.2691862], [70.7337813, 22.2691598]]}}, {"type": "Feature", "properties": {"road_type": "primary", "name": "Unnamed road", "major": true}, "geometry": {"type": "LineString", "coordinates": [[70.7026372, 22.258717], [70.7014343, 22.2584255]]}}, {"type": "Feature", "properties": {"road_type": "primary", "name": "Unnamed road", "major": true}, "geometry": {"type": "LineString", "coordinates": [[70.7014343, 22.2584255], [70.7003659, 22.2581698], [70.7002027, 22.2581308], [70.6968464, 22.2573564]]}}, {"type": "Feature", "properties": {"road_type": "tertiary", "name": "Unnamed road", "major": false}, "geometry": {"type": "LineString", "coordinates": [[70.7001879, 22.2582717], [70.7002027, 22.2581308], [70.7004105, 22.2555486], [70.7003633, 22.2536408], [70.7003393, 22.2533925], [70.7003063, 22.2531841], [70.7002712, 22.2530388], [70.7002266, 22.2529238], [70.7001543, 22.2527792], [70.6999513, 22.2524149], [70.6998079, 22.2520931], [70.6995202, 22.2513201], [70.6989435, 22.2497542], [70.6985989, 22.2488187], [70.6984215, 22.2482587], [70.6983935, 22.248131], [70.6983506, 22.2474359], [70.6984042, 22.2470586], [70.6984257, 22.24685], [70.6988226, 22.2455293], [70.6992196, 22.2437021], [70.6991981, 22.2435829], [70.6991552, 22.2434836], [70.6987935, 22.2429904], [70.6985625, 22.2426375]]}}, {"type": "Feature", "properties": {"road_type": "tertiary", "name": "Unnamed road", "major": false}, "geometry": {"type": "LineString", "coordinates": [[70.7333574, 22.2408546], [70.7333624, 22.2408256], [70.7335904, 22.2404198], [70.7336377, 22.2403357], [70.7337675, 22.2400417], [70.7337852, 22.2399085], [70.73381, 22.2395644], [70.7337957, 22.2391476], [70.7337686, 22.2389707], [70.733754, 22.2388752], [70.7337494, 22.2388224], [70.7337498, 22.2382819], [70.7337557, 22.2379821], [70.7337343, 22.2376941], [70.7336163, 22.2371677], [70.7333593, 22.2363425], [70.7332728, 22.2361276], [70.7330494, 22.2356975], [70.7329064, 22.2354247]]}}, {"type": "Feature", "properties": {"road_type": "tertiary", "name": "Unnamed road", "major": false}, "geometry": {"type": "LineString", "coordinates": [[70.7310842, 22.2298088], [70.7305478, 22.2289149], [70.7304942, 22.2287958], [70.7304727, 22.2286269], [70.7305156, 22.228478], [70.7308926, 22.2276585], [70.730977, 22.2274749], [70.7313203, 22.2266903], [70.731528, 22.2262989], [70.7317678, 22.225847], [70.7318099, 22.2257537], [70.7318338, 22.2256682], [70.731835, 22.225584]]}}, {"type": "Feature", "properties": {"road_type": "tertiary", "name": "Unnamed road", "major": false}, "geometry": {"type": "LineString", "coordinates": [[70.731567, 22.230643], [70.7310842, 22.2298088]]}}, {"type": "Feature", "properties": {"road_type": "tertiary", "name": "Unnamed road", "major": false}, "geometry": {"type": "LineString", "coordinates": [[70.7401394, 22.2452612], [70.7400523, 22.245129], [70.7399785, 22.2450526], [70.7383607, 22.2437264], [70.7381009, 22.2435134], [70.7374296, 22.2429171], [70.7373071, 22.2428083], [70.7371314, 22.2426522], [70.7370388, 22.24257], [70.7366525, 22.2422324], [70.7364404, 22.2420889], [70.7362082, 22.2419586], [70.7359783, 22.2418736], [70.735724, 22.2417724], [70.7352745, 22.2416021], [70.7348013, 22.2413965], [70.7343153, 22.2412627], [70.7338375, 22.2410892], [70.7336692, 22.2410227], [70.7336283, 22.2410097], [70.7333839, 22.2409018], [70.7333635, 22.2408796], [70.7333574, 22.2408546]]}}, {"type": "Feature", "properties": {"road_type": "tertiary", "name": "Unnamed road", "major": false}, "geometry": {"type": "LineString", "coordinates": [[70.7433198, 22.2446797], [70.742847, 22.244761], [70.7427054, 22.2447854], [70.7405255, 22.2451638], [70.7403647, 22.2451917], [70.7401394, 22.2452612], [70.7400536, 22.2453307], [70.7400106, 22.2454399], [70.7399937, 22.2459226], [70.7399873, 22.2461683], [70.7399785, 22.2462572], [70.7399321, 22.2464648], [70.7398709, 22.2465484], [70.7387104, 22.2474893], [70.7382577, 22.2478563], [70.7379724, 22.2481601], [70.7373713, 22.2489353], [70.7372647, 22.2491479], [70.7372319, 22.2492134], [70.7370569, 22.249606], [70.7369103, 22.2499965], [70.7368909, 22.2500456], [70.7368083, 22.2502883], [70.7367477, 22.2504828], [70.7366847, 22.2506135], [70.7366311, 22.2507327], [70.7364916, 22.2508518], [70.7354928, 22.2517337], [70.7347787, 22.2523642], [70.7347187, 22.2524745], [70.7345263, 22.2534673], [70.7344421, 22.2539013], [70.7339931, 22.2561069]]}}, {"type": "Feature", "properties": {"road_type": "tertiary", "name": "Unnamed road", "major": false}, "geometry": {"type": "LineString", "coordinates": [[70.737938, 22.3428128], [70.7379507, 22.3430901], [70.7379477, 22.3445733], [70.7379078, 22.3457893], [70.7379131, 22.3462064], [70.7379291, 22.3462961], [70.7379831, 22.346463], [70.7380786, 22.3467239], [70.7381096, 22.3468086], [70.738176, 22.34699], [70.738522, 22.3478988], [70.7387264, 22.3483796], [70.7391778, 22.3491904], [70.739255, 22.3493802], [70.7392704, 22.349441], [70.7392784, 22.34956], [70.7392704, 22.3496791], [70.7392555, 22.3497456], [70.7392284, 22.3498668], [70.7391416, 22.3502546], [70.7387661, 22.3518621], [70.7385301, 22.352775], [70.7384966, 22.3529334], [70.7384335, 22.3532314], [70.7383906, 22.3535787], [70.7383155, 22.3538467], [70.7382361, 22.3540224], [70.7376583, 22.3549754], [70.7370817, 22.3559105], [70.7368027, 22.3562578], [70.7361268, 22.3571012], [70.7360295, 22.3572242], [70.7357048, 22.3576349], [70.7354508, 22.3579967], [70.7349135, 22.3587528], [70.7348098, 22.3588728], [70.7347409, 22.3589416], [70.7346665, 22.3590012], [70.7330422, 22.3599093], [70.7325125, 22.3602741], [70.7324334, 22.3603511], [70.7323878, 22.3604351], [70.732361, 22.3605244], [70.7323529, 22.3606633], [70.732513, 22.3614389]]}}, {"type": "Feature", "properties": {"road_type": "trunk", "name": "Unnamed road", "major": true}, "geometry": {"type": "LineString", "coordinates": [[70.7911655, 22.2512332], [70.7912326, 22.2511726], [70.7919818, 22.250498], [70.7931789, 22.2495093], [70.7933868, 22.2493269], [70.7936259, 22.249131], [70.7941401, 22.2487095], [70.7947681, 22.2481856], [70.7949363, 22.2480374], [70.7950553, 22.2479325], [70.7953786, 22.2476294]]}}, {"type": "Feature", "properties": {"road_type": "tertiary", "name": "Unnamed road", "major": false}, "geometry": {"type": "LineString", "coordinates": [[70.7953031, 22.2551025], [70.7949985, 22.2551259], [70.7945543, 22.2551453], [70.7944476, 22.2560603], [70.7943945, 22.2565439], [70.7943371, 22.2570669], [70.7943071, 22.2573407], [70.794263, 22.2577427], [70.7942131, 22.2583285], [70.7941627, 22.2589221], [70.7940806, 22.2598869], [70.794058, 22.260124], [70.7940244, 22.2604765], [70.7939904, 22.2608339], [70.7939421, 22.2613412], [70.7938909, 22.2618784], [70.7938818, 22.2619741]]}}, {"type": "Feature", "properties": {"road_type": "tertiary", "name": "Unnamed road", "major": false}, "geometry": {"type": "LineString", "coordinates": [[70.7953031, 22.2551025], [70.7952953, 22.2542494], [70.7953089, 22.2537065], [70.7953178, 22.2533541], [70.7952746, 22.2530121], [70.7952712, 22.2529603], [70.7952444, 22.2525486], [70.7952646, 22.2524209], [70.7952454, 22.2520491], [70.7952844, 22.2517596], [70.7952396, 22.2515262], [70.7950702, 22.2509484], [70.7950589, 22.2509085], [70.7949907, 22.2506677], [70.7949516, 22.2505522], [70.7946684, 22.2497149], [70.7945681, 22.2494182], [70.7945058, 22.2492966], [70.7943974, 22.249014], [70.7941401, 22.2487095]]}}, {"type": "Feature", "properties": {"road_type": "secondary", "name": "Unnamed road", "major": true}, "geometry": {"type": "LineString", "coordinates": [[70.8000421, 22.246782], [70.8000746, 22.2469984], [70.8001299, 22.2474821], [70.8001334, 22.2476854], [70.8001389, 22.2479218], [70.8001414, 22.248161], [70.8001438, 22.2484663], [70.8001427, 22.2486486], [70.8001424, 22.2488175], [70.8001397, 22.2489442]]}}, {"type": "Feature", "properties": {"road_type": "tertiary", "name": "Unnamed road", "major": false}, "geometry": {"type": "LineString", "coordinates": [[70.8017396, 22.2225388], [70.8016576, 22.2225289], [70.8015788, 22.2225126], [70.8014884, 22.2224743], [70.8009417, 22.2221697], [70.8007189, 22.2220202], [70.8005642, 22.22189], [70.8004332, 22.2217355], [70.8002977, 22.2216005], [70.7999473, 22.2212919], [70.7996653, 22.2210434], [70.7996279, 22.2210131], [70.7993735, 22.2208462], [70.7990877, 22.2206586], [70.7986036, 22.2203099], [70.7982255, 22.2200386], [70.7980788, 22.2199277], [70.7977386, 22.2197028], [70.7965904, 22.2190091], [70.7964119, 22.2189111], [70.7962457, 22.2188346], [70.7960606, 22.2187622], [70.7955247, 22.2186286], [70.7941997, 22.2182982], [70.7935622, 22.2181393], [70.7932464, 22.2180083], [70.7930962, 22.2178758], [70.7929958, 22.2177299], [70.7921499, 22.2157888], [70.791753, 22.2152226], [70.7912821, 22.2146646], [70.7894284, 22.2124678], [70.7884592, 22.2113191], [70.7884069, 22.2112604], [70.7874238, 22.2101574], [70.7863652, 22.2088739], [70.7850475, 22.2073364], [70.7847637, 22.2070805], [70.7845538, 22.2069202], [70.7842003, 22.2067133]]}}, {"type": "Feature", "properties": {"road_type": "primary", "name": "Bhavnagar ROad, Patel Vadi", "major": true}, "geometry": {"type": "LineString", "coordinates": [[70.8117461, 22.3057812], [70.8117347, 22.3057266], [70.8117321, 22.3056819], [70.811727, 22.3056395], [70.8117273, 22.3055674], [70.811732, 22.3054565], [70.8117526, 22.3053197], [70.8117632, 22.3052273], [70.811773, 22.3051422], [70.8119019, 22.3045263], [70.8119281, 22.3044012], [70.8119532, 22.3043184], [70.811969, 22.3042525], [70.8121692, 22.3037346], [70.8123444, 22.3032914], [70.8124473, 22.3030362], [70.81256, 22.3027618], [70.8126798, 22.3025781], [70.8128272, 22.302352], [70.8129697, 22.3021335], [70.8130387, 22.3020408], [70.8131441, 22.3019142], [70.8132042, 22.3018449], [70.8133556, 22.3016703], [70.8134649, 22.3015492], [70.8136189, 22.301354], [70.8136813, 22.3012511], [70.8138316, 22.3009743], [70.8140728, 22.3003942], [70.8141002, 22.3003408], [70.8141239, 22.3002846], [70.8141628, 22.3001738], [70.8141916, 22.3000831], [70.8142266, 22.2999878], [70.814328, 22.2996963], [70.8144643, 22.2993564], [70.81459, 22.2990699], [70.8147909, 22.2985547], [70.8148716, 22.2983836], [70.8150233, 22.2981587], [70.8151141, 22.2980107], [70.815289, 22.2977848], [70.8154706, 22.2976127], [70.8157218, 22.2974018], [70.8158214, 22.2973334], [70.8159225, 22.2972639], [70.8160045, 22.2972236], [70.8165126, 22.297017], [70.8165456, 22.2970069], [70.8166477, 22.2969758], [70.8168849, 22.2968966], [70.8171873, 22.2967635], [70.8173224, 22.2966955], [70.8174754, 22.2965924], [70.8178575, 22.2962974], [70.8183924, 22.2959257], [70.8185725, 22.2957979], [70.8186997, 22.295695], [70.8189799, 22.2954828], [70.8191924, 22.295323], [70.8193482, 22.2951985], [70.8194773, 22.2950751], [70.8196762, 22.294882], [70.819897, 22.2946708], [70.8200709, 22.2945063], [70.8202609, 22.2943423], [70.8203178, 22.2942933], [70.820743, 22.2939197], [70.8207626, 22.2939034], [70.8208068, 22.2938577], [70.8208766, 22.2937879], [70.8209769, 22.2936809], [70.8216147, 22.2930595], [70.8217776, 22.2929145], [70.8220326, 22.292641], [70.8222894, 22.2923698], [70.8223279, 22.292326], [70.8226714, 22.29199], [70.8227744, 22.291864], [70.8231708, 22.2914536], [70.8236386, 22.2909829], [70.8237642, 22.2908387], [70.8241284, 22.290482], [70.8243528, 22.2902583], [70.8247326, 22.2898361], [70.824972, 22.2896042], [70.8251612, 22.2894044], [70.8252226, 22.2893363], [70.8254409, 22.2890988], [70.8261201, 22.2883209], [70.8261795, 22.2882555], [70.826236, 22.2881892], [70.8263994, 22.288004], [70.8267531, 22.2875993], [70.8272989, 22.2870032], [70.8275095, 22.2867826], [70.8276826, 22.2866215], [70.8282537, 22.286153], [70.8296212, 22.2850731]]}}, {"type": "Feature", "properties": {"road_type": "tertiary", "name": "Unnamed road", "major": false}, "geometry": {"type": "LineString", "coordinates": [[70.9529646, 22.219662], [70.952978, 22.2197293], [70.953261, 22.2211462], [70.9532861, 22.221361], [70.9532938, 22.2214517], [70.9532938, 22.221497], [70.9532921, 22.221578], [70.9532838, 22.2216292], [70.9532727, 22.2216714], [70.9532583, 22.2217026], [70.9532449, 22.2217254], [70.9532154, 22.221762], [70.9531745, 22.2218055], [70.9530611, 22.2219327], [70.9528057, 22.2222083], [70.9526709, 22.2223524], [70.9523731, 22.2226118], [70.9522203, 22.2227223], [70.9520238, 22.2228781], [70.951885, 22.2230023], [70.9517992, 22.2230861], [70.9516999, 22.2231941], [70.9515759, 22.223358], [70.9513593, 22.2236491], [70.951203, 22.2238912], [70.951083, 22.2240793], [70.9508771, 22.2243909], [70.950739, 22.2245914], [70.950682, 22.2246795], [70.9506357, 22.224772], [70.9506143, 22.2248241], [70.9505821, 22.2249235], [70.9505707, 22.2250271], [70.950566, 22.2251078], [70.9505774, 22.2252028], [70.9505915, 22.2253294], [70.9506123, 22.225538], [70.9506109, 22.2256063], [70.9505982, 22.2256777], [70.9505707, 22.2257534], [70.9505452, 22.2258006], [70.9504312, 22.2259489], [70.9503528, 22.2260309], [70.9501804, 22.2261786], [70.9500497, 22.2262891], [70.9499759, 22.2263555], [70.949874, 22.2264517], [70.9497359, 22.2265982], [70.9496366, 22.2266975], [70.9495381, 22.2267894], [70.9493469, 22.2269439], [70.9491692, 22.2270718], [70.9488863, 22.2272543], [70.94873, 22.2273636], [70.9486523, 22.2274163], [70.9485939, 22.2274591], [70.948543, 22.2275051], [70.9484645, 22.2275883], [70.9483512, 22.2277422], [70.94827, 22.2278719], [70.9482197, 22.2279464], [70.9481708, 22.228001], [70.9480306, 22.2281568], [70.9479334, 22.2282456], [70.9476219, 22.2285252], [70.9475029, 22.2286394], [70.9470884, 22.2290477], [70.9464119, 22.2297073], [70.9459578, 22.2301617], [70.9457702, 22.2303493], [70.9456411, 22.2304874], [70.9455594, 22.2305764], [70.945532, 22.23061], [70.9455027, 22.2306385], [70.9454694, 22.2306526], [70.9454218, 22.2306548], [70.9453252, 22.2306413], [70.9450536, 22.2306045], [70.9449858, 22.2306001], [70.9449268, 22.2306017], [70.9448558, 22.2306079], [70.9447281, 22.2306368], [70.9446836, 22.2306361], [70.9446528, 22.2306306], [70.9446116, 22.2306171], [70.9445811, 22.2306011], [70.9445545, 22.2305833], [70.9445062, 22.230535], [70.9444443, 22.230482], [70.944288, 22.23036], [70.9440672, 22.2302277], [70.944024, 22.2302019], [70.9436956, 22.2300348], [70.943427, 22.2298981], [70.9432524, 22.2298091], [70.9431432, 22.2297692], [70.9430594, 22.2297517], [70.9429519, 22.2297387], [70.9425167, 22.2297366], [70.9424144, 22.2297361], [70.9420367, 22.2297394], [70.9418394, 22.229744], [70.9413999, 22.2297449], [70.9413166, 22.2297457], [70.9412239, 22.2297335], [70.941152, 22.229717], [70.9410882, 22.2296926], [70.9410363, 22.2296669], [70.940982, 22.2296327], [70.9409493, 22.2296094], [70.939111, 22.2282642], [70.9385913, 22.2278744], [70.9385028, 22.2278185], [70.9384324, 22.2277856], [70.9383734, 22.2277602], [70.9383237, 22.227741], [70.9382734, 22.227723], [70.9382138, 22.2277093], [70.9380307, 22.2276789], [70.9378101, 22.2276485], [70.937515, 22.2276125], [70.9372039, 22.2275789], [70.9367882, 22.2275305], [70.9363855, 22.2274855], [70.9361307, 22.2274545], [70.9359235, 22.2274287], [70.9357894, 22.2274101], [70.9357106, 22.2273918], [70.9356791, 22.2273797], [70.9356412, 22.2273601], [70.9355906, 22.2273275], [70.935551, 22.2272919], [70.9355161, 22.2272534], [70.9354947, 22.2272258], [70.9354816, 22.2272], [70.9354548, 22.2271497], [70.935381, 22.2269862], [70.935144, 22.2264505], [70.9345857, 22.2253757], [70.9344354, 22.2251572], [70.9315161, 22.2220027], [70.93145, 22.221937], [70.9313744, 22.2218777], [70.9312935, 22.2218333], [70.9312249, 22.221804], [70.9311555, 22.221794], [70.9310997, 22.221794], [70.9310071, 22.2218108], [70.9309115, 22.2218407], [70.930254, 22.222092], [70.9286959, 22.2226876], [70.9273052, 22.2232115], [70.9268539, 22.2233741], [70.9267975, 22.2233905], [70.9266917, 22.2234213], [70.9266078, 22.2234399], [70.9265515, 22.2234511], [70.9264858, 22.2234573], [70.9263195, 22.2234678], [70.9260258, 22.2234734], [70.9252278, 22.2234933], [70.9243548, 22.2235355], [70.9239498, 22.2235585], [70.9233779, 22.2235836], [70.922058, 22.2237434], [70.9217458, 22.2237812], [70.9200967, 22.2239956], [70.9185614, 22.2242103], [70.9184455, 22.2242171], [70.9183501, 22.2242119], [70.9182396, 22.2241992], [70.9181336, 22.2241837]]}}, {"type": "Feature", "properties": {"road_type": "primary", "name": "Unnamed road", "major": true}, "geometry": {"type": "LineString", "coordinates": [[70.914937, 22.2257311], [70.9173934, 22.2248473], [70.9176203, 22.224751], [70.9177, 22.22471], [70.9177828, 22.2246574], [70.9178675, 22.2245948], [70.9179554, 22.2245179], [70.9180262, 22.2244515], [70.9181033, 22.2243651], [70.9182396, 22.2241992], [70.9205767, 22.2215942], [70.9206892, 22.2214674], [70.9207484, 22.2214011], [70.9215294, 22.2205305], [70.9224245, 22.2195178], [70.9252241, 22.2163854], [70.9255002, 22.2160616], [70.9256716, 22.2158523], [70.9258344, 22.2155786], [70.9273554, 22.2123821], [70.9277386, 22.2116282], [70.9289441, 22.209257], [70.9290983, 22.2089488], [70.9292247, 22.2087371], [70.929459, 22.2084434], [70.9296519, 22.2082655], [70.9308647, 22.2072301], [70.9311509, 22.2069724], [70.9313392, 22.2067984], [70.931449, 22.2066968], [70.9316997, 22.2064478], [70.9319165, 22.2061788], [70.9320528, 22.2059963], [70.9320942, 22.2059259], [70.9322873, 22.2055932], [70.9328459, 22.2046451], [70.9329118, 22.2045308], [70.9347971, 22.2011638], [70.93496, 22.2008841], [70.9353629, 22.20019], [70.9354464, 22.2000462], [70.9370378, 22.1972977]]}}, {"type": "Feature", "properties": {"road_type": "primary", "name": "Unnamed road", "major": true}, "geometry": {"type": "LineString", "coordinates": [[70.9144958, 22.2258927], [70.914937, 22.2257311]]}}, {"type": "Feature", "properties": {"road_type": "tertiary", "name": "Unnamed road", "major": false}, "geometry": {"type": "LineString", "coordinates": [[70.920846, 22.2977014], [70.9206242, 22.2968247], [70.9206073, 22.2967579], [70.9202903, 22.2955051], [70.9201482, 22.2950272], [70.9200825, 22.2948317], [70.91998, 22.2946521], [70.9198648, 22.2944959], [70.9191911, 22.2937324], [70.9189265, 22.2934472], [70.9188361, 22.2933502], [70.9187912, 22.2933106], [70.9186355, 22.2931734], [70.9180268, 22.2927147], [70.9177929, 22.2925534], [70.9176123, 22.2924614], [70.9174343, 22.292385], [70.9172079, 22.2923079], [70.9170396, 22.2922623], [70.9154594, 22.2918771], [70.9153618, 22.2918407], [70.9152849, 22.2917917], [70.9152239, 22.291703], [70.9151972, 22.2915884], [70.9151631, 22.2913314], [70.9150946, 22.2907322], [70.9150752, 22.2905626], [70.9150558, 22.2903714], [70.9150422, 22.2901553], [70.9150379, 22.2899436], [70.915036, 22.289733], [70.9150375, 22.2894613], [70.9150325, 22.2887685], [70.9150254, 22.2879834], [70.9150254, 22.2878433], [70.9150059, 22.287716], [70.9149523, 22.2875735], [70.914841, 22.2873515], [70.9147313, 22.287148], [70.9146272, 22.2869376], [70.9145599, 22.2868166]]}}, {"type": "Feature", "properties": {"road_type": "tertiary", "name": "Unnamed road", "major": false}, "geometry": {"type": "LineString", "coordinates": [[70.8418853, 22.3191878], [70.8414081, 22.3187839]]}}, {"type": "Feature", "properties": {"road_type": "tertiary", "name": "Unnamed road", "major": false}, "geometry": {"type": "LineString", "coordinates": [[70.8487207, 22.3228545], [70.8473123, 22.3216811], [70.8471689, 22.3215607], [70.8469807, 22.3214026], [70.846775, 22.3212297], [70.845762, 22.3203785], [70.8456848, 22.3203309], [70.8454723, 22.3201999], [70.8451719, 22.3200708], [70.8450666, 22.3200371], [70.844893, 22.3199815], [70.8447194, 22.3199422], [70.8446016, 22.3199155], [70.8443314, 22.3198543], [70.8427064, 22.3195358], [70.8425823, 22.3195103], [70.8424037, 22.3194638], [70.8423225, 22.3194405], [70.8422789, 22.3194227], [70.8422413, 22.3194073], [70.8421125, 22.3193455], [70.8419936, 22.3192691], [70.8418853, 22.3191878]]}}, {"type": "Feature", "properties": {"road_type": "tertiary", "name": "Unnamed road", "major": false}, "geometry": {"type": "LineString", "coordinates": [[70.8414081, 22.3187839], [70.8413528, 22.3187334], [70.8412855, 22.3186722], [70.8411978, 22.3185843], [70.8411293, 22.3184994], [70.8410633, 22.3183995], [70.8410384, 22.3183573], [70.8409786, 22.3182557], [70.840781, 22.317884], [70.8406923, 22.3177172], [70.8403548, 22.3170779], [70.8402581, 22.3168948], [70.8401277, 22.316703], [70.8400757, 22.3166368], [70.8399886, 22.316553], [70.8398719, 22.3164581], [70.839659, 22.316332], [70.8396037, 22.3162993], [70.8395163, 22.3162542], [70.8392151, 22.3160987], [70.8389413, 22.3159573], [70.8386236, 22.3157933], [70.8383203, 22.3156367], [70.8379899, 22.3154661], [70.8379094, 22.3154246], [70.836778, 22.3148012], [70.8362864, 22.3145289], [70.8354447, 22.314089], [70.8352005, 22.3139898], [70.8349619, 22.3139036], [70.8347197, 22.3138408], [70.8345381, 22.3138201], [70.8344803, 22.3138178], [70.8343318, 22.3138085]]}}, {"type": "Feature", "properties": {"road_type": "tertiary", "name": "Unnamed road", "major": false}, "geometry": {"type": "LineString", "coordinates": [[70.8613645, 22.3420539], [70.8613123, 22.3419435], [70.8611789, 22.3418063], [70.8610436, 22.3417017], [70.8607825, 22.3415533], [70.8602453, 22.3412481], [70.860009, 22.3411138], [70.8596818, 22.3409163], [70.8594031, 22.3407445], [70.8593613, 22.3406996], [70.8593343, 22.3406412], [70.8593091, 22.3405552], [70.8592436, 22.3401616], [70.8592179, 22.3399328], [70.8591833, 22.3396218], [70.8591518, 22.3393775], [70.8589985, 22.3384224]]}}, {"type": "Feature", "properties": {"road_type": "tertiary", "name": "Unnamed road", "major": false}, "geometry": {"type": "LineString", "coordinates": [[70.9284006, 22.3773829], [70.9282668, 22.377366], [70.9279305, 22.3772692], [70.9276874, 22.3771577], [70.9272904, 22.3769096], [70.9268613, 22.3765723], [70.9262819, 22.3762052], [70.9259386, 22.3759374], [70.9256489, 22.375739], [70.9254129, 22.3756298], [70.9252198, 22.3756001], [70.9239636, 22.3756281], [70.9226019, 22.3756894], [70.9220042, 22.3756809], [70.9218215, 22.3756548], [70.9217436, 22.3756398], [70.921572, 22.3755802], [70.9210892, 22.3753024], [70.9210328, 22.3752691], [70.9209598, 22.3752512], [70.9208853, 22.375233], [70.9207164, 22.3752156], [70.9205742, 22.3752131], [70.9204913, 22.3752194], [70.920418, 22.3752249], [70.9202939, 22.3752516], [70.9201262, 22.3752653], [70.9200471, 22.3752575], [70.9199251, 22.3752454], [70.9196036, 22.3751909], [70.919554, 22.3751834], [70.9194002, 22.3751632], [70.9192264, 22.3751293], [70.9189819, 22.3750827], [70.9189153, 22.37507], [70.9186702, 22.3750336], [70.9185549, 22.3750195]]}}, {"type": "Feature", "properties": {"road_type": "tertiary", "name": "Unnamed road", "major": false}, "geometry": {"type": "LineString", "coordinates": [[70.8691938, 22.3503586], [70.8692572, 22.3499584]]}}, {"type": "Feature", "properties": {"road_type": "tertiary", "name": "Unnamed road", "major": false}, "geometry": {"type": "LineString", "coordinates": [[70.8692572, 22.3499584], [70.8692822, 22.3497687], [70.8692747, 22.349327], [70.8692519, 22.3492543], [70.8692128, 22.3491928], [70.8691084, 22.3491296], [70.8682005, 22.3488168], [70.8680848, 22.3487595], [70.8679887, 22.3486839], [70.8669682, 22.347709]]}}, {"type": "Feature", "properties": {"road_type": "tertiary", "name": "Unnamed road", "major": false}, "geometry": {"type": "LineString", "coordinates": [[70.8608172, 22.3530407], [70.8608236, 22.3528499]]}}, {"type": "Feature", "properties": {"road_type": "tertiary", "name": "Unnamed road", "major": false}, "geometry": {"type": "LineString", "coordinates": [[70.8608578, 22.3525498], [70.8608758, 22.3524267], [70.8609616, 22.3518397], [70.8610292, 22.351341], [70.8611162, 22.3509576], [70.8612279, 22.350611], [70.8616622, 22.3497732], [70.8617802, 22.3495747], [70.8619089, 22.3492572], [70.8620484, 22.3488305], [70.8620689, 22.348714], [70.8621235, 22.3484038], [70.8621235, 22.3480764], [70.8619992, 22.3474758]]}}, {"type": "Feature", "properties": {"road_type": "tertiary", "name": "Unnamed road", "major": false}, "geometry": {"type": "LineString", "coordinates": [[70.863043, 22.3582373], [70.8628084, 22.3580477], [70.8627215, 22.3579694]]}}, {"type": "Feature", "properties": {"road_type": "tertiary", "name": "Unnamed road", "major": false}, "geometry": {"type": "LineString", "coordinates": [[70.8623728, 22.3574994], [70.8621943, 22.357055], [70.8620839, 22.3567445], [70.8618746, 22.3564283], [70.8616969, 22.3561961], [70.8612698, 22.3557182], [70.861088, 22.3554625], [70.8610204, 22.355341], [70.8609325, 22.3551523], [70.8608998, 22.3550896], [70.860801, 22.3548998], [70.8606826, 22.3545659], [70.8606527, 22.3544412], [70.8606481, 22.3543446], [70.8606676, 22.3541253], [70.8607435, 22.3537287], [70.8607903, 22.3534235], [70.8608032, 22.3532716], [70.8608172, 22.3530407]]}}, {"type": "Feature", "properties": {"road_type": "tertiary", "name": "Unnamed road", "major": false}, "geometry": {"type": "LineString", "coordinates": [[70.9382644, 22.3622952], [70.9380748, 22.3623836], [70.937837, 22.3625017], [70.9376295, 22.3625842], [70.9373675, 22.3626624], [70.9369035, 22.3627914], [70.9365173, 22.3629278], [70.9360345, 22.3631188], [70.93569, 22.36328], [70.934857, 22.3637427], [70.9345807, 22.3639002], [70.9342207, 22.3640621], [70.9338875, 22.3642216], [70.9336661, 22.3643629], [70.9332312, 22.3645949], [70.9327338, 22.3648311], [70.9322236, 22.3650428], [70.931751, 22.3652545], [70.9315766, 22.3653562], [70.9313996, 22.3654802], [70.9310563, 22.3657283], [70.9309385, 22.3658124], [70.9308377, 22.3658953], [70.9306378, 22.3660557], [70.9304514, 22.3661634], [70.9303621, 22.366215], [70.9299937, 22.3664256], [70.929649, 22.3666298], [70.9288785, 22.3670861], [70.927643, 22.3678538], [70.9274138, 22.3680153], [70.9270814, 22.3683095], [70.9270453, 22.3683362], [70.9264348, 22.3687891], [70.9260834, 22.3690619], [70.9259837, 22.3691555], [70.9258566, 22.3692748], [70.9257399, 22.3693533], [70.9256314, 22.3693967], [70.9255088, 22.3694227], [70.9253756, 22.3694282], [70.9252496, 22.3694358], [70.9251412, 22.3694619], [70.9250408, 22.3694906], [70.9243561, 22.369739], [70.9230483, 22.3703806], [70.9229184, 22.3704634], [70.9228474, 22.3705166], [70.9227226, 22.3706319], [70.9225901, 22.3707498], [70.9224335, 22.3708801], [70.9221684, 22.3710383], [70.9219275, 22.3711864], [70.921612, 22.371412], [70.9212242, 22.3717002], [70.9206304, 22.3720298], [70.9203791, 22.3721673], [70.9202137, 22.3722932], [70.9200856, 22.3724242], [70.9199551, 22.3725918], [70.9197242, 22.3729564], [70.9195469, 22.3732566], [70.919449, 22.3733734], [70.9193488, 22.3734635], [70.9192331, 22.3735794], [70.919136, 22.3737146], [70.9190332, 22.3738879], [70.9189968, 22.3739848], [70.9189756, 22.374089], [70.9189629, 22.3742135], [70.9189803, 22.3748732], [70.9189819, 22.3750827]]}}, {"type": "Feature", "properties": {"road_type": "tertiary", "name": "Unnamed road", "major": false}, "geometry": {"type": "LineString", "coordinates": [[70.9379664, 22.2945668], [70.9378057, 22.2946024], [70.9376194, 22.2946501], [70.9371258, 22.2947696], [70.9366759, 22.2948764], [70.9364298, 22.2949306], [70.9362875, 22.294962], [70.9355273, 22.2950832], [70.935055, 22.2951473], [70.9345225, 22.2952169], [70.9341723, 22.2952815], [70.9340079, 22.2953188], [70.9331894, 22.2955044], [70.9330461, 22.295542], [70.932914, 22.2956005], [70.9328231, 22.2956594], [70.9327628, 22.2957268], [70.9327419, 22.2957501], [70.9326717, 22.2958586], [70.9326018, 22.2959688], [70.932578, 22.2960183], [70.9325417, 22.2960939], [70.932468, 22.2962607], [70.9323375, 22.2965434], [70.9322642, 22.2966981], [70.9321357, 22.296969], [70.9320217, 22.2972214], [70.9319876, 22.2972969], [70.9319058, 22.2974781], [70.9318937, 22.2975049], [70.9317504, 22.2978305], [70.9316494, 22.2980825], [70.9315473, 22.2982371], [70.9314811, 22.2983101], [70.9313914, 22.2983863], [70.9312678, 22.2984513], [70.9310277, 22.2985604], [70.9308239, 22.2986452], [70.9306439, 22.2987007], [70.9304719, 22.2987305], [70.930332, 22.2987209], [70.9290142, 22.2984503], [70.9274417, 22.2981274], [70.9265885, 22.2979533], [70.9251593, 22.2976618], [70.9242932, 22.2974851], [70.9234485, 22.2973186], [70.9232946, 22.2973009], [70.9231682, 22.2972911], [70.923037, 22.297296], [70.9229284, 22.2973062], [70.9219255, 22.2974911], [70.920846, 22.2977014], [70.9190527, 22.2980571], [70.9174508, 22.2983673], [70.9160779, 22.2986338], [70.915991, 22.298661], [70.9159115, 22.2986924], [70.9158454, 22.2987413], [70.9157809, 22.2988245], [70.9156893, 22.2989673], [70.9154206, 22.2994433], [70.9150605, 22.3000521], [70.9150096, 22.30013], [70.9141249, 22.3016168], [70.9127032, 22.3039699]]}}, {"type": "Feature", "properties": {"road_type": "secondary", "name": "Unnamed road", "major": true}, "geometry": {"type": "LineString", "coordinates": [[70.8160408, 22.2580546], [70.8158395, 22.2584071], [70.8157556, 22.2587224], [70.8156678, 22.2590401], [70.8155958, 22.2593005], [70.8155881, 22.2593254], [70.8154739, 22.2597413], [70.8154693, 22.2597637], [70.8154434, 22.2598593], [70.8153619, 22.2601442], [70.8153454, 22.2602025], [70.815255, 22.2605328], [70.8152449, 22.2605694], [70.815218, 22.2606668], [70.8151494, 22.2609146], [70.815044, 22.2612959], [70.8150224, 22.2613675], [70.8150188, 22.2613869], [70.8149592, 22.2616026], [70.8149257, 22.2617238], [70.8148802, 22.2618884], [70.8147609, 22.2623199], [70.8146106, 22.2628622], [70.8145962, 22.2629142], [70.8145807, 22.2629714], [70.8144333, 22.2635045], [70.8144102, 22.2635982], [70.8143425, 22.263872], [70.8142527, 22.2643236], [70.8142209, 22.26445], [70.8141731, 22.2647483], [70.8140313, 22.2654992], [70.8139905, 22.2657237], [70.8139332, 22.2660439], [70.8138513, 22.2665514], [70.813837, 22.2666663], [70.8137824, 22.2669422], [70.8137498, 22.2670831], [70.8136959, 22.2673678], [70.8135841, 22.2678769], [70.8135177, 22.2680864], [70.8131871, 22.2690667], [70.8131724, 22.2691192]]}}, {"type": "Feature", "properties": {"road_type": "tertiary", "name": "Unnamed road", "major": false}, "geometry": {"type": "LineString", "coordinates": [[70.8221565, 22.2468924], [70.8216831, 22.2473184]]}}, {"type": "Feature", "properties": {"road_type": "tertiary", "name": "Unnamed road", "major": false}, "geometry": {"type": "LineString", "coordinates": [[70.8267449, 22.2356877], [70.8267019, 22.235897], [70.8266618, 22.2360372], [70.8265589, 22.2363335], [70.826237, 22.2372454], [70.8261669, 22.2374321], [70.8260899, 22.2375913], [70.8259148, 22.2379067], [70.8258895, 22.2379686], [70.8258626, 22.2380668], [70.825802, 22.2383616], [70.8257823, 22.2385108], [70.8257582, 22.2387853], [70.8257357, 22.2389986], [70.8257289, 22.2390514], [70.8257123, 22.23918], [70.8256864, 22.2393801], [70.825658, 22.2395344], [70.8256507, 22.2395738], [70.8256151, 22.239699], [70.8255465, 22.2398739], [70.825465, 22.2400858], [70.8253772, 22.2403007], [70.825221, 22.2405969], [70.8250601, 22.2408755], [70.8249181, 22.2410778], [70.8248515, 22.2411548], [70.8246937, 22.2413212], [70.8246524, 22.2413683], [70.8246142, 22.2414241], [70.8245956, 22.2414822], [70.8245833, 22.241552], [70.8245215, 22.242778], [70.8245181, 22.2428494], [70.8245126, 22.242909], [70.8245003, 22.2431374], [70.8244862, 22.2432638], [70.8244661, 22.2433738], [70.8244309, 22.24349], [70.8243882, 22.24358], [70.8243135, 22.2437166], [70.8242152, 22.243872], [70.8241573, 22.2439544], [70.8240655, 22.2440649], [70.8239858, 22.2441408], [70.8237216, 22.2443467], [70.8236496, 22.2443985], [70.8233411, 22.2446204], [70.823031, 22.2448457], [70.8228898, 22.2449519], [70.8228189, 22.2450203], [70.8227481, 22.2451076], [70.8226814, 22.2452303], [70.8225745, 22.245453], [70.8225269, 22.2455753], [70.8225065, 22.245682], [70.8225014, 22.2457787], [70.8225169, 22.2459896], [70.8225347, 22.246132], [70.8225341, 22.246191], [70.8225234, 22.2462475], [70.8225059, 22.2462996], [70.8224196, 22.2464953], [70.8223421, 22.2466408], [70.8222981, 22.2467072], [70.8222854, 22.2467263], [70.8222056, 22.2468292], [70.8221565, 22.2468924]]}}, {"type": "Feature", "properties": {"road_type": "tertiary", "name": "Unnamed road", "major": false}, "geometry": {"type": "LineString", "coordinates": [[70.8216831, 22.2473184], [70.8215056, 22.247477], [70.8214545, 22.2475227], [70.8213692, 22.247599], [70.8213189, 22.2476612], [70.8212653, 22.2477517], [70.8212111, 22.2478688], [70.8211162, 22.2481206], [70.8210904, 22.2481864], [70.8210648, 22.2482519], [70.8210241, 22.248318], [70.8209597, 22.248381], [70.8209064, 22.2484138], [70.8208395, 22.248442], [70.8208035, 22.248451], [70.8205631, 22.2484828], [70.8201732, 22.2485343], [70.8200656, 22.2485545], [70.819999, 22.2485734], [70.8199511, 22.2486053], [70.8199038, 22.2486548], [70.8194985, 22.249241], [70.8194484, 22.249322], [70.8194205, 22.2494015], [70.8193998, 22.2494878], [70.8193918, 22.2495834], [70.8193782, 22.249996], [70.8193286, 22.2502549], [70.8192937, 22.2503165], [70.8192389, 22.2503648], [70.8191522, 22.2504001], [70.8190837, 22.2504172], [70.8189963, 22.2504391], [70.818784, 22.2504787], [70.8187139, 22.2504918]]}}, {"type": "Feature", "properties": {"road_type": "primary", "name": "Unnamed road", "major": true}, "geometry": {"type": "LineString", "coordinates": [[70.8288069, 22.3118015], [70.8286146, 22.3122475], [70.8285001, 22.3125204], [70.8284354, 22.3126748], [70.8281722, 22.3132956], [70.8280435, 22.3136153], [70.8277247, 22.3143754], [70.827678, 22.314483], [70.8274786, 22.3149437], [70.8273234, 22.3153024], [70.8272743, 22.315416], [70.8272354, 22.315505], [70.8268885, 22.3163009], [70.826405, 22.3174602], [70.8262327, 22.3178283], [70.8261501, 22.3180174], [70.826042, 22.3182065], [70.8258619, 22.3184761], [70.8256279, 22.3188154], [70.8254523, 22.3190535], [70.8250003, 22.319653], [70.8242005, 22.3207228], [70.8240646, 22.3209007], [70.8239784, 22.3210135], [70.8231659, 22.3220959], [70.8231021, 22.3221785], [70.8227632, 22.3226418], [70.8226971, 22.3227345], [70.8221912, 22.3234016], [70.8218328, 22.3238683], [70.821521, 22.3242935], [70.8212767, 22.3246126], [70.8209917, 22.3249982], [70.8209499, 22.3250548], [70.8204481, 22.325755], [70.820194, 22.3260847], [70.8200947, 22.3261893], [70.8199232, 22.3263608], [70.8198028, 22.3264648], [70.8193634, 22.3268021], [70.8192501, 22.3268846], [70.8189041, 22.3271369]]}}, {"type": "Feature", "properties": {"road_type": "tertiary", "name": "Raiya Road", "major": false}, "geometry": {"type": "LineString", "coordinates": [[70.7871084, 22.2982878], [70.7869545, 22.2983645], [70.7867229, 22.2984194], [70.7862744, 22.2984692], [70.7862204, 22.2984741], [70.7859397, 22.2985116], [70.785395, 22.2985778], [70.785309, 22.2985883], [70.7850608, 22.2986071], [70.7849129, 22.2986183], [70.7848521, 22.2986229]]}}, {"type": "Feature", "properties": {"road_type": "primary", "name": "Unnamed road", "major": true}, "geometry": {"type": "LineString", "coordinates": [[70.7872801, 22.2980834], [70.7873484, 22.2980813], [70.7874111, 22.2980456], [70.7874433, 22.2979922], [70.7874408, 22.2979169], [70.7874333, 22.2979057], [70.7874018, 22.2978626], [70.7873609, 22.2978393], [70.7873027, 22.2978304], [70.787244, 22.2978456], [70.7871938, 22.2978884], [70.7871714, 22.2979571], [70.7871901, 22.2980225], [70.7872312, 22.2980637], [70.7872801, 22.2980834]]}}, {"type": "Feature", "properties": {"road_type": "primary", "name": "Unnamed road", "major": true}, "geometry": {"type": "LineString", "coordinates": [[70.7854162, 22.2946451], [70.7855105, 22.2946665], [70.7855859, 22.2946532], [70.7856604, 22.2946108], [70.7857089, 22.2945371], [70.785724, 22.2944899], [70.7857352, 22.2944332], [70.7857252, 22.2943455], [70.7856807, 22.294285], [70.7856134, 22.2942576], [70.7855541, 22.2942556], [70.7855376, 22.2942615], [70.7855273, 22.2942665], [70.7854894, 22.2942961], [70.7854484, 22.294342], [70.785412, 22.2943962], [70.7853832, 22.2944846], [70.7853712, 22.2945806], [70.7853869, 22.2946171], [70.7854162, 22.2946451]]}}, {"type": "Feature", "properties": {"road_type": "primary", "name": "Race Course Circle", "major": true}, "geometry": {"type": "LineString", "coordinates": [[70.7871714, 22.2979571], [70.7870975, 22.2980451], [70.7870509, 22.2981349], [70.7870044, 22.2982247]]}}, {"type": "Feature", "properties": {"road_type": "secondary", "name": "Mahila College Road", "major": true}, "geometry": {"type": "LineString", "coordinates": [[70.7859541, 22.2938465], [70.7857326, 22.2940246], [70.7856716, 22.2940767], [70.7856152, 22.2941452]]}}, {"type": "Feature", "properties": {"road_type": "primary", "name": "Unnamed road", "major": true}, "geometry": {"type": "LineString", "coordinates": [[70.7866425, 22.2967115], [70.7866402, 22.2966243], [70.7864638, 22.296321], [70.7859581, 22.2955231], [70.7857435, 22.2951558], [70.7856604, 22.2946108]]}}, {"type": "Feature", "properties": {"road_type": "primary", "name": "Race Course Circle", "major": true}, "geometry": {"type": "LineString", "coordinates": [[70.7872279, 22.2976591], [70.7871938, 22.2978884]]}}, {"type": "Feature", "properties": {"road_type": "secondary", "name": "Mahila College Road", "major": true}, "geometry": {"type": "LineString", "coordinates": [[70.7857252, 22.2943455], [70.7859541, 22.2938465]]}}, {"type": "Feature", "properties": {"road_type": "primary", "name": "Mahila College Circle", "major": true}, "geometry": {"type": "LineString", "coordinates": [[70.7854162, 22.2946451], [70.7856625, 22.2952053]]}}, {"type": "Feature", "properties": {"road_type": "primary", "name": "Kalawad Road", "major": true}, "geometry": {"type": "LineString", "coordinates": [[70.7785652, 22.2906388], [70.7787635, 22.2907137], [70.7789972, 22.29079], [70.7790544, 22.290813], [70.7792211, 22.2908798], [70.7792922, 22.2909086], [70.779686, 22.2911197], [70.7806227, 22.2916761], [70.7810633, 22.2919373], [70.7813678, 22.2921142], [70.781621, 22.2922855], [70.7819481, 22.2924907], [70.782026, 22.2925373], [70.782369, 22.2927352], [70.782758, 22.2929393]]}}, {"type": "Feature", "properties": {"road_type": "primary", "name": "Unnamed road", "major": true}, "geometry": {"type": "LineString", "coordinates": [[70.7872279, 22.2976591], [70.7871951, 22.2975397], [70.7869919, 22.2972214], [70.786758, 22.2968918], [70.7866425, 22.2967115]]}}, {"type": "Feature", "properties": {"road_type": "secondary", "name": "Unnamed road", "major": true}, "geometry": {"type": "LineString", "coordinates": [[70.7859541, 22.2938465], [70.7860893, 22.2936565], [70.7863717, 22.2933216], [70.7865201, 22.2931459], [70.7865608, 22.2930978], [70.7868586, 22.2927452], [70.7869801, 22.2926014], [70.7872576, 22.292273], [70.7872704, 22.2922578], [70.7872988, 22.2922242], [70.7878018, 22.2916655]]}}, {"type": "Feature", "properties": {"road_type": "primary", "name": "Kalawad Road", "major": true}, "geometry": {"type": "LineString", "coordinates": [[70.782096, 22.2924353], [70.7817359, 22.2922217], [70.7816269, 22.292154], [70.7814339, 22.2920259], [70.7811301, 22.2918401], [70.7806874, 22.2915719], [70.7799942, 22.2911491], [70.7794012, 22.2908335], [70.778874, 22.2905395], [70.778787, 22.2904952], [70.7787256, 22.290466], [70.7786397, 22.2904274]]}}, {"type": "Feature", "properties": {"road_type": "primary", "name": "Unnamed road", "major": true}, "geometry": {"type": "LineString", "coordinates": [[70.793554, 22.3121272], [70.7936515, 22.3120868], [70.7937055, 22.3120311], [70.793843, 22.3118505], [70.7940498, 22.3115641], [70.7941227, 22.3114785], [70.7942075, 22.3113648], [70.7943031, 22.3112343], [70.7943927, 22.3111077], [70.7945059, 22.3109518], [70.794771, 22.310582], [70.7952951, 22.3098638], [70.7954338, 22.3096961], [70.7955554, 22.3095727], [70.7958363, 22.3093277], [70.7966593, 22.3085978], [70.7974876, 22.3077623], [70.7978129, 22.3074359], [70.7984329, 22.3068623], [70.7985789, 22.3067281]]}}, {"type": "Feature", "properties": {"road_type": "tertiary", "name": "Unnamed road", "major": false}, "geometry": {"type": "LineString", "coordinates": [[70.8054231, 22.2997308], [70.805038, 22.2999847], [70.8049487, 22.3000612], [70.8045351, 22.3005824], [70.8042358, 22.3011569], [70.804092, 22.3013989], [70.804059, 22.3014733], [70.80368, 22.3020409], [70.8033741, 22.302647], [70.8033455, 22.3027021], [70.8032987, 22.3027925], [70.8031291, 22.3030126], [70.8028241, 22.3032521], [70.8022622, 22.303699], [70.8022313, 22.3037236]]}}, {"type": "Feature", "properties": {"road_type": "secondary", "name": "Swami Vivekananda Flyover", "major": true}, "geometry": {"type": "LineString", "coordinates": [[70.7991057, 22.2716976], [70.7990923, 22.2718404], [70.7990602, 22.2722302], [70.799035, 22.2726652], [70.7989878, 22.2732342], [70.798912, 22.2743131], [70.7988312, 22.2753145], [70.798814, 22.2754477], [70.7987775, 22.275866], [70.7987657, 22.2760843], [70.7987741, 22.2763025], [70.7987926, 22.2765177], [70.7988027, 22.2766553], [70.7988297, 22.2768965], [70.7988611, 22.2771668], [70.7988754, 22.2772826], [70.7989231, 22.2777158], [70.7989987, 22.2783157]]}}, {"type": "Feature", "properties": {"road_type": "tertiary", "name": "Unnamed road", "major": false}, "geometry": {"type": "LineString", "coordinates": [[70.8001299, 22.2474821], [70.7997008, 22.2474775], [70.7991941, 22.2474894], [70.7988909, 22.2474897], [70.7985566, 22.2474875], [70.7981413, 22.2474953], [70.797927, 22.2474984], [70.7978477, 22.2475038], [70.7976258, 22.2475102], [70.7972173, 22.2475331], [70.797094, 22.2475443], [70.796629, 22.2476172], [70.7965076, 22.2476262], [70.7963483, 22.2476305], [70.7961407, 22.2476195], [70.79597, 22.2476074], [70.7957998, 22.2475996], [70.7956385, 22.2475891], [70.7954921, 22.2475889]]}}, {"type": "Feature", "properties": {"road_type": "trunk", "name": "Unnamed road", "major": true}, "geometry": {"type": "LineString", "coordinates": [[70.7878583, 22.2602487], [70.787996, 22.2600852], [70.7880065, 22.260055], [70.7880176, 22.2600165], [70.7884078, 22.2594683], [70.7885415, 22.2590163], [70.7885557, 22.2585556], [70.7885753, 22.2580083], [70.78858, 22.2578669], [70.7885933, 22.25741], [70.78861, 22.2568346], [70.7886549, 22.2550513]]}}, {"type": "Feature", "properties": {"road_type": "trunk", "name": "Unnamed road", "major": true}, "geometry": {"type": "LineString", "coordinates": [[70.7955139, 22.2475166], [70.7956642, 22.2474128], [70.7957791, 22.247322], [70.7959274, 22.2471902], [70.7960844, 22.2470438], [70.7965361, 22.246581], [70.7973699, 22.2456366]]}}, {"type": "Feature", "properties": {"road_type": "tertiary", "name": "Unnamed road", "major": false}, "geometry": {"type": "LineString", "coordinates": [[70.795313, 22.2474723], [70.7951587, 22.247431], [70.7950565, 22.2474009], [70.7950065, 22.2473816], [70.7948021, 22.2472962], [70.7946772, 22.2472376], [70.7946281, 22.2472145], [70.7945109, 22.2471552], [70.7944444, 22.2471043], [70.7943698, 22.2470384], [70.7942733, 22.2469441], [70.7941832, 22.2468493], [70.7941134, 22.2467545], [70.7940467, 22.2466417], [70.7939828, 22.2465186], [70.7939341, 22.2464004], [70.7938898, 22.2462824], [70.7937397, 22.2458466], [70.7936617, 22.2455691], [70.793611, 22.2454161], [70.7934902, 22.2450666], [70.7934619, 22.2449651], [70.7934403, 22.2448989], [70.7933786, 22.244724], [70.7932812, 22.2444305], [70.7932512, 22.2443403], [70.7930866, 22.2438829], [70.79299, 22.2435582], [70.7929309, 22.2433884], [70.7928374, 22.2431142], [70.7923618, 22.2417214], [70.7922967, 22.2414601], [70.7921034, 22.2409809], [70.7920839, 22.2409044], [70.7920725, 22.2408469], [70.7920626, 22.2407966], [70.7920568, 22.2407076], [70.7920946, 22.240003], [70.7921546, 22.2393587], [70.7921599, 22.239226], [70.7921704, 22.2389595], [70.7921693, 22.2388166], [70.7921632, 22.2387593]]}}, {"type": "Feature", "properties": {"road_type": "trunk", "name": "Unnamed road", "major": true}, "geometry": {"type": "LineString", "coordinates": [[70.7952885, 22.2475409], [70.7947794, 22.2479532], [70.7942703, 22.2483907], [70.7939798, 22.248631], [70.7937012, 22.2488605], [70.7932794, 22.249208], [70.793011, 22.249397], [70.7927643, 22.2495876], [70.7925268, 22.2497909], [70.7923086, 22.2499775], [70.791884, 22.2503313], [70.7914683, 22.2506965], [70.7912388, 22.2508932], [70.7910499, 22.2510614], [70.7909911, 22.2511144]]}}, {"type": "Feature", "properties": {"road_type": "trunk", "name": "Unnamed road", "major": true}, "geometry": {"type": "LineString", "coordinates": [[70.800935, 22.2338303], [70.8010938, 22.2319948], [70.8013596, 22.229075], [70.8015411, 22.2269099], [70.8016996, 22.2250359], [70.8017029, 22.2244765], [70.8017047, 22.2241841], [70.8016576, 22.2225289], [70.8016427, 22.2221447], [70.8015657, 22.219574], [70.8015205, 22.2183375], [70.8014988, 22.2170943], [70.8014697, 22.2162277], [70.8014357, 22.2152195], [70.8014204, 22.2141806], [70.8012543, 22.2119278], [70.801106, 22.2099542], [70.8009245, 22.2078977], [70.800759, 22.2058549], [70.8007243, 22.2054328], [70.8005412, 22.2032025], [70.8004799, 22.2024229], [70.8003583, 22.2008744], [70.8002715, 22.1998252], [70.8001504, 22.1981969], [70.8000257, 22.1967326], [70.7999642, 22.1957402], [70.7998894, 22.1947612]]}}, {"type": "Feature", "properties": {"road_type": "trunk", "name": "Unnamed road", "major": true}, "geometry": {"type": "LineString", "coordinates": [[70.8852495, 22.3329366], [70.8863344, 22.3331695], [70.8868925, 22.3333122], [70.8871886, 22.3334186], [70.8873553, 22.3334991], [70.8875862, 22.3336471], [70.8879667, 22.3339022], [70.8884366, 22.3342791], [70.8887899, 22.3345723], [70.8889593, 22.3347277], [70.8895122, 22.3350121]]}}, {"type": "Feature", "properties": {"road_type": "trunk", "name": "Unnamed road", "major": true}, "geometry": {"type": "LineString", "coordinates": [[70.839421, 22.3202141], [70.8389577, 22.3200786], [70.8387705, 22.3199854], [70.8387311, 22.319958], [70.8384704, 22.3197766], [70.8383162, 22.3196416], [70.8381631, 22.3194901], [70.8380333, 22.3193215], [70.8379182, 22.319157], [70.8370228, 22.3177246], [70.8349977, 22.3144254], [70.8345381, 22.3138201], [70.8344389, 22.313728], [70.8340442, 22.3134399]]}}, {"type": "Feature", "properties": {"road_type": "trunk", "name": "Unnamed road", "major": true}, "geometry": {"type": "LineString", "coordinates": [[70.8339704, 22.3135719], [70.8343318, 22.3138085], [70.8346339, 22.3141438], [70.8349882, 22.314597], [70.8351142, 22.3147991], [70.8352983, 22.3150944], [70.8356931, 22.3157275], [70.8362905, 22.3166858], [70.8369237, 22.3177126], [70.8375393, 22.3187769], [70.8377704, 22.3191577], [70.8378911, 22.3193388], [70.8380529, 22.3195355], [70.8381996, 22.3196912], [70.8383656, 22.3198439], [70.8386609, 22.3200527], [70.8388552, 22.3201395], [70.8389393, 22.320177], [70.8393547, 22.3203081]]}}, {"type": "Feature", "properties": {"road_type": "trunk", "name": "Rajkot Bypass Flyover", "major": true}, "geometry": {"type": "LineString", "coordinates": [[70.8008296, 22.2340715], [70.8007583, 22.2349149], [70.8005972, 22.2366966], [70.8004114, 22.2386874], [70.8002896, 22.2400135], [70.8001909, 22.2410257], [70.8000645, 22.241955], [70.8000271, 22.2422194], [70.7999525, 22.2427637], [70.7998871, 22.2435641], [70.7998966, 22.2438801], [70.799978, 22.2443586], [70.8000398, 22.2445141], [70.800141, 22.2446943], [70.8003135, 22.2449433], [70.8005304, 22.2451709], [70.8006876, 22.245298], [70.8007163, 22.2453221], [70.8010547, 22.2456123]]}}, {"type": "Feature", "properties": {"road_type": "trunk", "name": "Rajkot Bypass Flyover", "major": true}, "geometry": {"type": "LineString", "coordinates": [[70.8010769, 22.2454557], [70.8010528, 22.2454346], [70.8007158, 22.2451387], [70.8006668, 22.2450917], [70.8004405, 22.2448631], [70.8002858, 22.2446537], [70.8001066, 22.2442684], [70.800042, 22.2440675], [70.8000113, 22.2438681], [70.7999903, 22.2435997], [70.8000798, 22.2427068], [70.8001512, 22.2420867], [70.8003038, 22.2410656], [70.8003776, 22.2403065], [70.8004464, 22.2395701], [70.8005158, 22.2386175], [70.8005953, 22.2376117], [70.8007461, 22.2360265], [70.8009138, 22.2340756]]}}, {"type": "Feature", "properties": {"road_type": "trunk", "name": "Unnamed road", "major": true}, "geometry": {"type": "LineString", "coordinates": [[70.8844772, 22.3325888], [70.8841271, 22.3324798]]}}, {"type": "Feature", "properties": {"road_type": "trunk", "name": "Unnamed road", "major": true}, "geometry": {"type": "LineString", "coordinates": [[70.8340442, 22.3134399], [70.8330906, 22.3128789]]}}, {"type": "Feature", "properties": {"road_type": "trunk", "name": "Unnamed road", "major": true}, "geometry": {"type": "LineString", "coordinates": [[70.8408654, 22.3206523], [70.839421, 22.3202141]]}}, {"type": "Feature", "properties": {"road_type": "trunk", "name": "Unnamed road", "major": true}, "geometry": {"type": "LineString", "coordinates": [[70.8330228, 22.3129812], [70.8339704, 22.3135719]]}}, {"type": "Feature", "properties": {"road_type": "trunk", "name": "Unnamed road", "major": true}, "geometry": {"type": "LineString", "coordinates": [[70.8393547, 22.3203081], [70.8408461, 22.3207523]]}}, {"type": "Feature", "properties": {"road_type": "trunk", "name": "Unnamed road", "major": true}, "geometry": {"type": "LineString", "coordinates": [[70.8841048, 22.3326122], [70.8844291, 22.3327026]]}}, {"type": "Feature", "properties": {"road_type": "trunk", "name": "Unnamed road", "major": true}, "geometry": {"type": "LineString", "coordinates": [[70.8587184, 22.3267741], [70.8585617, 22.3267876], [70.857988, 22.3268119], [70.8575451, 22.3267965], [70.8571045, 22.3267562], [70.8565134, 22.3266405], [70.8560958, 22.3265262], [70.8555607, 22.3263443], [70.8545443, 22.3259248], [70.8542225, 22.3258001], [70.8535649, 22.3255197], [70.8530574, 22.3252587], [70.8529745, 22.3252161], [70.8512782, 22.324264], [70.8505972, 22.3238711], [70.8504485, 22.3237853], [70.8498911, 22.3234659]]}}, {"type": "Feature", "properties": {"road_type": "trunk", "name": "Unnamed road", "major": true}, "geometry": {"type": "LineString", "coordinates": [[70.8408461, 22.3207523], [70.8411945, 22.3208561], [70.8421077, 22.3211281], [70.8427323, 22.3213141], [70.8427902, 22.3213309], [70.8432398, 22.3214611], [70.8448652, 22.3219318], [70.8450683, 22.3220175], [70.8463049, 22.3223952], [70.8476981, 22.3227911], [70.8487291, 22.3231092], [70.8491755, 22.3232807], [70.8496957, 22.3235098], [70.8498263, 22.3235808]]}}, {"type": "Feature", "properties": {"road_type": "trunk", "name": "Gondal -sapar road", "major": true}, "geometry": {"type": "LineString", "coordinates": [[70.799802, 22.1947495], [70.7999022, 22.196149], [70.8001118, 22.1987396], [70.8002383, 22.2004984], [70.8003884, 22.2023358], [70.8004144, 22.2026593], [70.8004986, 22.203703], [70.8005229, 22.2040013], [70.8006194, 22.2051835], [70.8006397, 22.2054349], [70.8008236, 22.207717], [70.8010586, 22.2106236], [70.8012664, 22.2131085], [70.8013405, 22.2140205], [70.8013586, 22.2150663], [70.8013814, 22.2162426], [70.801411, 22.2171026], [70.8014707, 22.2194117], [70.801514, 22.220521], [70.8015681, 22.2221615], [70.8015788, 22.2225126], [70.8016222, 22.2243644], [70.8015685, 22.2254765], [70.8014893, 22.2264821], [70.8013027, 22.228659], [70.801117, 22.2307842], [70.8010248, 22.2317543], [70.8009399, 22.232767], [70.8008438, 22.2339034]]}}, {"type": "Feature", "properties": {"road_type": "trunk", "name": "Rajkot Road", "major": true}, "geometry": {"type": "LineString", "coordinates": [[70.8895122, 22.3350121], [70.8900162, 22.3351974], [70.8933758, 22.3362952], [70.8938247, 22.3364457], [70.8942604, 22.3365918], [70.8961069, 22.337312], [70.9002359, 22.3387139]]}}, {"type": "Feature", "properties": {"road_type": "trunk", "name": "Unnamed road", "major": true}, "geometry": {"type": "LineString", "coordinates": [[70.8892238, 22.3347085], [70.889029, 22.3346129], [70.8884239, 22.3341214], [70.8881352, 22.3338603], [70.887622, 22.3335064], [70.8873357, 22.3333566], [70.8869973, 22.3332105], [70.8864128, 22.333061], [70.8852932, 22.3328116]]}}, {"type": "Feature", "properties": {"road_type": "trunk", "name": "Rajkot Bypass", "major": true}, "geometry": {"type": "LineString", "coordinates": [[70.8045204, 22.2485588], [70.8062063, 22.2499938], [70.8076881, 22.2512578], [70.8094359, 22.2527282], [70.8111295, 22.2541735], [70.812861, 22.2556573], [70.8144913, 22.2570106], [70.8145384, 22.25705], [70.8148761, 22.2573327], [70.8158343, 22.2581347]]}}, {"type": "Feature", "properties": {"road_type": "trunk", "name": "Rajkot Bypass", "major": true}, "geometry": {"type": "LineString", "coordinates": [[70.8283011, 22.2703386], [70.8282384, 22.2702662], [70.8281332, 22.2701456], [70.8280621, 22.2700641], [70.8274233, 22.2693316], [70.8272135, 22.2690911], [70.8265215, 22.2682988], [70.8247404, 22.2661598], [70.8235015, 22.2647558], [70.8228856, 22.2641132], [70.8218596, 22.2631363], [70.8214526, 22.2627875], [70.821032, 22.262427], [70.8209408, 22.2623471], [70.8205961, 22.2620449], [70.8205728, 22.2620297]]}}, {"type": "Feature", "properties": {"road_type": "trunk", "name": "Bhavnagar Circle Flyover", "major": true}, "geometry": {"type": "LineString", "coordinates": [[70.8357943, 22.2793776], [70.8366185, 22.2803889], [70.8369656, 22.280961], [70.8372534, 22.2815771], [70.8374389, 22.2821866], [70.8375649, 22.2827147], [70.8376053, 22.2832054], [70.837591, 22.2837357], [70.8375078, 22.2843364], [70.8373651, 22.2849305], [70.8370417, 22.2859845], [70.8360297, 22.2893401], [70.8349045, 22.2928945], [70.8340972, 22.2954158]]}}, {"type": "Feature", "properties": {"road_type": "trunk", "name": "Bhavnagar Circle Flyover", "major": true}, "geometry": {"type": "LineString", "coordinates": [[70.834506, 22.294568], [70.835604, 22.2910898], [70.8368158, 22.2871327], [70.8374745, 22.2849896], [70.8376409, 22.2843009], [70.8377146, 22.283753], [70.837717, 22.2830423], [70.8376338, 22.2824724], [70.8374393, 22.2817996], [70.8372514, 22.2813111], [70.8369946, 22.2808072], [70.836676, 22.2803187], [70.8362265, 22.2797664], [70.8358512, 22.2793227]]}}, {"type": "Feature", "properties": {"road_type": "trunk", "name": "Rajkot Bypass Flyover", "major": true}, "geometry": {"type": "LineString", "coordinates": [[70.8300786, 22.3081852], [70.8302282, 22.307832], [70.8304422, 22.3072776], [70.830718, 22.3064724], [70.831341, 22.3044263], [70.8316962, 22.3033093]]}}, {"type": "Feature", "properties": {"road_type": "trunk", "name": "Rajkot Bypass Flyover", "major": true}, "geometry": {"type": "LineString", "coordinates": [[70.8316133, 22.3032773], [70.8312771, 22.3043506], [70.8304187, 22.3070588], [70.8302403, 22.3075362], [70.8299859, 22.3081434]]}}, {"type": "Feature", "properties": {"road_type": "trunk", "name": "Rajkot Bypass Flyover", "major": true}, "geometry": {"type": "LineString", "coordinates": [[70.8333342, 22.2978041], [70.832798, 22.2995279], [70.8327201, 22.2997785], [70.8326817, 22.2999017], [70.8320278, 22.3019543], [70.8316133, 22.3032773]]}}, {"type": "Feature", "properties": {"road_type": "trunk", "name": "Rajkot Bypass Flyover", "major": true}, "geometry": {"type": "LineString", "coordinates": [[70.8042221, 22.2481584], [70.8033012, 22.2473674], [70.8020197, 22.2462599], [70.8017273, 22.2460105], [70.8016447, 22.2459392], [70.8013993, 22.2457286], [70.8010769, 22.2454557]]}}, {"type": "Feature", "properties": {"road_type": "trunk", "name": "Rajkot Bypass", "major": true}, "geometry": {"type": "LineString", "coordinates": [[70.8158343, 22.2581347], [70.8159596, 22.2582414], [70.8160767, 22.2583397]]}}, {"type": "Feature", "properties": {"road_type": "trunk", "name": "Rajkot Bypass", "major": true}, "geometry": {"type": "LineString", "coordinates": [[70.8205728, 22.2620297], [70.8199552, 22.261504]]}}, {"type": "Feature", "properties": {"road_type": "trunk", "name": "Rajkot Bypass Flyover", "major": true}, "geometry": {"type": "LineString", "coordinates": [[70.8316962, 22.3033093], [70.8323945, 22.301113], [70.8328155, 22.2997837], [70.8328994, 22.2995189], [70.8333708, 22.2980009]]}}, {"type": "Feature", "properties": {"road_type": "trunk", "name": "Rajkot Bypass", "major": true}, "geometry": {"type": "LineString", "coordinates": [[70.8289629, 22.271107], [70.8283011, 22.2703386]]}}, {"type": "Feature", "properties": {"road_type": "trunk", "name": "Bhavnagar Circle Flyover", "major": true}, "geometry": {"type": "LineString", "coordinates": [[70.8355103, 22.279029], [70.8357943, 22.2793776]]}}, {"type": "Feature", "properties": {"road_type": "trunk", "name": "Rajkot Bypass Flyover", "major": true}, "geometry": {"type": "LineString", "coordinates": [[70.8322678, 22.3124631], [70.8314022, 22.3121705], [70.83091, 22.3120055], [70.8305628, 22.3118383], [70.8303003, 22.3116942], [70.8300259, 22.311467], [70.8299303, 22.3113741], [70.8297305, 22.3111299], [70.8295546, 22.3107736], [70.8294571, 22.3104656], [70.8294071, 22.31014], [70.8294333, 22.3097946], [70.8295332, 22.3093964], [70.8297329, 22.3089295], [70.8298037, 22.3087772]]}}, {"type": "Feature", "properties": {"road_type": "trunk", "name": "Rajkot Bypass", "major": true}, "geometry": {"type": "LineString", "coordinates": [[70.8198742, 22.2615832], [70.8205237, 22.2621371]]}}, {"type": "Feature", "properties": {"road_type": "trunk", "name": "Rajkot Bypass Flyover", "major": true}, "geometry": {"type": "LineString", "coordinates": [[70.8010547, 22.2456123], [70.8041469, 22.2482554]]}}, {"type": "Feature", "properties": {"road_type": "trunk", "name": "Rajkot Bypass", "major": true}, "geometry": {"type": "LineString", "coordinates": [[70.8161182, 22.2582576], [70.8159418, 22.2581101], [70.8158733, 22.2580511]]}}, {"type": "Feature", "properties": {"road_type": "trunk", "name": "Rajkot Bypass Flyover", "major": true}, "geometry": {"type": "LineString", "coordinates": [[70.8297811, 22.3085523], [70.8296057, 22.3089025], [70.8294036, 22.3093843], [70.8293156, 22.3097429], [70.8292894, 22.3101477], [70.8293441, 22.3105349], [70.8294416, 22.3108539], [70.829639, 22.3112059], [70.8297788, 22.3113948], [70.8299386, 22.3115468], [70.8302501, 22.3117932], [70.8306496, 22.3120088], [70.8311966, 22.3122288], [70.8318957, 22.312432], [70.8321639, 22.3125251], [70.8323342, 22.3126057]]}}, {"type": "Feature", "properties": {"road_type": "trunk", "name": "Bhavnagar Circle Flyover", "major": true}, "geometry": {"type": "LineString", "coordinates": [[70.8358512, 22.2793227], [70.8355605, 22.2789789]]}}, {"type": "Feature", "properties": {"road_type": "trunk", "name": "Rajkot Bypass", "major": true}, "geometry": {"type": "LineString", "coordinates": [[70.8281424, 22.2703602], [70.8288563, 22.2712046]]}}, {"type": "Feature", "properties": {"road_type": "trunk", "name": "Rajkot Bypass", "major": true}, "geometry": {"type": "LineString", "coordinates": [[70.8199552, 22.261504], [70.8198657, 22.2614273], [70.819077, 22.2607595], [70.8171209, 22.2591032], [70.8161182, 22.2582576]]}}, {"type": "Feature", "properties": {"road_type": "trunk", "name": "Rajkot Bypass", "major": true}, "geometry": {"type": "LineString", "coordinates": [[70.8160767, 22.2583397], [70.817704, 22.2597161], [70.8186637, 22.2605457], [70.8189776, 22.2608146], [70.8197825, 22.2615042], [70.8198742, 22.2615832]]}}, {"type": "Feature", "properties": {"road_type": "trunk", "name": "Bhavnagar Circle Flyover", "major": true}, "geometry": {"type": "LineString", "coordinates": [[70.8355605, 22.2789789], [70.8349424, 22.2782481], [70.8333326, 22.2763513], [70.8315511, 22.2742015], [70.8300891, 22.2724241]]}}, {"type": "Feature", "properties": {"road_type": "trunk", "name": "Bhavnagar Circle Flyover", "major": true}, "geometry": {"type": "LineString", "coordinates": [[70.8299744, 22.272502], [70.8304976, 22.2731097], [70.832155, 22.2751232], [70.833753, 22.2770024], [70.8351941, 22.278655], [70.8355103, 22.279029]]}}, {"type": "Feature", "properties": {"road_type": "trunk", "name": "Rajkot Bypass", "major": true}, "geometry": {"type": "LineString", "coordinates": [[70.8205237, 22.2621371], [70.8205427, 22.2621529], [70.8208943, 22.2624663], [70.8209427, 22.2625094], [70.821224, 22.2627477], [70.8213321, 22.2628384], [70.8223023, 22.2636896], [70.8238311, 22.2652656], [70.8256061, 22.2673508], [70.8271898, 22.2692367], [70.8273913, 22.2694744], [70.8278427, 22.2700068], [70.8281424, 22.2703602]]}}, {"type": "Feature", "properties": {"road_type": "trunk", "name": "Rajkot Bypass", "major": true}, "geometry": {"type": "LineString", "coordinates": [[70.8158733, 22.2580511], [70.8150479, 22.257355], [70.814943, 22.2572667], [70.8147461, 22.2571009], [70.8124944, 22.2552046], [70.8094296, 22.2525976], [70.8060516, 22.2497297], [70.8048178, 22.24867], [70.8048112, 22.2486644], [70.8046404, 22.2485162]]}}, {"type": "Feature", "properties": {"road_type": "primary", "name": "Unnamed road", "major": true}, "geometry": {"type": "LineString", "coordinates": [[70.8297904, 22.3082845], [70.8296177, 22.3086669], [70.829416, 22.309076], [70.8292814, 22.3094727], [70.8292075, 22.3098538], [70.829189, 22.3102318], [70.8292182, 22.3107366]]}}, {"type": "Feature", "properties": {"road_type": "primary", "name": "Unnamed road", "major": true}, "geometry": {"type": "LineString", "coordinates": [[70.8290583, 22.31172], [70.829059, 22.3116662], [70.8290338, 22.3116096], [70.8289872, 22.3115689], [70.8289268, 22.3115492], [70.8288629, 22.3115537], [70.8288194, 22.3115725], [70.8287762, 22.3116134], [70.8287536, 22.3116666], [70.8287553, 22.3117238], [70.8287742, 22.3117665], [70.8288069, 22.3118015], [70.8288353, 22.3118189], [70.8288673, 22.3118302], [70.8289011, 22.3118348], [70.8289508, 22.3118288], [70.8289959, 22.3118085], [70.8290363, 22.3117698], [70.8290583, 22.31172]]}}, {"type": "Feature", "properties": {"road_type": "primary", "name": "Unnamed road", "major": true}, "geometry": {"type": "LineString", "coordinates": [[70.8290338, 22.3116096], [70.8292707, 22.3109707], [70.8292733, 22.3109006], [70.8292584, 22.3108369], [70.8292182, 22.3107366]]}}, {"type": "Feature", "properties": {"road_type": "primary", "name": "Unnamed road", "major": true}, "geometry": {"type": "LineString", "coordinates": [[70.8194938, 22.3085946], [70.8195717, 22.3086292], [70.8196257, 22.3086541], [70.8199705, 22.3088059], [70.8201692, 22.3088719], [70.8204756, 22.3089736], [70.8206093, 22.3090162], [70.820882, 22.309103], [70.8209348, 22.3091208], [70.8214008, 22.3092808], [70.8216104, 22.3093505], [70.8218161, 22.3094188], [70.8221579, 22.3095323], [70.8224483, 22.3096287], [70.8229001, 22.3097772], [70.8238139, 22.3100776], [70.8246034, 22.3103383], [70.8250205, 22.3104699], [70.8251996, 22.3105285], [70.8253572, 22.310588], [70.8255866, 22.3106786], [70.8264976, 22.3109846], [70.8268671, 22.3111074], [70.8270105, 22.3111557], [70.8287553, 22.3117238]]}}, {"type": "Feature", "properties": {"road_type": "tertiary", "name": "Unnamed road", "major": false}, "geometry": {"type": "LineString", "coordinates": [[70.8300729, 22.3085036], [70.8301685, 22.3082691], [70.8302287, 22.3081199], [70.8305632, 22.3072901], [70.8308258, 22.306456], [70.8309199, 22.3061571], [70.8309939, 22.3059211], [70.8311839, 22.3053154], [70.8314644, 22.3044212], [70.8315645, 22.3041203], [70.8318999, 22.3031125], [70.8319658, 22.3029142], [70.8323253, 22.301834], [70.8324567, 22.3014333], [70.8328888, 22.3001157], [70.8330086, 22.2996812], [70.8330284, 22.2996095], [70.8330755, 22.2994735], [70.8332646, 22.2988418], [70.833321, 22.2986549], [70.8334623, 22.2981015], [70.833495, 22.2980113], [70.8335393, 22.2978822]]}}, {"type": "Feature", "properties": {"road_type": "primary", "name": "Unnamed road", "major": true}, "geometry": {"type": "LineString", "coordinates": [[70.8288194, 22.3115725], [70.8269141, 22.3110147], [70.826537, 22.3109002], [70.8264532, 22.3108745], [70.8256223, 22.310593], [70.8252154, 22.3104551], [70.8247502, 22.3103129], [70.8246276, 22.3102714], [70.8238445, 22.3100087], [70.8229307, 22.3097007], [70.8221802, 22.3094445], [70.8219109, 22.3093515], [70.8218504, 22.3093298], [70.8210218, 22.309063], [70.8209611, 22.309043], [70.820637, 22.3089363], [70.8199741, 22.3086989], [70.8196448, 22.3085458], [70.8195689, 22.3085127]]}}, {"type": "Feature", "properties": {"road_type": "primary", "name": "Unnamed road", "major": true}, "geometry": {"type": "LineString", "coordinates": [[70.8325631, 22.3125778], [70.8325341, 22.3125419], [70.8324905, 22.3125084], [70.832416, 22.31246], [70.8321783, 22.3123292], [70.8317364, 22.3120706], [70.8312774, 22.3117945], [70.8311373, 22.3117069], [70.8307442, 22.3114305], [70.8306156, 22.3114097], [70.8304951, 22.3113967], [70.8303092, 22.3114138], [70.830207, 22.3114075], [70.8301608, 22.3114281], [70.82988, 22.3117065], [70.8297253, 22.3118014], [70.8295068, 22.3118217], [70.8293605, 22.3117921], [70.829059, 22.3116662]]}}, {"type": "Feature", "properties": {"road_type": "tertiary", "name": "Unnamed road", "major": false}, "geometry": {"type": "LineString", "coordinates": [[70.8334462, 22.2974527], [70.8333684, 22.2975479], [70.8333277, 22.2975976], [70.8332792, 22.2976843], [70.8332337, 22.2977776], [70.833193, 22.2978573], [70.8329221, 22.298514], [70.8328494, 22.2987445], [70.8327167, 22.2991657], [70.8326266, 22.2994515], [70.832557, 22.2996657], [70.8325262, 22.2997665], [70.8323467, 22.3003399], [70.83233, 22.3003929], [70.8321694, 22.300889], [70.8321265, 22.3010217], [70.8319448, 22.3015832], [70.8315501, 22.3029098], [70.8313384, 22.3037634], [70.8312035, 22.3041936], [70.8309175, 22.3051054], [70.8308857, 22.3052086], [70.8306976, 22.3058196], [70.8302969, 22.3071207], [70.8300962, 22.3076366], [70.8300829, 22.3076707], [70.8298617, 22.3081503], [70.8298306, 22.3082089], [70.8297904, 22.3082845]]}}, {"type": "Feature", "properties": {"road_type": "tertiary", "name": "Unnamed road", "major": false}, "geometry": {"type": "LineString", "coordinates": [[70.829634, 22.3120005], [70.8298918, 22.311845], [70.8302668, 22.3115168], [70.8303092, 22.3114138], [70.8302312, 22.3112564], [70.8300714, 22.311082], [70.8300176, 22.3110424], [70.8297724, 22.3108565], [70.8296992, 22.3107772], [70.8296396, 22.3106767], [70.8295555, 22.3104325], [70.829536, 22.3102956], [70.8295505, 22.3101354], [70.8297472, 22.3094603], [70.8299508, 22.3087937], [70.829991, 22.3086622], [70.830023, 22.3086002], [70.8300729, 22.3085036]]}}, {"type": "Feature", "properties": {"road_type": "tertiary", "name": "Unnamed road", "major": false}, "geometry": {"type": "LineString", "coordinates": [[70.8160408, 22.2580546], [70.8155239, 22.2576076], [70.8150651, 22.2572303], [70.8147616, 22.2569786], [70.8137892, 22.2561721], [70.813305, 22.2557615], [70.8131609, 22.2556329], [70.812948, 22.2554514], [70.8126859, 22.2552353], [70.8124347, 22.2550302], [70.812182, 22.2548117], [70.8119477, 22.2546106], [70.8117218, 22.2544168], [70.8115963, 22.2543092], [70.8110074, 22.2538039], [70.8101153, 22.2530471], [70.809467, 22.2524878], [70.8092037, 22.2522629], [70.8089544, 22.252047], [70.8086849, 22.2518196], [70.8085791, 22.2517292], [70.8075266, 22.2508496], [70.8069722, 22.2503863], [70.8068593, 22.2502986], [70.8065416, 22.2500295], [70.8062607, 22.2497916], [70.8060084, 22.2495657], [70.8059644, 22.2495262], [70.8056173, 22.2492365], [70.8050072, 22.248706]]}}, {"type": "Feature", "properties": {"road_type": "tertiary", "name": "Unnamed road", "major": false}, "geometry": {"type": "LineString", "coordinates": [[70.8284243, 22.3078634], [70.828431, 22.3078254], [70.8284238, 22.3077936], [70.8284056, 22.3077658], [70.8283576, 22.3077367], [70.8283201, 22.3077325], [70.8282835, 22.3077409], [70.8282435, 22.3077702], [70.8282233, 22.3078136], [70.8282229, 22.3078423], [70.8282316, 22.3078699], [70.8282559, 22.3079005], [70.8282911, 22.3079201], [70.8283306, 22.3079258], [70.8283694, 22.3079173], [70.8284021, 22.307896], [70.8284243, 22.3078634]]}}, {"type": "Feature", "properties": {"road_type": "tertiary", "name": "Unnamed road", "major": false}, "geometry": {"type": "LineString", "coordinates": [[70.8307442, 22.3114305], [70.8306218, 22.3113488], [70.8303779, 22.3112122], [70.8301245, 22.3111043], [70.8300714, 22.311082]]}}, {"type": "Feature", "properties": {"road_type": "tertiary", "name": "Unnamed road", "major": false}, "geometry": {"type": "LineString", "coordinates": [[70.8012938, 22.2162402], [70.8013011, 22.2166699], [70.8013096, 22.2169067], [70.8013186, 22.2172673], [70.8013271, 22.2176079], [70.8013448, 22.2183205], [70.801346, 22.218369], [70.8013763, 22.2191649], [70.8013922, 22.2196184], [70.8014292, 22.2206764], [70.8014648, 22.2217565], [70.801478, 22.2221572], [70.8014884, 22.2224743], [70.8015046, 22.2230875], [70.8015346, 22.2239626], [70.8015422, 22.224215], [70.8015141, 22.2249251], [70.801472, 22.2253921], [70.8014404, 22.2258295], [70.8014056, 22.2263241], [70.8013452, 22.2271463], [70.8012367, 22.2282556], [70.8011333, 22.2295803], [70.8010956, 22.2300089], [70.8010802, 22.2301806], [70.8010022, 22.2310478], [70.8009888, 22.2311886], [70.800974, 22.2313434], [70.8009173, 22.2319385], [70.8008991, 22.2321139], [70.8008607, 22.2325431], [70.8007308, 22.2340222]]}}, {"type": "Feature", "properties": {"road_type": "tertiary", "name": "Unnamed road", "major": false}, "geometry": {"type": "LineString", "coordinates": [[70.8015403, 22.2464042], [70.801721, 22.2465378], [70.8020488, 22.2467834], [70.8026752, 22.2473178], [70.8027324, 22.2473666], [70.8034059, 22.2479184], [70.8035179, 22.2480043], [70.8036173, 22.2480805], [70.803837, 22.2482345], [70.804374, 22.2486038], [70.8044212, 22.2486422], [70.8046072, 22.2487935], [70.8052849, 22.2493448], [70.8057554, 22.2497449], [70.805813, 22.2497948], [70.8059148, 22.2498828], [70.8061703, 22.2501009], [70.8064252, 22.2503186], [70.8067444, 22.2505913], [70.8071556, 22.2509424], [70.8077471, 22.2514426], [70.808075, 22.2517198], [70.8083622, 22.2519627], [70.8086771, 22.2522316], [70.8087157, 22.2522616], [70.8090302, 22.2525483], [70.8093549, 22.2528112], [70.8096867, 22.2530862], [70.8098918, 22.2532544], [70.8105459, 22.2538065], [70.8106666, 22.2539094], [70.8112767, 22.254429], [70.8119236, 22.254968], [70.8120129, 22.2550407], [70.8122563, 22.2552518], [70.8124861, 22.2554512], [70.8126328, 22.2555773], [70.8130141, 22.2559049], [70.813672, 22.2564702], [70.814186, 22.2569088], [70.8143839, 22.2570776], [70.8144161, 22.2571051], [70.8146203, 22.2572793], [70.8153425, 22.2579494], [70.8155753, 22.2581654], [70.8156121, 22.2581995], [70.8158395, 22.2584071], [70.8159237, 22.2584968]]}}, {"type": "Feature", "properties": {"road_type": "tertiary", "name": "Unnamed road", "major": false}, "geometry": {"type": "LineString", "coordinates": [[70.8343714, 22.2949942], [70.8344328, 22.2949288], [70.8344863, 22.2948563], [70.8345881, 22.2946274], [70.8353372, 22.2922709], [70.8360387, 22.2900047], [70.8362595, 22.2892963], [70.8364769, 22.2885988], [70.8365428, 22.2883875], [70.8368224, 22.2874644], [70.836947, 22.2870529], [70.8372419, 22.2860793], [70.8376747, 22.2846821], [70.8377653, 22.2841773], [70.8378031, 22.283967], [70.8378435, 22.2832365], [70.8378007, 22.282748], [70.837719, 22.2824285], [70.8376533, 22.2821715], [70.8373944, 22.2813995], [70.8373751, 22.2813419], [70.8371516, 22.2808468], [70.8365594, 22.2799821], [70.8361719, 22.279502], [70.8361293, 22.2794471], [70.8358424, 22.2791208], [70.8358025, 22.2790543], [70.8357689, 22.2790132], [70.8355326, 22.278746], [70.8354513, 22.2786684], [70.8340245, 22.2769741], [70.8326929, 22.2754205], [70.8310878, 22.2734753], [70.8301318, 22.2723728], [70.8298681, 22.2721554]]}}, {"type": "Feature", "properties": {"road_type": "tertiary", "name": "Unnamed road", "major": false}, "geometry": {"type": "LineString", "coordinates": [[70.829803, 22.2723029], [70.8301104, 22.2728217], [70.8314635, 22.2744941], [70.8324603, 22.275692], [70.8325935, 22.2758473], [70.8326501, 22.2759134], [70.8326866, 22.2759648], [70.8331679, 22.2766418], [70.8332351, 22.2767364], [70.8336155, 22.2771853], [70.8340073, 22.2776137], [70.8341125, 22.2777288], [70.8350376, 22.2788973], [70.8354565, 22.2794153], [70.8355183, 22.2795014], [70.8360006, 22.2801075], [70.8365249, 22.2806465], [70.8366736, 22.2808072], [70.8367126, 22.2808607], [70.8369275, 22.2812502], [70.8369696, 22.2813353], [70.8372514, 22.2820967], [70.8372852, 22.2822758], [70.8373656, 22.2827018], [70.837407, 22.2831068], [70.8374345, 22.2833751], [70.8374298, 22.2835024], [70.8374147, 22.2839129], [70.8374108, 22.2840176], [70.8373545, 22.2843621], [70.8373037, 22.2846733], [70.8371325, 22.2853136], [70.83686, 22.2862023], [70.8368267, 22.2862984], [70.8367021, 22.2866998], [70.8361457, 22.2885481], [70.8358865, 22.289404], [70.8358345, 22.2895711], [70.8356446, 22.2901886], [70.8353538, 22.2911158], [70.8351998, 22.291605], [70.8350852, 22.2919691], [70.834908, 22.2925321], [70.8348797, 22.2926343], [70.8346024, 22.2935031], [70.8342677, 22.2945447], [70.8340198, 22.295316], [70.8339808, 22.2954904], [70.833966, 22.2956151], [70.8339686, 22.2956763], [70.8339889, 22.2957539]]}}, {"type": "Feature", "properties": {"road_type": "tertiary", "name": "Unnamed road", "major": false}, "geometry": {"type": "LineString", "coordinates": [[70.8044212, 22.2486422], [70.8045204, 22.2485588]]}}, {"type": "Feature", "properties": {"road_type": "secondary", "name": "Unnamed road", "major": true}, "geometry": {"type": "LineString", "coordinates": [[70.7996492, 22.2430187], [70.7996397, 22.2432918], [70.7996455, 22.2436009], [70.7996639, 22.2439056], [70.7996928, 22.2441849], [70.7997039, 22.2442853], [70.7997708, 22.2449998], [70.7997892, 22.2451472]]}}, {"type": "Feature", "properties": {"road_type": "tertiary", "name": "Unnamed road", "major": false}, "geometry": {"type": "LineString", "coordinates": [[70.80471, 22.2484476], [70.8046404, 22.2485162]]}}, {"type": "Feature", "properties": {"road_type": "tertiary", "name": "Unnamed road", "major": false}, "geometry": {"type": "LineString", "coordinates": [[70.8299389, 22.3082372], [70.8298306, 22.3082089], [70.8293213, 22.308068], [70.8289761, 22.3079733], [70.8285377, 22.3078613], [70.828431, 22.3078254]]}}, {"type": "Feature", "properties": {"road_type": "tertiary", "name": "Unnamed road", "major": false}, "geometry": {"type": "LineString", "coordinates": [[70.8018995, 22.2460461], [70.8018592, 22.2460742], [70.8017696, 22.2461573], [70.8016761, 22.24626], [70.8015403, 22.2464042]]}}, {"type": "Feature", "properties": {"road_type": "secondary", "name": "Unnamed road", "major": true}, "geometry": {"type": "LineString", "coordinates": [[70.7999992, 22.2451946], [70.8001116, 22.2452092], [70.8002007, 22.2451817], [70.8003066, 22.2451196], [70.8006319, 22.2448828], [70.8006606, 22.2448468], [70.8006693, 22.2448178], [70.8006646, 22.2447611], [70.8006474, 22.2447275], [70.8005988, 22.2446851]]}}, {"type": "Feature", "properties": {"road_type": "tertiary", "name": "Unnamed road", "major": false}, "geometry": {"type": "LineString", "coordinates": [[70.8284021, 22.307896], [70.8285075, 22.307936], [70.8285484, 22.3079471], [70.8288093, 22.308018], [70.8290345, 22.3080792], [70.8297904, 22.3082845], [70.8298978, 22.3083193]]}}, {"type": "Feature", "properties": {"road_type": "secondary", "name": "Unnamed road", "major": true}, "geometry": {"type": "LineString", "coordinates": [[70.8005988, 22.2446851], [70.800427, 22.244493], [70.8003243, 22.2443071], [70.8002569, 22.2440527], [70.8001994, 22.2438177], [70.8001699, 22.2434867], [70.800192, 22.2429752], [70.8002189, 22.2425289]]}}, {"type": "Feature", "properties": {"road_type": "tertiary", "name": "Unnamed road", "major": false}, "geometry": {"type": "LineString", "coordinates": [[70.8213321, 22.2628384], [70.8214207, 22.2630065], [70.8215664, 22.2631676], [70.82167, 22.2632669], [70.8219335, 22.2635188], [70.8221884, 22.2637639], [70.8224403, 22.2640054], [70.8232238, 22.2647565], [70.8238148, 22.2654653], [70.8241904, 22.2658816], [70.82462, 22.2663783], [70.8247981, 22.2665852], [70.8262462, 22.2682929], [70.826438, 22.2685169], [70.8267708, 22.2689056], [70.8269905, 22.2691622], [70.8273913, 22.2694744]]}}, {"type": "Feature", "properties": {"road_type": "secondary", "name": "Unnamed road", "major": true}, "geometry": {"type": "LineString", "coordinates": [[70.7997892, 22.2451472], [70.7997541, 22.2452368], [70.7998189, 22.2455573], [70.7998877, 22.2458882], [70.7999373, 22.2462048], [70.7999762, 22.2464185], [70.8000143, 22.2466368], [70.8000421, 22.246782]]}}, {"type": "Feature", "properties": {"road_type": "trunk", "name": "Unnamed road", "major": true}, "geometry": {"type": "LineString", "coordinates": [[70.7997658, 22.2423941], [70.7997539, 22.2424548], [70.7996636, 22.2429179], [70.7996492, 22.2430187], [70.7987801, 22.2439543], [70.7985035, 22.2442532], [70.7982508, 22.2445125], [70.7976008, 22.2451723], [70.79717, 22.2456254], [70.7967945, 22.2460517], [70.79622, 22.2466536], [70.7958319, 22.2470417], [70.7957245, 22.2471433], [70.7956078, 22.247242], [70.7953838, 22.2474308]]}}, {"type": "Feature", "properties": {"road_type": "tertiary", "name": "Unnamed road", "major": false}, "geometry": {"type": "LineString", "coordinates": [[70.8274233, 22.2693316], [70.8272307, 22.2689839], [70.8263733, 22.2679525], [70.826339, 22.2679112], [70.8255233, 22.2669395], [70.8246114, 22.2658926], [70.8242578, 22.2654866], [70.8237042, 22.2648511], [70.8225268, 22.2636383], [70.8222536, 22.2633569], [70.8221744, 22.2632803], [70.8218631, 22.2630051], [70.8217607, 22.2629358], [70.8214526, 22.2627875]]}}, {"type": "Feature", "properties": {"road_type": "primary", "name": "Unnamed road", "major": true}, "geometry": {"type": "LineString", "coordinates": [[70.8289959, 22.3118085], [70.829634, 22.3120005], [70.8296547, 22.3120068], [70.8299894, 22.3121199], [70.8304229, 22.3122753], [70.8309112, 22.3124677], [70.8311356, 22.3125257], [70.8312897, 22.3125526], [70.8319511, 22.3126207], [70.8321786, 22.3126508], [70.8326335, 22.3127584]]}}, {"type": "Feature", "properties": {"road_type": "secondary", "name": "Unnamed road", "major": true}, "geometry": {"type": "LineString", "coordinates": [[70.8001879, 22.2474182], [70.800158, 22.2471573], [70.8001206, 22.2469041], [70.8000918, 22.2466947], [70.8000333, 22.2462996], [70.8000167, 22.2461919], [70.8000081, 22.2461358], [70.7999604, 22.2458398], [70.7998751, 22.2453494]]}}, {"type": "Feature", "properties": {"road_type": "primary", "name": "Unnamed road", "major": true}, "geometry": {"type": "LineString", "coordinates": [[70.8607731, 22.2744324], [70.860632, 22.274569], [70.8605996, 22.2745968], [70.8599419, 22.275161], [70.8597758, 22.2753035], [70.8595606, 22.2754533], [70.859359, 22.2755444], [70.8591873, 22.2756188], [70.8589393, 22.2756801], [70.8585954, 22.2757415], [70.8566803, 22.2759202], [70.8547509, 22.2761065], [70.8544163, 22.2761019], [70.8541184, 22.2760578], [70.8537286, 22.2759649], [70.8533991, 22.2758741], [70.8529597, 22.2757531], [70.8526923, 22.2756685], [70.8524118, 22.2755442], [70.8521124, 22.2753857], [70.8519024, 22.2752315], [70.8517308, 22.2750785], [70.8516865, 22.2750257], [70.8515972, 22.2749192], [70.8514625, 22.2747253], [70.8513338, 22.2744771], [70.8512372, 22.2741792], [70.8511625, 22.2739332], [70.8510509, 22.2736895], [70.8509268, 22.2734701], [70.8507935, 22.2732821], [70.8507787, 22.2732612], [70.8506598, 22.273127], [70.8504647, 22.2729481], [70.8502169, 22.2727382], [70.8500066, 22.2725852], [70.8497517, 22.2724285], [70.8494903, 22.2722859], [70.8492687, 22.2721687], [70.8490585, 22.272079], [70.848943, 22.27204], [70.848778, 22.2719888], [70.8485549, 22.2719379], [70.8483629, 22.2719057], [70.8481358, 22.2718913], [70.84798, 22.2718875], [70.84779, 22.2718996], [70.8476217, 22.2719184], [70.8474392, 22.2719553], [70.8472432, 22.2720098], [70.8471962, 22.2720229], [70.8469993, 22.2720943], [70.8467347, 22.272222], [70.8465745, 22.2723092], [70.8464176, 22.2724162], [70.8462607, 22.2725496], [70.8461339, 22.2726805], [70.8460337, 22.2727893], [70.8459346, 22.2729172], [70.8458384, 22.2730582], [70.8457557, 22.2732132], [70.845711, 22.2733101], [70.8455022, 22.2738694], [70.8453655, 22.2741997], [70.8452836, 22.2743668], [70.8451838, 22.2745387], [70.8450649, 22.2747004], [70.8449695, 22.2748081], [70.8448296, 22.2749369], [70.844712, 22.2750326], [70.8445871, 22.27511], [70.8444167, 22.2751979], [70.8436136, 22.275596], [70.8427955, 22.276013], [70.8425911, 22.2761055], [70.8424605, 22.2761558], [70.842356, 22.2761843], [70.8423086, 22.2761973], [70.8421031, 22.2762271], [70.8412745, 22.2763475], [70.840786, 22.2764215], [70.8400622, 22.2765262], [70.8397064, 22.2765891], [70.8395304, 22.2766242], [70.839459, 22.2766402], [70.8394042, 22.2766525], [70.8392937, 22.2766868], [70.8391475, 22.276739], [70.8389913, 22.2768091], [70.8387803, 22.2769173], [70.8381417, 22.2772774], [70.8381095, 22.2772956], [70.8378336, 22.2774594], [70.8369971, 22.2779795], [70.8367645, 22.2781242], [70.8365568, 22.2782584], [70.8362576, 22.2784734], [70.8361567, 22.2785459], [70.836119, 22.2785783]]}}, {"type": "Feature", "properties": {"road_type": "primary", "name": "Kesri Pool", "major": true}, "geometry": {"type": "LineString", "coordinates": [[70.8093849, 22.3061475], [70.8089839, 22.305997], [70.8082608, 22.3057113], [70.8069933, 22.3052322]]}}, {"type": "Feature", "properties": {"road_type": "primary", "name": "Unnamed road", "major": true}, "geometry": {"type": "LineString", "coordinates": [[70.8105957, 22.3065957], [70.8105465, 22.306568], [70.8101097, 22.3064203], [70.8093849, 22.3061475]]}}, {"type": "Feature", "properties": {"road_type": "trunk", "name": "150Feet Ring Road Railway Flyover", "major": true}, "geometry": {"type": "LineString", "coordinates": [[70.7712808, 22.3315185], [70.7715976, 22.3319195]]}}, {"type": "Feature", "properties": {"road_type": "trunk", "name": "Unnamed road", "major": true}, "geometry": {"type": "LineString", "coordinates": [[70.8044563, 22.3376807], [70.8061943, 22.3384962]]}}, {"type": "Feature", "properties": {"road_type": "trunk", "name": "Unnamed road", "major": true}, "geometry": {"type": "LineString", "coordinates": [[70.8045171, 22.3375633], [70.804358, 22.3374813], [70.8041057, 22.3373825], [70.803817, 22.3373173], [70.8035669, 22.3373005], [70.8032873, 22.3373236], [70.8030145, 22.3374014], [70.802854, 22.3374777], [70.8027099, 22.3375402], [70.8024372, 22.3376516], [70.8019803, 22.3378156], [70.8017211, 22.3378934], [70.8012028, 22.338028], [70.8009055, 22.3381009], [70.8007185, 22.3381576], [70.8000508, 22.3384517], [70.7996198, 22.3388308], [70.7985105, 22.3402424], [70.7979615, 22.3410074], [70.7971436, 22.3420956], [70.7969843, 22.3423076], [70.7965455, 22.3429175], [70.796359, 22.3431767], [70.7960623, 22.3434414], [70.7957867, 22.3436277], [70.7954087, 22.3437747], [70.7935186, 22.3443988], [70.7932219, 22.3444805], [70.7928756, 22.344523], [70.7924729, 22.3444772], [70.7921762, 22.3444335], [70.7898459, 22.3440902], [70.7897668, 22.3440786], [70.7881758, 22.3438606], [70.7880899, 22.3438488], [70.7857075, 22.3435492], [70.7823019, 22.3431147], [70.781878, 22.3430558], [70.7811067, 22.3429323]]}}, {"type": "Feature", "properties": {"road_type": "trunk", "name": "Shahid Flyover", "major": true}, "geometry": {"type": "LineString", "coordinates": [[70.7687641, 22.2986773], [70.7686634, 22.2991013], [70.7684303, 22.3001438], [70.7683056, 22.3007278], [70.7682379, 22.3010888], [70.7682174, 22.3012738], [70.7682097, 22.3013782], [70.7682137, 22.301962], [70.7681968, 22.3023173], [70.7681899, 22.3026749], [70.7681885, 22.3028473], [70.7681907, 22.3030696], [70.7682205, 22.3036231], [70.7682445, 22.304025], [70.768263, 22.3042789]]}}, {"type": "Feature", "properties": {"road_type": "trunk", "name": "Unnamed road", "major": true}, "geometry": {"type": "LineString", "coordinates": [[70.8061943, 22.3384962], [70.8076179, 22.3391664], [70.8078462, 22.3392739], [70.8081803, 22.3394493]]}}, {"type": "Feature", "properties": {"road_type": "trunk", "name": "Unnamed road", "major": true}, "geometry": {"type": "LineString", "coordinates": [[70.8009692, 22.3381871], [70.8011635, 22.3381345], [70.8019979, 22.3379048], [70.8022002, 22.3378438], [70.8025469, 22.3377145], [70.8027526, 22.3376199], [70.8030856, 22.3374822], [70.8032834, 22.3374264], [70.8035114, 22.3373983], [70.8037596, 22.337417], [70.8040378, 22.3374702], [70.8042618, 22.3375648], [70.8044563, 22.3376807]]}}, {"type": "Feature", "properties": {"road_type": "primary", "name": "Unnamed road", "major": true}, "geometry": {"type": "LineString", "coordinates": [[70.7905689, 22.3141179], [70.7903912, 22.3142554], [70.7899081, 22.3146552]]}}, {"type": "Feature", "properties": {"road_type": "trunk", "name": "Unnamed road", "major": true}, "geometry": {"type": "LineString", "coordinates": [[70.7765545, 22.3384453], [70.7765965, 22.3385028], [70.7773795, 22.3395767], [70.7774607, 22.3396858], [70.7777485, 22.3401014], [70.777813, 22.3401853], [70.7778126, 22.3401903], [70.7791369, 22.3419238], [70.7796465, 22.3423766], [70.7799936, 22.3426037], [70.780361, 22.3427787], [70.7807107, 22.3429219], [70.7810225, 22.3430087], [70.7811254, 22.3430374], [70.7818548, 22.3431714], [70.7842565, 22.3434453], [70.7843559, 22.3434663], [70.7850559, 22.343559], [70.7888295, 22.3440587], [70.7898149, 22.3441998], [70.7899025, 22.3442124], [70.7909307, 22.3443679], [70.7920632, 22.3445295], [70.7921536, 22.3445426], [70.7925117, 22.3445947], [70.7929163, 22.3446317], [70.7932961, 22.344567], [70.7936158, 22.3444931], [70.7941704, 22.3443082], [70.7959091, 22.3436936], [70.7962438, 22.3434441], [70.7965136, 22.343153], [70.7977177, 22.341494], [70.7978315, 22.341345], [70.7989502, 22.3398458], [70.7991065, 22.3396364], [70.7991362, 22.3395965], [70.7995745, 22.3390092], [70.7997352, 22.3388367], [70.7999024, 22.3386821], [70.8000278, 22.3385884], [70.8002471, 22.3384603], [70.8005952, 22.3382985], [70.8009692, 22.3381871]]}}, {"type": "Feature", "properties": {"road_type": "trunk", "name": "150Feet Ring Road Railway Flyover", "major": true}, "geometry": {"type": "LineString", "coordinates": [[70.7715976, 22.3319195], [70.7730847, 22.3338552], [70.7740663, 22.3351537], [70.7742258, 22.3353648], [70.7760558, 22.3377855]]}}, {"type": "Feature", "properties": {"road_type": "trunk", "name": "150 feet ring road", "major": true}, "geometry": {"type": "LineString", "coordinates": [[70.7714017, 22.3315196], [70.7713251, 22.3314188], [70.7712316, 22.3312961], [70.7711044, 22.3311277], [70.770737, 22.3306408], [70.7704771, 22.3303027], [70.7696389, 22.3292126], [70.7694716, 22.3289738], [70.7689904, 22.3282883], [70.7689768, 22.3282689], [70.7686827, 22.32785], [70.7685202, 22.3276115], [70.7684477, 22.3274448], [70.7684248, 22.3271931], [70.7684053, 22.3268026], [70.7684014, 22.326648], [70.7683506, 22.3251948], [70.7683257, 22.3245664], [70.7680862, 22.3232845], [70.7680024, 22.3228362]]}}, {"type": "Feature", "properties": {"road_type": "trunk", "name": "150Feet Ring Road Railway Flyover", "major": true}, "geometry": {"type": "LineString", "coordinates": [[70.7761291, 22.33773], [70.7757914, 22.3372784], [70.774907, 22.3360625], [70.7743208, 22.3352952], [70.7741595, 22.3350841], [70.7735001, 22.3342211], [70.7728233, 22.3333498], [70.7721277, 22.3324742], [70.7716776, 22.3318885]]}}, {"type": "Feature", "properties": {"road_type": "secondary", "name": "Unnamed road", "major": true}, "geometry": {"type": "LineString", "coordinates": [[70.8193569, 22.2832119], [70.8196092, 22.283263], [70.8198851, 22.2833189], [70.8200872, 22.2833614], [70.8207456, 22.2834809], [70.8208611, 22.2835014], [70.8214041, 22.2835976], [70.8221399, 22.2837339], [70.8222905, 22.283757], [70.8224021, 22.283774], [70.8229263, 22.2838637], [70.8229629, 22.2838728], [70.8230095, 22.283878], [70.8230501, 22.2838849], [70.8230859, 22.2838911], [70.8231326, 22.2838991], [70.8246479, 22.2841596], [70.8255482, 22.2843366], [70.8272212, 22.2846197], [70.8277491, 22.284709], [70.8286657, 22.2848522], [70.8294885, 22.2849993]]}}, {"type": "Feature", "properties": {"road_type": "secondary", "name": "Unnamed road", "major": true}, "geometry": {"type": "LineString", "coordinates": [[70.8171822, 22.2828233], [70.8173292, 22.2828496], [70.8179997, 22.2829694], [70.8193569, 22.2832119]]}}, {"type": "Feature", "properties": {"road_type": "secondary", "name": "Unnamed road", "major": true}, "geometry": {"type": "LineString", "coordinates": [[70.8109447, 22.2817738], [70.81155, 22.2818875], [70.8121237, 22.281982], [70.8127354, 22.2820951], [70.8131646, 22.2821673], [70.813581, 22.2822324], [70.8138752, 22.2822831], [70.814032, 22.2823094], [70.8144539, 22.2823703], [70.814917, 22.2824579], [70.8155622, 22.282554], [70.8159524, 22.282618], [70.8165019, 22.2827109]]}}, {"type": "Feature", "properties": {"road_type": "tertiary", "name": "Unnamed road", "major": false}, "geometry": {"type": "LineString", "coordinates": [[70.8627215, 22.3579694], [70.8624636, 22.3576681]]}}, {"type": "Feature", "properties": {"road_type": "tertiary", "name": "Unnamed road", "major": false}, "geometry": {"type": "LineString", "coordinates": [[70.8994847, 22.2224139], [70.8998296, 22.2229355]]}}, {"type": "Feature", "properties": {"road_type": "tertiary", "name": "Unnamed road", "major": false}, "geometry": {"type": "LineString", "coordinates": [[70.8998296, 22.2229355], [70.8998706, 22.2229885], [70.8999369, 22.2230374], [70.9000116, 22.2230684], [70.9001584, 22.223096], [70.9002288, 22.2231068], [70.9002659, 22.2231125], [70.9003529, 22.2231236], [70.900457, 22.2231252], [70.9006964, 22.223117], [70.9008342, 22.2231157], [70.9012524, 22.2231413], [70.901663, 22.2231773], [70.9019194, 22.2232029], [70.9022865, 22.2232323], [70.9024354, 22.2232494], [70.9025422, 22.2232684], [70.9026525, 22.2233037], [70.9027641, 22.22335], [70.9029697, 22.2234521], [70.9030936, 22.2235382], [70.9031326, 22.2235741], [70.9031631, 22.2236022], [70.9032251, 22.2236905], [70.9032559, 22.2237658], [70.90338, 22.224184], [70.9034157, 22.2243078], [70.9034345, 22.2243993], [70.9034458, 22.2244908], [70.9034612, 22.2246325], [70.903476, 22.2248249], [70.9035049, 22.2250413], [70.9035425, 22.2252502], [70.9036221, 22.2257988], [70.9036434, 22.2258878], [70.9036778, 22.2259733], [70.9037398, 22.2260665], [70.903807, 22.226141], [70.9038772, 22.2262114], [70.9039436, 22.2262544], [70.904268, 22.2264386], [70.9047485, 22.2267336], [70.9048427, 22.2267915], [70.9049951, 22.2268774], [70.9051717, 22.226977], [70.9052222, 22.2270055], [70.9053119, 22.2270541], [70.9053916, 22.2270972], [70.9056228, 22.2272224], [70.9057441, 22.2272916], [70.9060988, 22.2274937], [70.9061658, 22.2275327], [70.9062228, 22.2275658], [70.906373, 22.2276531], [70.90643, 22.2276784], [70.9064817, 22.2276969], [70.9065554, 22.2277132], [70.9066488, 22.227719], [70.9067129, 22.2277207], [70.9072194, 22.2276712], [70.907597, 22.2276343], [70.9080258, 22.2275933], [70.9080775, 22.2275883], [70.9084513, 22.2275588], [70.9087828, 22.2275327], [70.9088709, 22.227525], [70.9091506, 22.2275007], [70.9094384, 22.2274714], [70.9096614, 22.2274531], [70.9097901, 22.2274402], [70.9098703, 22.2274343], [70.9101388, 22.2274447], [70.9102651, 22.2274535], [70.9103302, 22.227461], [70.9104305, 22.2274735], [70.9105234, 22.2274931], [70.9105747, 22.22751], [70.9106237, 22.2275289], [70.9106941, 22.2275629], [70.910739, 22.2275888], [70.9109578, 22.22773]]}}, {"type": "Feature", "properties": {"road_type": "tertiary", "name": "Unnamed road", "major": false}, "geometry": {"type": "LineString", "coordinates": [[70.8624636, 22.3576681], [70.8623728, 22.3574994]]}}, {"type": "Feature", "properties": {"road_type": "secondary", "name": "Raiya Road", "major": true}, "geometry": {"type": "LineString", "coordinates": [[70.791371, 22.2982881], [70.7908391, 22.2982544], [70.7906227, 22.2982364], [70.789829, 22.2981703], [70.7879809, 22.2979853], [70.7874333, 22.2979057]]}}, {"type": "Feature", "properties": {"road_type": "tertiary", "name": "Dhebar Road", "major": false}, "geometry": {"type": "LineString", "coordinates": [[70.8001754, 22.3168356], [70.8001495, 22.3167998], [70.8001373, 22.3167686], [70.8001314, 22.3167407], [70.8001294, 22.3167074], [70.8001338, 22.3166574], [70.8001455, 22.3166245], [70.8001697, 22.3165712], [70.8002277, 22.3164861], [70.8006049, 22.3160515], [70.8008583, 22.3157462], [70.8010906, 22.3154802], [70.8014131, 22.3150561], [70.8015766, 22.3147997], [70.8016816, 22.3145994], [70.80185, 22.3139589], [70.8022437, 22.3122096], [70.8023209, 22.3118728], [70.8026665, 22.3103635], [70.8027501, 22.309989], [70.8028416, 22.3095322], [70.8028701, 22.3094311], [70.8029216, 22.3092322], [70.8030002, 22.3088528], [70.8030669, 22.3085109], [70.8031405, 22.308182], [70.80317, 22.3080342], [70.8032181, 22.3079063], [70.8032395, 22.3078418], [70.8034141, 22.3069763], [70.8037033, 22.3058137], [70.8038255, 22.3052422], [70.8038431, 22.3050436], [70.8038333, 22.304556]]}}, {"type": "Feature", "properties": {"road_type": "secondary", "name": "Race Course Ring Road", "major": true}, "geometry": {"type": "LineString", "coordinates": [[70.7921304, 22.3018532], [70.7921007, 22.3017127], [70.7920546, 22.3015078], [70.7920095, 22.3012586], [70.7919563, 22.301026], [70.7919038, 22.3008123], [70.7918513, 22.3005461], [70.7917938, 22.3001686], [70.7916584, 22.2990061], [70.7916085, 22.2984653]]}}, {"type": "Feature", "properties": {"road_type": "primary", "name": "Race Course Ring Road", "major": true}, "geometry": {"type": "LineString", "coordinates": [[70.7916498, 22.3074301], [70.7917272, 22.3072739], [70.7917548, 22.3069641], [70.7918029, 22.3061354], [70.7918647, 22.3051637], [70.7919393, 22.3036493], [70.7919636, 22.3033785], [70.7919942, 22.3028113], [70.7920261, 22.3024125], [70.792066, 22.3023196], [70.7920765, 22.3022414], [70.7920839, 22.3021652], [70.7921015, 22.3020501]]}}, {"type": "Feature", "properties": {"road_type": "secondary", "name": "Unnamed road", "major": true}, "geometry": {"type": "LineString", "coordinates": [[70.7916293, 22.2984387], [70.7916366, 22.2984225], [70.7916429, 22.2984084], [70.7916486, 22.2983759], [70.7916443, 22.2983359], [70.7916279, 22.2982985], [70.7916009, 22.298267], [70.7915654, 22.2982437], [70.7915242, 22.2982307], [70.7914807, 22.298229], [70.7914385, 22.2982386], [70.7914009, 22.2982589], [70.791371, 22.2982881], [70.7913525, 22.2983207], [70.7913437, 22.2983566], [70.7913452, 22.2983933], [70.7913569, 22.2984285], [70.7913811, 22.2984631], [70.7914151, 22.2984897], [70.791456, 22.2985062], [70.7914972, 22.2985111], [70.7915384, 22.2985055], [70.7915764, 22.2984899], [70.7916085, 22.2984653], [70.7916293, 22.2984387]]}}, {"type": "Feature", "properties": {"road_type": "primary", "name": "Unnamed road", "major": true}, "geometry": {"type": "LineString", "coordinates": [[70.7920105, 22.3020449], [70.7920374, 22.3020534], [70.7920657, 22.3020559], [70.7921015, 22.3020501], [70.792126, 22.3020447], [70.7921435, 22.3020275], [70.7921726, 22.3019915], [70.7921841, 22.3019477], [70.7921761, 22.3019033], [70.7921499, 22.3018654], [70.7921304, 22.3018532], [70.7921097, 22.3018401], [70.792062, 22.3018314], [70.7920144, 22.3018408], [70.7919746, 22.3018666], [70.7919592, 22.3018853], [70.7919483, 22.3019066], [70.791943, 22.3019261], [70.7919416, 22.3019462], [70.791944, 22.3019662], [70.7919503, 22.3019855], [70.7919602, 22.3020034], [70.7919721, 22.3020181], [70.7919864, 22.3020309], [70.7920105, 22.3020449]]}}, {"type": "Feature", "properties": {"road_type": "primary", "name": "Sitaram-Pandit Road", "major": true}, "geometry": {"type": "LineString", "coordinates": [[70.7986783, 22.3017743], [70.798836, 22.3017614]]}}, {"type": "Feature", "properties": {"road_type": "tertiary", "name": "Raiya Road", "major": false}, "geometry": {"type": "LineString", "coordinates": [[70.7957335, 22.2906778], [70.795722, 22.2907544], [70.795719, 22.2908274], [70.7957481, 22.291218], [70.7957839, 22.2915788], [70.795809, 22.2918517], [70.7958665, 22.292418], [70.795892, 22.292715], [70.7959191, 22.2929607], [70.7959868, 22.293815], [70.7960473, 22.2944136], [70.7960609, 22.294558], [70.7960846, 22.2947612], [70.7961278, 22.2952674], [70.7961451, 22.2953647], [70.7961892, 22.2954073]]}}, {"type": "Feature", "properties": {"road_type": "tertiary", "name": "Dhebar Road", "major": false}, "geometry": {"type": "LineString", "coordinates": [[70.8015403, 22.2464042], [70.8015069, 22.2463896], [70.8014327, 22.2463475], [70.8012851, 22.2462733], [70.801199, 22.2462583], [70.8011526, 22.2462638], [70.8011084, 22.2462792], [70.8010845, 22.2463092], [70.8010751, 22.2463524], [70.8010714, 22.2467797], [70.8010602, 22.2473512], [70.8010444, 22.2477207], [70.8010444, 22.2482772], [70.8010503, 22.2483587], [70.8011479, 22.2489432], [70.801156, 22.2490099], [70.8011556, 22.249086], [70.801128, 22.2491384], [70.8010465, 22.2492797], [70.8009846, 22.2494029], [70.8009468, 22.2495216], [70.800904, 22.2503599], [70.8008984, 22.2507065], [70.8008916, 22.251134], [70.8008854, 22.2515265], [70.8008756, 22.2521413], [70.8008818, 22.2523489], [70.800889, 22.2525905], [70.8008859, 22.2526782], [70.8008752, 22.2529858], [70.8008522, 22.2536448], [70.8008424, 22.254285], [70.8008347, 22.2547877], [70.8008252, 22.2554081], [70.8008158, 22.256023], [70.8008073, 22.2565777], [70.8007903, 22.2576869], [70.8007732, 22.2579492], [70.800756, 22.2587995], [70.8007553, 22.2588274], [70.8007409, 22.2594476], [70.8007223, 22.260243], [70.8007056, 22.2609573], [70.800696, 22.2613632], [70.8006944, 22.2614302], [70.8006701, 22.2621531], [70.8006542, 22.2628444], [70.8006442, 22.2632785], [70.8006186, 22.264394], [70.8005837, 22.2664149], [70.8005735, 22.2670041], [70.8005671, 22.267374], [70.8005942, 22.2685361], [70.8005723, 22.2694419], [70.8005519, 22.2696775], [70.8005455, 22.269806]]}}, {"type": "Feature", "properties": {"road_type": "tertiary", "name": "Dhebar Road", "major": false}, "geometry": {"type": "LineString", "coordinates": [[70.8005455, 22.269806], [70.8005365, 22.2698795], [70.8005282, 22.2702493], [70.8004426, 22.2709417], [70.8003968, 22.2714064], [70.8003713, 22.2715741], [70.8003378, 22.2718677], [70.8003038, 22.2730519], [70.8003039, 22.2731388], [70.8002959, 22.2739973], [70.8003037, 22.2745636], [70.8002985, 22.2747751], [70.8002878, 22.2752116], [70.8002862, 22.2752796], [70.8002823, 22.2754373], [70.8002927, 22.2755948], [70.8003225, 22.2762887], [70.8003244, 22.2764997], [70.8003183, 22.2772455], [70.8003169, 22.2774352], [70.8003213, 22.2778094], [70.8003175, 22.2783555], [70.8002865, 22.2795117], [70.8002737, 22.2798993]]}}, {"type": "Feature", "properties": {"road_type": "secondary", "name": "Unnamed road", "major": true}, "geometry": {"type": "LineString", "coordinates": [[70.8018092, 22.2800889], [70.801771, 22.2801551], [70.801757, 22.2802323], [70.8017684, 22.2803024], [70.8018018, 22.2803663], [70.8018541, 22.2804182], [70.8019206, 22.2804535], [70.8019954, 22.280469], [70.8020718, 22.2804634], [70.8021421, 22.2804375], [70.8022012, 22.2803938], [70.802244, 22.2803361], [70.8022667, 22.2802693], [70.8022659, 22.2801911], [70.8022471, 22.2801346], [70.8022153, 22.2800861], [70.802172, 22.2800459], [70.8021012, 22.2800094], [70.8020215, 22.2799952], [70.801941, 22.2800047], [70.8018678, 22.280037], [70.8018092, 22.2800889]]}}, {"type": "Feature", "properties": {"road_type": "tertiary", "name": "Unnamed road", "major": false}, "geometry": {"type": "LineString", "coordinates": [[70.8057554, 22.2497449], [70.8056351, 22.2498627], [70.8054707, 22.2500059], [70.805384, 22.2500874], [70.8048559, 22.2507938], [70.8044404, 22.2513654], [70.8042713, 22.251598], [70.8039153, 22.2527145]]}}, {"type": "Feature", "properties": {"road_type": "tertiary", "name": "Unnamed road", "major": false}, "geometry": {"type": "LineString", "coordinates": [[70.8009694, 22.2772853], [70.8009249, 22.2772628], [70.8008966, 22.2772589], [70.8006811, 22.2772663], [70.8003183, 22.2772455]]}}, {"type": "Feature", "properties": {"road_type": "secondary", "name": "Unnamed road", "major": true}, "geometry": {"type": "LineString", "coordinates": [[70.801771, 22.2801551], [70.801119, 22.2800315], [70.8002737, 22.2798993], [70.7992366, 22.2797278]]}}, {"type": "Feature", "properties": {"road_type": "tertiary", "name": "Unnamed road", "major": false}, "geometry": {"type": "LineString", "coordinates": [[70.8006944, 22.2614302], [70.8013738, 22.2612533], [70.8018884, 22.2611051], [70.8021041, 22.2610564], [70.8025483, 22.2610492], [70.8031157, 22.2610461], [70.8045924, 22.2610409]]}}, {"type": "Feature", "properties": {"road_type": "tertiary", "name": "Unnamed road", "major": false}, "geometry": {"type": "LineString", "coordinates": [[70.8005519, 22.2696775], [70.8010174, 22.2697266], [70.8014512, 22.2697806], [70.8018604, 22.2698139], [70.8022465, 22.269851], [70.8026269, 22.2698368], [70.8030391, 22.2698232], [70.8034422, 22.2698018], [70.8038537, 22.2697969], [70.8043464, 22.2697999], [70.8046578, 22.2697964], [70.8049649, 22.269793], [70.8055208, 22.2697852], [70.8055572, 22.2697849], [70.8060057, 22.269785], [70.8064252, 22.2697852], [70.806774, 22.2697853], [70.8071008, 22.2697854], [70.8077065, 22.2697856], [70.8079773, 22.2697857], [70.8086372, 22.2697859], [70.8088765, 22.269786], [70.8091822, 22.2697894], [70.8095809, 22.2697862], [70.8098433, 22.26979], [70.8098902, 22.2697863], [70.8101742, 22.2697864], [70.810502, 22.2697865], [70.8108704, 22.2697854], [70.8110538, 22.2697867], [70.8114453, 22.2697868], [70.8116835, 22.2698024], [70.8118441, 22.269836], [70.8118915, 22.2698459], [70.8124211, 22.2699433], [70.8126018, 22.2699683], [70.8130483, 22.2700168], [70.813122, 22.2700197]]}}, {"type": "Feature", "properties": {"road_type": "tertiary", "name": "Unnamed road", "major": false}, "geometry": {"type": "LineString", "coordinates": [[70.8044081, 22.2774928], [70.804347, 22.2775023], [70.8043237, 22.2775094], [70.8043032, 22.277524], [70.8042867, 22.2775462], [70.8041431, 22.2777513], [70.8038667, 22.2781462], [70.8037809, 22.2782654], [70.8034573, 22.2787147], [70.8033399, 22.2788682], [70.8032454, 22.2789917], [70.8031929, 22.2790503], [70.8027148, 22.2795517], [70.802172, 22.2800459]]}}, {"type": "Feature", "properties": {"road_type": "secondary", "name": "Unnamed road", "major": true}, "geometry": {"type": "LineString", "coordinates": [[70.7986273, 22.2994666], [70.7985732, 22.2997162], [70.7985657, 22.2998901], [70.798571, 22.299973], [70.7985796, 22.3000538], [70.7988215, 22.3009301], [70.7988696, 22.3011406], [70.7989828, 22.301621]]}}, {"type": "Feature", "properties": {"road_type": "tertiary", "name": "Rajendra Prasat Road", "major": false}, "geometry": {"type": "LineString", "coordinates": [[70.8013469, 22.2895144], [70.802023, 22.2893037], [70.8027398, 22.2891958], [70.8028731, 22.2891798], [70.8032809, 22.2891353], [70.8033783, 22.2891247], [70.8037292, 22.2890936], [70.8042209, 22.2890503], [70.8045507, 22.2890034], [70.8051691, 22.2889109], [70.8055337, 22.2888563], [70.805813, 22.2888284], [70.8062128, 22.2888077], [70.8065209, 22.2887917], [70.8065961, 22.2887878], [70.8069351, 22.2887554], [70.8072511, 22.2887323], [70.8075297, 22.2887202], [70.8078273, 22.2887199], [70.8080963, 22.2887209], [70.8081339, 22.2887252], [70.8081613, 22.2887464], [70.8081796, 22.2887701], [70.8081877, 22.2887994], [70.8081738, 22.2892992], [70.8081818, 22.2896509], [70.8081894, 22.2899896], [70.8081974, 22.2903427], [70.8082033, 22.2906017], [70.8082094, 22.2908747], [70.8082165, 22.291185], [70.8082227, 22.2914861], [70.8082276, 22.2917096], [70.8082362, 22.2920562], [70.8082425, 22.2923345], [70.8082447, 22.292434], [70.8082485, 22.2926017], [70.8082539, 22.2928375], [70.8082592, 22.2930749], [70.8082611, 22.2931576], [70.8082662, 22.2933823], [70.8082684, 22.2934789], [70.8082767, 22.2938468], [70.8082825, 22.2941003], [70.808298, 22.2947861], [70.8082991, 22.2948326]]}}, {"type": "Feature", "properties": {"road_type": "tertiary", "name": "Unnamed road", "major": false}, "geometry": {"type": "LineString", "coordinates": [[70.8082991, 22.2948326], [70.8082453, 22.2951717], [70.8082496, 22.2953618], [70.8082555, 22.2956152], [70.808258, 22.295728], [70.8082612, 22.2958648], [70.8082777, 22.2960465], [70.8082948, 22.2964864]]}}, {"type": "Feature", "properties": {"road_type": "tertiary", "name": "Unnamed road", "major": false}, "geometry": {"type": "LineString", "coordinates": [[70.7533038, 22.287697], [70.7530672, 22.2876637], [70.7522096, 22.2875077], [70.7521348, 22.2874892], [70.7506193, 22.2871754], [70.7505882, 22.287169], [70.7503607, 22.2871095], [70.7502827, 22.2870865], [70.7501152, 22.2870372], [70.748603, 22.2865054], [70.7474524, 22.2861033], [70.7472861, 22.2860587], [70.7470808, 22.2860038]]}}, {"type": "Feature", "properties": {"road_type": "tertiary", "name": "Unnamed road", "major": false}, "geometry": {"type": "LineString", "coordinates": [[70.8139861, 22.2920203], [70.8143649, 22.2920449], [70.8148111, 22.292074], [70.8149728, 22.2920845], [70.8150971, 22.2920926], [70.8152617, 22.2921033], [70.8153944, 22.2921119], [70.8154988, 22.2921187]]}}, {"type": "Feature", "properties": {"road_type": "secondary", "name": "Unnamed road", "major": true}, "geometry": {"type": "LineString", "coordinates": [[70.8309663, 22.2837954], [70.8309145, 22.2837379], [70.8307375, 22.283598], [70.8305236, 22.2834726], [70.8303929, 22.2834197], [70.8299272, 22.2833029], [70.8297442, 22.2832695], [70.8294166, 22.2832639], [70.8292811, 22.2832748], [70.8288372, 22.2834152], [70.8285687, 22.2835419], [70.8284525, 22.2836268], [70.8281389, 22.2839303], [70.8279154, 22.2843029], [70.8277737, 22.2846281], [70.8277491, 22.284709], [70.8277867, 22.2850883], [70.8278801, 22.2854865], [70.8280196, 22.2857955], [70.828176, 22.2860614], [70.8282537, 22.286153], [70.8286006, 22.2864285], [70.8288184, 22.2865397], [70.8290705, 22.2866288], [70.8295775, 22.2866996], [70.8298459, 22.2867002], [70.8302543, 22.2866145], [70.8306192, 22.2864557], [70.8309916, 22.2861594], [70.8311806, 22.2859666], [70.8312949, 22.2857737], [70.8314054, 22.2853528]]}}, {"type": "Feature", "properties": {"road_type": "secondary", "name": "Unnamed road", "major": true}, "geometry": {"type": "LineString", "coordinates": [[70.83686, 22.2862023], [70.8344892, 22.2857744], [70.8322036, 22.285396], [70.8317647, 22.2853243], [70.8314317, 22.2852672], [70.8297352, 22.2849781]]}}, {"type": "Feature", "properties": {"road_type": "tertiary", "name": "Unnamed road", "major": false}, "geometry": {"type": "LineString", "coordinates": [[70.8224021, 22.283774], [70.8224228, 22.2836909], [70.822657, 22.2828123], [70.8227225, 22.2826723], [70.8243017, 22.2805934], [70.8246937, 22.2800588], [70.8249003, 22.2797938], [70.8252769, 22.2791855], [70.8253057, 22.2791274], [70.8253538, 22.2790289], [70.8253858, 22.2789252], [70.8253848, 22.2788825], [70.8253815, 22.2788441], [70.8253126, 22.2784333], [70.8251561, 22.2774861], [70.8249943, 22.2766858]]}}, {"type": "Feature", "properties": {"road_type": "tertiary", "name": "Unnamed road", "major": false}, "geometry": {"type": "LineString", "coordinates": [[70.8266319, 22.2875696], [70.8267531, 22.2875993], [70.8272171, 22.2877129], [70.8278793, 22.2878784], [70.8284084, 22.2880224], [70.8286603, 22.2880736], [70.8296204, 22.2883135], [70.829883, 22.2883669], [70.8305526, 22.2885032], [70.8312904, 22.2886534], [70.832079, 22.2888139], [70.8330698, 22.289022], [70.8331814, 22.28903], [70.8333913, 22.2890778], [70.8335415, 22.2891081], [70.8358345, 22.2895711]]}}, {"type": "Feature", "properties": {"road_type": "tertiary", "name": "Unnamed road", "major": false}, "geometry": {"type": "LineString", "coordinates": [[70.8233969, 22.2962039], [70.8232298, 22.2964723], [70.8229812, 22.2970372], [70.8229221, 22.2971781], [70.8228031, 22.2974857], [70.8226025, 22.2979555], [70.8222947, 22.2985452], [70.8220915, 22.2989154], [70.8220396, 22.29905], [70.8219203, 22.2993254], [70.8217627, 22.2996325], [70.8215739, 22.3001227], [70.8215344, 22.3001909]]}}, {"type": "Feature", "properties": {"road_type": "tertiary", "name": "Unnamed road", "major": false}, "geometry": {"type": "LineString", "coordinates": [[70.8132737, 22.3016158], [70.8133556, 22.3016703], [70.8136679, 22.3018651], [70.8138768, 22.3020326], [70.8139694, 22.3021046], [70.8140263, 22.3021464], [70.8140861, 22.3021753], [70.8143078, 22.3022481], [70.8146179, 22.3023573], [70.8149555, 22.3024835], [70.8153575, 22.3026422], [70.8156851, 22.3027402], [70.8158829, 22.3028078], [70.8162859, 22.3028985], [70.816376, 22.3029185], [70.8165832, 22.3029644], [70.816809, 22.3030157], [70.8172666, 22.3031231], [70.8174532, 22.3031589], [70.8175686, 22.3031806], [70.8176678, 22.3032115], [70.8177753, 22.303243], [70.8178427, 22.3032589], [70.8179945, 22.3032946], [70.818057, 22.3033103], [70.8182411, 22.3033579], [70.8185581, 22.3034477], [70.818578, 22.3034543], [70.8191079, 22.3036311], [70.8192958, 22.303689], [70.8197188, 22.3038269]]}}, {"type": "Feature", "properties": {"road_type": "tertiary", "name": "Unnamed road", "major": false}, "geometry": {"type": "LineString", "coordinates": [[70.8270426, 22.3098741], [70.8271208, 22.3096906], [70.8273904, 22.3090964], [70.8274027, 22.3090732], [70.8274284, 22.3090248], [70.8274871, 22.3089472], [70.8276584, 22.3087256], [70.8278691, 22.308453], [70.8279567, 22.3083458], [70.8282911, 22.3079201]]}}, {"type": "Feature", "properties": {"road_type": "tertiary", "name": "Unnamed road", "major": false}, "geometry": {"type": "LineString", "coordinates": [[70.8214931, 22.3002493], [70.8214598, 22.300289], [70.8214265, 22.3003287], [70.8213993, 22.3003681], [70.8212705, 22.3006208], [70.8210022, 22.3011862], [70.8209504, 22.3012814], [70.8207463, 22.3017085], [70.8206341, 22.3019415], [70.8205545, 22.3021067], [70.8204792, 22.30226], [70.8201573, 22.3029281], [70.8199455, 22.3033272], [70.819847, 22.3035462], [70.8198409, 22.3035677], [70.8198448, 22.3036491]]}}, {"type": "Feature", "properties": {"road_type": "tertiary", "name": "Unnamed road", "major": false}, "geometry": {"type": "LineString", "coordinates": [[70.8197626, 22.3038595], [70.8197879, 22.3038627], [70.819813, 22.3038579], [70.8198349, 22.3038457], [70.8198512, 22.3038276], [70.8198602, 22.3038054], [70.8198607, 22.3037818], [70.8198528, 22.3037593], [70.8198372, 22.3037405], [70.8198159, 22.3037275], [70.8197986, 22.3037226], [70.8197806, 22.3037217], [70.8197557, 22.3037271], [70.8197341, 22.3037398], [70.8197182, 22.3037584], [70.8197099, 22.3037809], [70.8197102, 22.3038046], [70.8197188, 22.3038269], [70.8197303, 22.3038411], [70.8197452, 22.3038522], [70.8197626, 22.3038595]]}}, {"type": "Feature", "properties": {"road_type": "tertiary", "name": "Unnamed road", "major": false}, "geometry": {"type": "LineString", "coordinates": [[70.8098808, 22.3081034], [70.8098877, 22.3081242], [70.8101043, 22.3084653], [70.8103235, 22.3088106], [70.8105394, 22.3091506], [70.8107958, 22.3095101], [70.8110093, 22.3098467], [70.8112425, 22.310194], [70.8112577, 22.3102215]]}}, {"type": "Feature", "properties": {"road_type": "tertiary", "name": "Unnamed road", "major": false}, "geometry": {"type": "LineString", "coordinates": [[70.804059, 22.3014733], [70.8044926, 22.3017449], [70.8046625, 22.3018513], [70.8049831, 22.3020462], [70.8052132, 22.3021861], [70.8055129, 22.3023742], [70.8055645, 22.3024037], [70.8057843, 22.3025566], [70.8060805, 22.3027216]]}}, {"type": "Feature", "properties": {"road_type": "tertiary", "name": "Unnamed road", "major": false}, "geometry": {"type": "LineString", "coordinates": [[70.7963793, 22.3081283], [70.7962149, 22.3081802], [70.796022, 22.3082443], [70.7956021, 22.3083797], [70.7953879, 22.3084354], [70.7951527, 22.3084812], [70.7949323, 22.308511], [70.7947534, 22.3084954], [70.7945659, 22.3084537], [70.7942762, 22.3083598], [70.7938925, 22.3082247], [70.7935533, 22.3081079], [70.7932117, 22.3080231], [70.7924918, 22.3078668], [70.7919476, 22.3077583], [70.7917945, 22.3077355]]}}, {"type": "Feature", "properties": {"road_type": "tertiary", "name": "Unnamed road", "major": false}, "geometry": {"type": "LineString", "coordinates": [[70.7814252, 22.2955925], [70.7816621, 22.294919], [70.781663, 22.29488], [70.7816644, 22.2948104], [70.7816755, 22.2947762], [70.7818362, 22.2942815], [70.7819392, 22.2939546], [70.7819608, 22.2938981], [70.7821137, 22.2934276], [70.7821505, 22.2933343], [70.7823593, 22.2928044], [70.782369, 22.2927352]]}}, {"type": "Feature", "properties": {"road_type": "tertiary", "name": "Unnamed road", "major": false}, "geometry": {"type": "LineString", "coordinates": [[70.7799942, 22.2911491], [70.780297, 22.2908059], [70.7803593, 22.2907314], [70.7805093, 22.2905506], [70.7805514, 22.2905099], [70.7807853, 22.2902834], [70.7809243, 22.2901489], [70.7813851, 22.2896414], [70.7817614, 22.2892271], [70.781905, 22.289067], [70.7820131, 22.2889465], [70.7822858, 22.2886967]]}}, {"type": "Feature", "properties": {"road_type": "tertiary", "name": "Unnamed road", "major": false}, "geometry": {"type": "LineString", "coordinates": [[70.7785185, 22.2906429], [70.778405, 22.2909975], [70.7781716, 22.2916657], [70.7781576, 22.2917138], [70.7780067, 22.292226], [70.7778905, 22.2926204], [70.7777375, 22.2929721], [70.7777183, 22.2930262], [70.7776877, 22.2931125], [70.7774102, 22.2938958], [70.7772352, 22.2943899], [70.7771788, 22.2945492], [70.7770023, 22.2950474], [70.7768766, 22.2954023], [70.7766085, 22.2962095], [70.7762941, 22.2972496], [70.7761958, 22.2975514], [70.7760534, 22.298032], [70.7759081, 22.2985227], [70.7758213, 22.2988175], [70.7757524, 22.2991262], [70.7756577, 22.2995229], [70.775602, 22.2997292], [70.7755167, 22.3002411]]}}, {"type": "Feature", "properties": {"road_type": "tertiary", "name": "Unnamed road", "major": false}, "geometry": {"type": "LineString", "coordinates": [[70.7797847, 22.2929332], [70.7801188, 22.2924423], [70.7806227, 22.2916761]]}}, {"type": "Feature", "properties": {"road_type": "tertiary", "name": "Unnamed road", "major": false}, "geometry": {"type": "LineString", "coordinates": [[70.7793924, 22.2948083], [70.7794703, 22.2942242], [70.7795694, 22.2934546], [70.7795885, 22.2933576], [70.7796748, 22.2930935]]}}, {"type": "Feature", "properties": {"road_type": "tertiary", "name": "Unnamed road", "major": false}, "geometry": {"type": "LineString", "coordinates": [[70.7817696, 22.299112], [70.7817587, 22.2990162], [70.7816494, 22.2981264], [70.7815899, 22.2975681], [70.7814979, 22.2968845], [70.7814249, 22.2962301], [70.7813624, 22.2957773], [70.7813692, 22.2957308], [70.7814252, 22.2955925]]}}, {"type": "Feature", "properties": {"road_type": "tertiary", "name": "Unnamed road", "major": false}, "geometry": {"type": "LineString", "coordinates": [[70.8028143, 22.2961836], [70.8027657, 22.296257], [70.8027415, 22.2963185], [70.8026898, 22.2970956], [70.8026375, 22.2975459], [70.8026306, 22.2976184], [70.8024771, 22.2992216]]}}, {"type": "Feature", "properties": {"road_type": "secondary", "name": "Unnamed road", "major": true}, "geometry": {"type": "LineString", "coordinates": [[70.7797422, 22.2868361], [70.7796349, 22.2869213], [70.779513, 22.2872284], [70.7793323, 22.2877174], [70.7792212, 22.2879921], [70.779124, 22.2882704], [70.778961, 22.2886406], [70.7786128, 22.2894772], [70.7784416, 22.2898282], [70.7783943, 22.2899269], [70.778382, 22.2900898], [70.7784456, 22.2902352], [70.7785134, 22.290379]]}}, {"type": "Feature", "properties": {"road_type": "secondary", "name": "Unnamed road", "major": true}, "geometry": {"type": "LineString", "coordinates": [[70.7994713, 22.2822165], [70.7989215, 22.2822739], [70.7985824, 22.2823331], [70.7982089, 22.2823564], [70.7976802, 22.2824202], [70.7971998, 22.2824865], [70.7967725, 22.282533]]}}, {"type": "Feature", "properties": {"road_type": "tertiary", "name": "Unnamed road", "major": false}, "geometry": {"type": "LineString", "coordinates": [[70.8045821, 22.280662], [70.8045808, 22.2806022], [70.8045798, 22.2805567], [70.8045676, 22.2799938], [70.8045551, 22.279416], [70.804545, 22.2789519], [70.8045392, 22.278686], [70.8045266, 22.2781047], [70.8045186, 22.2777334], [70.8045115, 22.2774093], [70.8045095, 22.2773172], [70.8044997, 22.2768639], [70.8044903, 22.276432], [70.8044815, 22.2760239], [70.8044715, 22.2755653], [70.804463, 22.2751723], [70.8044528, 22.2747043], [70.804444, 22.2742956], [70.8044354, 22.2738996], [70.804426, 22.2734705], [70.8044177, 22.2730865], [70.8044055, 22.2725248], [70.8044036, 22.2724344], [70.8044001, 22.2722767], [70.8043727, 22.271013], [70.8043587, 22.2703672], [70.8043464, 22.2697999]]}}, {"type": "Feature", "properties": {"road_type": "secondary", "name": "Unnamed road", "major": true}, "geometry": {"type": "LineString", "coordinates": [[70.7881283, 22.2913786], [70.7881142, 22.2913469], [70.7880915, 22.2913197], [70.7880618, 22.291299], [70.7880177, 22.2912843], [70.7879707, 22.291284], [70.7879263, 22.291298], [70.7878895, 22.2913249], [70.7878747, 22.2913429], [70.7878636, 22.291363], [70.7878539, 22.2913999], [70.7878562, 22.2914378], [70.7878703, 22.2914735], [70.787895, 22.2915038], [70.7879281, 22.2915262], [70.7879588, 22.2915371], [70.7879915, 22.2915411], [70.7880276, 22.2915371], [70.7880614, 22.2915246], [70.7880906, 22.2915045], [70.7881078, 22.2914858], [70.7881228, 22.2914602], [70.7881312, 22.2914321], [70.7881318, 22.2914203], [70.7881327, 22.291403], [70.7881283, 22.2913786]]}}, {"type": "Feature", "properties": {"road_type": "secondary", "name": "Unnamed road", "major": true}, "geometry": {"type": "LineString", "coordinates": [[70.7858011, 22.2903595], [70.7860953, 22.2903789]]}}, {"type": "Feature", "properties": {"road_type": "tertiary", "name": "Unnamed road", "major": false}, "geometry": {"type": "LineString", "coordinates": [[70.785395, 22.2985778], [70.7854212, 22.2988076], [70.7854279, 22.2989177], [70.785436, 22.2990501], [70.7854558, 22.2992355]]}}, {"type": "Feature", "properties": {"road_type": "tertiary", "name": "Unnamed road", "major": false}, "geometry": {"type": "LineString", "coordinates": [[70.7712629, 22.3316243], [70.7710259, 22.3317466], [70.7708752, 22.3318494], [70.7703736, 22.332168], [70.7701831, 22.332285], [70.7698989, 22.3324841], [70.7695049, 22.3327831], [70.7694044, 22.3328594], [70.7689954, 22.3332606], [70.768675, 22.333645], [70.7685191, 22.3337982], [70.7682529, 22.3340598], [70.7681251, 22.3342286], [70.7676163, 22.3349005], [70.7673984, 22.3351883], [70.7671341, 22.3356421], [70.7670816, 22.3356694], [70.7669978, 22.3356816], [70.7668588, 22.3357084]]}}, {"type": "Feature", "properties": {"road_type": "tertiary", "name": "Unnamed road", "major": false}, "geometry": {"type": "LineString", "coordinates": [[70.7872913, 22.3069729], [70.7874917, 22.3067663], [70.7875598, 22.3066858]]}}, {"type": "Feature", "properties": {"road_type": "tertiary", "name": "Unnamed road", "major": false}, "geometry": {"type": "LineString", "coordinates": [[70.796316, 22.3077166], [70.7962651, 22.3075264], [70.7961821, 22.307184], [70.7961441, 22.3070102], [70.7960532, 22.3065942], [70.7959499, 22.3061649], [70.7957968, 22.3055012], [70.7956947, 22.3051238], [70.7955674, 22.3047246], [70.7954348, 22.3043759], [70.7953358, 22.3041137], [70.7953009, 22.3040094], [70.7952251, 22.3037786], [70.7951741, 22.3036383], [70.7951088, 22.3033896], [70.7950842, 22.3032741], [70.795043, 22.3030694], [70.7950184, 22.3029641], [70.7950002, 22.3028511], [70.7949936, 22.3027582], [70.7949891, 22.3025957]]}}, {"type": "Feature", "properties": {"road_type": "tertiary", "name": "Unnamed road", "major": false}, "geometry": {"type": "LineString", "coordinates": [[70.7881189, 22.3128564], [70.7881351, 22.3126423], [70.7881405, 22.3123511], [70.7881472, 22.3121465], [70.7881507, 22.3120663], [70.7881572, 22.3120295], [70.7881883, 22.3119415], [70.7882145, 22.31191], [70.7882541, 22.3118885], [70.7883322, 22.3118576], [70.7883686, 22.3118297], [70.7883865, 22.3117875], [70.788388, 22.3117236], [70.7883454, 22.3115482], [70.7883084, 22.3114697], [70.7882498, 22.3113562], [70.7881198, 22.3111774], [70.7880731, 22.3111169], [70.7880262, 22.3110772], [70.7879753, 22.3110462], [70.7879155, 22.3110131], [70.7878526, 22.3109519], [70.7877955, 22.310861], [70.7876745, 22.3106609], [70.7875185, 22.3104081], [70.787464, 22.3103273], [70.7870724, 22.3096581], [70.786832, 22.3093212], [70.7866841, 22.3090664], [70.7865147, 22.3087385], [70.7864726, 22.3086502], [70.7864674, 22.3086393], [70.7863887, 22.3084745], [70.7863064, 22.3082753], [70.7861961, 22.3080194], [70.7860858, 22.3077619], [70.7860721, 22.3077372], [70.7859241, 22.3072662], [70.7858969, 22.307142]]}}, {"type": "Feature", "properties": {"road_type": "tertiary", "name": "Unnamed road", "major": false}, "geometry": {"type": "LineString", "coordinates": [[70.791748, 22.3051604], [70.7918647, 22.3051637], [70.7920116, 22.3051601], [70.7921107, 22.3051572], [70.7922499, 22.3051595], [70.7923957, 22.3051595], [70.792547, 22.3051595], [70.7928961, 22.3051801], [70.7933046, 22.3052008], [70.7935448, 22.3051939], [70.7937329, 22.3051962], [70.7937967, 22.305186], [70.7939335, 22.3051641], [70.7941761, 22.3051229], [70.7945078, 22.3050336], [70.7948148, 22.3049557], [70.7952184, 22.3048411], [70.7955674, 22.3047246]]}}, {"type": "Feature", "properties": {"road_type": "tertiary", "name": "Unnamed road", "major": false}, "geometry": {"type": "LineString", "coordinates": [[70.7916407, 22.3001644], [70.7917938, 22.3001686], [70.7923293, 22.300152], [70.7930325, 22.3001291], [70.7934286, 22.3001245], [70.7937801, 22.300097], [70.794206, 22.30001], [70.7945821, 22.2999557], [70.7947886, 22.2999161], [70.7948703, 22.2999062], [70.7949364, 22.2999212], [70.7949857, 22.2999999], [70.7950148, 22.3001208], [70.79509, 22.3004446], [70.79515, 22.3007275], [70.7951895, 22.3009477], [70.795249, 22.3011725], [70.7953311, 22.3015602], [70.7954394, 22.3020836], [70.7955405, 22.3025096]]}}, {"type": "Feature", "properties": {"road_type": "tertiary", "name": "Adarsh Society Main Road", "major": false}, "geometry": {"type": "LineString", "coordinates": [[70.7863517, 22.3070493], [70.7863003, 22.3066815]]}}, {"type": "Feature", "properties": {"road_type": "tertiary", "name": "Chudasama Plot Main Road", "major": false}, "geometry": {"type": "LineString", "coordinates": [[70.7858969, 22.307142], [70.785834, 22.3065879]]}}, {"type": "Feature", "properties": {"road_type": "tertiary", "name": "Unnamed road", "major": false}, "geometry": {"type": "LineString", "coordinates": [[70.7953311, 22.3015602], [70.7951177, 22.3021679], [70.7949891, 22.3025957]]}}, {"type": "Feature", "properties": {"road_type": "tertiary", "name": "Unnamed road", "major": false}, "geometry": {"type": "LineString", "coordinates": [[70.7713807, 22.3104229], [70.7714216, 22.3103247]]}}, {"type": "Feature", "properties": {"road_type": "tertiary", "name": "Unnamed road", "major": false}, "geometry": {"type": "LineString", "coordinates": [[70.7679189, 22.3111827], [70.7680342, 22.3111533], [70.7688038, 22.3109897], [70.769662, 22.3108234], [70.7698285, 22.3107851], [70.7703102, 22.3106799], [70.7704831, 22.3106421], [70.7710253, 22.3105106], [70.7713807, 22.3104229], [70.7718801, 22.3103098], [70.7723611, 22.3102056], [70.7727972, 22.3101225], [70.7732835, 22.3100457], [70.7736949, 22.3099765], [70.7741688, 22.3099032], [70.7743866, 22.3098709], [70.7746732, 22.3098302], [70.7751567, 22.3097719], [70.7755866, 22.3097101], [70.775657, 22.309698], [70.7756999, 22.3097018], [70.7757312, 22.3097184], [70.7757473, 22.3097669], [70.7757518, 22.3098253], [70.775721, 22.3100916], [70.7756762, 22.3103595], [70.7755879, 22.310871], [70.7754455, 22.3115351], [70.7753866, 22.3117706], [70.775264, 22.312266], [70.7751495, 22.3127734], [70.7749962, 22.3130819], [70.774991, 22.3131584]]}}, {"type": "Feature", "properties": {"road_type": "tertiary", "name": "Unnamed road", "major": false}, "geometry": {"type": "LineString", "coordinates": [[70.7695476, 22.3054191], [70.7698689, 22.3054466], [70.7699059, 22.3054498], [70.770152, 22.305468], [70.7702556, 22.3054788], [70.7706345, 22.3055041], [70.7706903, 22.3055105], [70.7710636, 22.3055753], [70.7714916, 22.3056495], [70.7717777, 22.3057203], [70.7719332, 22.3057623], [70.7724149, 22.3058923], [70.7725865, 22.3059386], [70.7730443, 22.3060621], [70.7731912, 22.3060822]]}}, {"type": "Feature", "properties": {"road_type": "tertiary", "name": "Unnamed road", "major": false}, "geometry": {"type": "LineString", "coordinates": [[70.7682897, 22.3053433], [70.7680979, 22.3053011], [70.7679393, 22.3052662], [70.7676935, 22.3051883], [70.7675572, 22.3051451], [70.7674899, 22.3051238], [70.7667393, 22.3048126], [70.7666627, 22.3047809], [70.7662828, 22.304609], [70.7661991, 22.3045711], [70.7660219, 22.3044909], [70.7658292, 22.3044046], [70.7657064, 22.3043497], [70.7655123, 22.304281], [70.765407, 22.3042436], [70.765042, 22.3041499], [70.7647725, 22.304058], [70.764488, 22.3039586], [70.764352, 22.3039196], [70.7641395, 22.3038719], [70.7639606, 22.3038279], [70.7637641, 22.303777], [70.7636533, 22.3037552], [70.7635398, 22.3037362], [70.7634049, 22.303704], [70.7631881, 22.3036477], [70.7628388, 22.303543]]}}, {"type": "Feature", "properties": {"road_type": "tertiary", "name": "Unnamed road", "major": false}, "geometry": {"type": "LineString", "coordinates": [[70.7943189, 22.3249042], [70.7943096, 22.3250065], [70.7942207, 22.3258298], [70.7941942, 22.325999], [70.7941812, 22.3260755], [70.7941321, 22.3263953], [70.7941072, 22.3265541], [70.7940558, 22.3269287], [70.7940028, 22.3273146], [70.7939733, 22.3275625], [70.7939544, 22.3277085], [70.7939142, 22.3280725], [70.7938997, 22.3281873], [70.7938687, 22.3284504], [70.793825, 22.3288218], [70.7937815, 22.3291912], [70.7937385, 22.329557], [70.7937341, 22.3295861], [70.7936749, 22.3299748], [70.7936887, 22.3300362]]}}, {"type": "Feature", "properties": {"road_type": "tertiary", "name": "Unnamed road", "major": false}, "geometry": {"type": "LineString", "coordinates": [[70.7902967, 22.3292199], [70.7907345, 22.3293339], [70.7911589, 22.3294445], [70.7913517, 22.3294947], [70.7915102, 22.3295354], [70.7917381, 22.329594], [70.7918532, 22.3296215], [70.791999, 22.3296564], [70.7922324, 22.3297176], [70.7926245, 22.3298204], [70.7930257, 22.3299179], [70.7936552, 22.3300902]]}}, {"type": "Feature", "properties": {"road_type": "tertiary", "name": "Unnamed road", "major": false}, "geometry": {"type": "LineString", "coordinates": [[70.7852365, 22.3289287], [70.7850579, 22.3291186], [70.7846542, 22.3295987], [70.784518, 22.3297554], [70.7844143, 22.3298689], [70.7839435, 22.3304072], [70.7835628, 22.3308488], [70.7830442, 22.3314181], [70.7827554, 22.3317572], [70.7826347, 22.3318952], [70.7818892, 22.3327002], [70.7814632, 22.3332422], [70.7810923, 22.3338903], [70.7809239, 22.3342164], [70.780726, 22.334569], [70.7805217, 22.3349512], [70.7801914, 22.3359967], [70.7800056, 22.3364469], [70.7795113, 22.3374598], [70.779241, 22.3379635], [70.7790674, 22.3382696], [70.7788155, 22.3387487], [70.7786823, 22.3390482], [70.7784861, 22.3393048], [70.7780369, 22.3398255], [70.7778402, 22.3400446], [70.7777485, 22.3401014]]}}, {"type": "Feature", "properties": {"road_type": "tertiary", "name": "Unnamed road", "major": false}, "geometry": {"type": "LineString", "coordinates": [[70.7881189, 22.3128564], [70.7881084, 22.3129855], [70.788084, 22.3132775], [70.78806, 22.3136484], [70.788048, 22.3138303], [70.7880441, 22.3139968], [70.7880528, 22.3142253], [70.7882301, 22.3148807], [70.7883234, 22.3153359], [70.7883332, 22.315426], [70.7883179, 22.3155228], [70.7882791, 22.3156358], [70.7881993, 22.3157772], [70.7879438, 22.3162097], [70.7879192, 22.3162657], [70.7878925, 22.3163539]]}}, {"type": "Feature", "properties": {"road_type": "secondary", "name": "Unnamed road", "major": true}, "geometry": {"type": "LineString", "coordinates": [[70.7852232, 22.315681], [70.7852576, 22.3157356], [70.785406, 22.3158545], [70.785522, 22.3159606], [70.7860026, 22.3163537], [70.7868315, 22.3171238], [70.786905, 22.3171966]]}}, {"type": "Feature", "properties": {"road_type": "tertiary", "name": "Unnamed road", "major": false}, "geometry": {"type": "LineString", "coordinates": [[70.7558006, 22.3143041], [70.7558808, 22.3142948], [70.7561248, 22.3142167], [70.7569797, 22.3139471], [70.7574731, 22.3137967], [70.7582539, 22.3135588], [70.7589407, 22.3133495], [70.7589882, 22.313335], [70.7601883, 22.3129861], [70.7606926, 22.3128464], [70.7607136, 22.3128406], [70.7608583, 22.3127951], [70.76133, 22.3126725], [70.7617604, 22.312555], [70.7618845, 22.3125249], [70.7622735, 22.3124247], [70.7624736, 22.3123773], [70.763466, 22.312141], [70.7636377, 22.3120992], [70.7645306, 22.311895], [70.7650044, 22.3117812]]}}, {"type": "Feature", "properties": {"road_type": "tertiary", "name": "Unnamed road", "major": false}, "geometry": {"type": "LineString", "coordinates": [[70.7743351, 22.3156154], [70.7743309, 22.3155409], [70.774298, 22.3152435], [70.7742794, 22.3149269], [70.7742483, 22.3145721], [70.7742249, 22.3143269], [70.7742249, 22.314226], [70.7742541, 22.3141231], [70.7743382, 22.3140158], [70.7745712, 22.3137184], [70.7746348, 22.3136326], [70.7746922, 22.3135629], [70.774991, 22.3131584]]}}, {"type": "Feature", "properties": {"road_type": "tertiary", "name": "Unnamed road", "major": false}, "geometry": {"type": "LineString", "coordinates": [[70.7945818, 22.2827177], [70.7941412, 22.2825012], [70.7941065, 22.2824958], [70.7940719, 22.2824948], [70.7940424, 22.2825012], [70.794016, 22.2825161], [70.7934711, 22.2832482], [70.7929645, 22.283838], [70.7925167, 22.2844193]]}}, {"type": "Feature", "properties": {"road_type": "secondary", "name": "Unnamed road", "major": true}, "geometry": {"type": "LineString", "coordinates": [[70.7948946, 22.2828241], [70.7948758, 22.2828129], [70.7948478, 22.2828044], [70.7948183, 22.2828037], [70.7947898, 22.2828109], [70.7947707, 22.282821], [70.7947505, 22.2828388], [70.7947363, 22.2828611], [70.7947287, 22.2828916], [70.7947322, 22.2829227], [70.7947465, 22.282951], [70.7947701, 22.2829735], [70.7947957, 22.2829862], [70.7948242, 22.2829916], [70.7948532, 22.2829894], [70.7948675, 22.2829843], [70.7948803, 22.2829797], [70.7949075, 22.2829592], [70.7949165, 22.2829454], [70.7949256, 22.2829314], [70.7949324, 22.2828995], [70.7949271, 22.2828674], [70.7949104, 22.2828388], [70.7948946, 22.2828241]]}}, {"type": "Feature", "properties": {"road_type": "secondary", "name": "Unnamed road", "major": true}, "geometry": {"type": "LineString", "coordinates": [[70.7919579, 22.2866318], [70.7918112, 22.2868028], [70.7915051, 22.2871751], [70.7908882, 22.2879253], [70.7898826, 22.2890954], [70.7888326, 22.290371], [70.7884377, 22.2908694], [70.7883321, 22.2909968], [70.7880618, 22.291299]]}}, {"type": "Feature", "properties": {"road_type": "tertiary", "name": "Unnamed road", "major": false}, "geometry": {"type": "LineString", "coordinates": [[70.7931126, 22.2726188], [70.7931636, 22.2724505], [70.7932037, 22.2721045], [70.7932109, 22.2717124]]}}, {"type": "Feature", "properties": {"road_type": "tertiary", "name": "Unnamed road", "major": false}, "geometry": {"type": "LineString", "coordinates": [[70.7884233, 22.2693041], [70.7884877, 22.2692382], [70.788767, 22.2689906], [70.7888901, 22.2688824], [70.7890852, 22.26874], [70.789199, 22.2686378], [70.7893373, 22.2685017], [70.7893765, 22.2684611], [70.7895236, 22.2683088], [70.7896202, 22.2681984], [70.7896434, 22.2681512], [70.7896822, 22.2680743], [70.7897084, 22.2680144], [70.7897367, 22.2679495], [70.7897676, 22.2678811], [70.7897985, 22.2678257], [70.7899307, 22.2676515], [70.7900152, 22.267568], [70.7904114, 22.2672044], [70.7904333, 22.2671302], [70.7904997, 22.2669053], [70.7905328, 22.2667934], [70.7906478, 22.2661252], [70.790652, 22.2661069], [70.7906978, 22.265908], [70.7907484, 22.265688], [70.7907628, 22.2656255], [70.7908555, 22.2653418], [70.790871, 22.2652945], [70.7910344, 22.2647947], [70.7911522, 22.2644395], [70.7911715, 22.2643816], [70.7913219, 22.2639284], [70.7915138, 22.2635398], [70.7916775, 22.2632394], [70.7920451, 22.2626644], [70.7921143, 22.2626525], [70.7924257, 22.2626054], [70.7927388, 22.2626003], [70.7930481, 22.2625905], [70.7933087, 22.2625817], [70.7937771, 22.2626584]]}}, {"type": "Feature", "properties": {"road_type": "tertiary", "name": "Unnamed road", "major": false}, "geometry": {"type": "LineString", "coordinates": [[70.7922921, 22.2798239], [70.7925077, 22.2795382], [70.7925458, 22.2794833], [70.7925701, 22.2794357], [70.7925877, 22.2793847], [70.7926009, 22.2793281], [70.7926207, 22.2789178], [70.7926342, 22.2787225], [70.7926952, 22.2782217], [70.7927234, 22.2779068], [70.7927776, 22.2769245], [70.7927927, 22.2767763]]}}, {"type": "Feature", "properties": {"road_type": "tertiary", "name": "Unnamed road", "major": false}, "geometry": {"type": "LineString", "coordinates": [[70.7932085, 22.271057], [70.7932171, 22.2707764], [70.793227, 22.2704962], [70.7932483, 22.2703643], [70.7933175, 22.2696053], [70.7933213, 22.269554], [70.7933897, 22.268854]]}}, {"type": "Feature", "properties": {"road_type": "tertiary", "name": "Unnamed road", "major": false}, "geometry": {"type": "LineString", "coordinates": [[70.7596028, 22.3012513], [70.759607, 22.3013251], [70.7596418, 22.3017285], [70.7596498, 22.3019299], [70.7596532, 22.3020341], [70.7600325, 22.3022608], [70.7602883, 22.3024136], [70.760564, 22.3026016], [70.7606207, 22.302637], [70.7607549, 22.3027208], [70.761044, 22.3028167], [70.7612142, 22.3028617], [70.7614204, 22.3029272], [70.7617885, 22.303045], [70.76199, 22.3031239], [70.7621294, 22.303193], [70.7621892, 22.3032226], [70.7622495, 22.3032546], [70.7625606, 22.3034068], [70.7628388, 22.303543]]}}, {"type": "Feature", "properties": {"road_type": "tertiary", "name": "Unnamed road", "major": false}, "geometry": {"type": "LineString", "coordinates": [[70.7621556, 22.2880745], [70.7621874, 22.2880577], [70.7622113, 22.2880186], [70.7622953, 22.2878527], [70.7623073, 22.28782], [70.7623153, 22.2877871], [70.7623233, 22.2877468], [70.7623298, 22.2876815]]}}, {"type": "Feature", "properties": {"road_type": "tertiary", "name": "Unnamed road", "major": false}, "geometry": {"type": "LineString", "coordinates": [[70.7625132, 22.3013555], [70.7625522, 22.3012853], [70.7625904, 22.301197], [70.7626043, 22.3011397], [70.7626472, 22.3008003], [70.7626549, 22.3007259], [70.7626654, 22.3005642], [70.7626776, 22.300336], [70.7626792, 22.3002554], [70.7626799, 22.3002229], [70.7627106, 22.2996138], [70.7627224, 22.2993329], [70.7627454, 22.2990059], [70.7627653, 22.2983552], [70.7627748, 22.2981281], [70.7627793, 22.2976659], [70.762786, 22.2972952], [70.7627725, 22.2968365], [70.7627181, 22.2965977], [70.7626727, 22.296345], [70.7625784, 22.2961952], [70.7624533, 22.2960447], [70.7622971, 22.2959128], [70.7622184, 22.2958341], [70.7620224, 22.2957762], [70.761842, 22.295718], [70.7614006, 22.2956489], [70.7604091, 22.2954729], [70.7599948, 22.2953347], [70.7596597, 22.2952018], [70.759567, 22.295165], [70.7594965, 22.2951345], [70.759299, 22.295049], [70.7592199, 22.2950148], [70.7591459, 22.2949828], [70.7586018, 22.2947815]]}}, {"type": "Feature", "properties": {"road_type": "tertiary", "name": "Unnamed road", "major": false}, "geometry": {"type": "LineString", "coordinates": [[70.7497493, 22.2935325], [70.7498186, 22.2935471], [70.7503806, 22.2936236], [70.7507217, 22.2936701], [70.7510676, 22.2937172], [70.7512355, 22.2937401], [70.751364, 22.2937592], [70.7517345, 22.2938143], [70.7520707, 22.2938642], [70.7523608, 22.2939073], [70.7525104, 22.2939295], [70.7528578, 22.2939811], [70.752995, 22.2940008], [70.7531647, 22.2940251], [70.7533384, 22.29405], [70.7539404, 22.2941363], [70.754343, 22.2941864], [70.7546144, 22.2942258], [70.7548712, 22.2942617], [70.7551934, 22.2943068], [70.7553818, 22.2943332], [70.7555314, 22.2943541], [70.7557558, 22.2943855], [70.7558622, 22.2944004], [70.7559059, 22.2944065], [70.7561171, 22.2944343], [70.7561776, 22.2944422], [70.7563864, 22.2944697], [70.7565025, 22.294484], [70.7568079, 22.2945217], [70.7568861, 22.2945314], [70.757138, 22.2945625], [70.7575294, 22.2946109], [70.758085, 22.2946905], [70.7582563, 22.2947151], [70.7586018, 22.2947815]]}}, {"type": "Feature", "properties": {"road_type": "tertiary", "name": "Unnamed road", "major": false}, "geometry": {"type": "LineString", "coordinates": [[70.8062922, 22.2758216], [70.8066806, 22.2758479]]}}, {"type": "Feature", "properties": {"road_type": "tertiary", "name": "Unnamed road", "major": false}, "geometry": {"type": "LineString", "coordinates": [[70.7556757, 22.2754219], [70.7557586, 22.2753315], [70.7558215, 22.2752664], [70.7572226, 22.2740287], [70.7573974, 22.2738764], [70.757508, 22.2737753], [70.7576803, 22.2736248], [70.7578629, 22.2734654], [70.7580473, 22.2733282], [70.758226, 22.273181], [70.7584115, 22.273033], [70.7585068, 22.2729413], [70.7585101, 22.2729381], [70.7585879, 22.2728685], [70.7587541, 22.2727197], [70.7589267, 22.2725652], [70.7590491, 22.2724732], [70.759371, 22.2721247], [70.7595464, 22.2719652], [70.759894, 22.2716397], [70.7600746, 22.2714741], [70.7603024, 22.2712296], [70.7605255, 22.2709558], [70.7607954, 22.2706278], [70.7608696, 22.2705439], [70.7610096, 22.2703707]]}}, {"type": "Feature", "properties": {"road_type": "tertiary", "name": "Unnamed road", "major": false}, "geometry": {"type": "LineString", "coordinates": [[70.763137, 22.2538477], [70.7632024, 22.2539066], [70.763301, 22.2539328], [70.7635056, 22.2539763], [70.7637272, 22.2540296], [70.7642338, 22.2541673], [70.7647761, 22.2543206], [70.7648939, 22.2543561], [70.7651089, 22.2544337], [70.7652546, 22.2545073], [70.765408, 22.2545833], [70.7655783, 22.2546809], [70.7656918, 22.2547235], [70.7658591, 22.2548066], [70.7659943, 22.2548628], [70.7660616, 22.2548916], [70.7661095, 22.254912], [70.7662867, 22.2549873], [70.7666628, 22.2551203], [70.7669598, 22.2552152], [70.7673943, 22.2553443], [70.7679577, 22.2555259], [70.7680695, 22.2555664], [70.7684405, 22.2556898], [70.7688132, 22.2558135], [70.7693832, 22.2560315], [70.7698507, 22.2562005], [70.7700425, 22.2562671], [70.7701371, 22.2563057], [70.7707877, 22.2565712], [70.7711501, 22.2566999], [70.7713344, 22.2567762], [70.7714026, 22.2568133], [70.7714222, 22.2568337], [70.7714613, 22.2568744], [70.7718031, 22.2572306], [70.7719162, 22.2573752]]}}, {"type": "Feature", "properties": {"road_type": "tertiary", "name": "Unnamed road", "major": false}, "geometry": {"type": "LineString", "coordinates": [[70.7433198, 22.2446797], [70.743669, 22.2446142], [70.7439601, 22.2445608], [70.7446505, 22.2444341], [70.7448577, 22.24441], [70.7450304, 22.2443931], [70.7467307, 22.2443521], [70.7475463, 22.2443386], [70.7482762, 22.2443265], [70.7483669, 22.2443244], [70.7497164, 22.2443371], [70.7504294, 22.2443439], [70.7508267, 22.2443716], [70.7510286, 22.2444087], [70.7513247, 22.2445094], [70.751929, 22.2447392], [70.75207, 22.2448028], [70.7523489, 22.2449356], [70.7525445, 22.2450287], [70.7526498, 22.2450764], [70.7527486, 22.2451069], [70.7536455, 22.2452933], [70.7546791, 22.2454752], [70.7550522, 22.2455187], [70.7557843, 22.2455778], [70.7561321, 22.2456098], [70.7571278, 22.2457261], [70.7572059, 22.2457374], [70.7572698, 22.245752], [70.7574082, 22.2458139], [70.7579047, 22.2460679], [70.7590782, 22.2466769], [70.759748, 22.2470327], [70.7602219, 22.2472891], [70.76041, 22.2473909]]}}, {"type": "Feature", "properties": {"road_type": "trunk", "name": "Jamnagar Bypass - Rajkot Flyover", "major": true}, "geometry": {"type": "LineString", "coordinates": [[70.820483, 22.339178], [70.8188867, 22.3393], [70.8169506, 22.3394337], [70.8161084, 22.3394932], [70.8156041, 22.3395251], [70.8148533, 22.3395338], [70.8140613, 22.3395575], [70.8126317, 22.3396064], [70.811374, 22.3396494], [70.8098716, 22.3396996]]}}, {"type": "Feature", "properties": {"road_type": "primary", "name": "Unnamed road", "major": true}, "geometry": {"type": "LineString", "coordinates": [[70.7913909, 22.3074501], [70.7913856, 22.3074907], [70.7913943, 22.3075307], [70.7914161, 22.3075662], [70.7914488, 22.3075935], [70.7914812, 22.3076079], [70.7915165, 22.307614], [70.7915523, 22.3076116], [70.7915928, 22.3075976], [70.7916267, 22.3075727], [70.7916507, 22.3075394], [70.7916621, 22.3075034], [70.7916617, 22.3074659], [70.7916498, 22.3074301], [70.7916344, 22.307407], [70.7916141, 22.3073875], [70.7915899, 22.3073722], [70.7915627, 22.3073621], [70.7915339, 22.3073574], [70.7915046, 22.3073584], [70.7914678, 22.3073682], [70.7914354, 22.307387], [70.7914096, 22.3074132], [70.7913909, 22.3074501]]}}, {"type": "Feature", "properties": {"road_type": "tertiary", "name": "Unnamed road", "major": false}, "geometry": {"type": "LineString", "coordinates": [[70.7917945, 22.3077355], [70.7917478, 22.3076561], [70.7917179, 22.3075969], [70.7916507, 22.3075394]]}}, {"type": "Feature", "properties": {"road_type": "primary", "name": "Race Course Ring Road", "major": true}, "geometry": {"type": "LineString", "coordinates": [[70.7886274, 22.306387], [70.7888279, 22.3067614], [70.7888802, 22.3068478], [70.7890856, 22.3070387], [70.7892734, 22.3071503], [70.7894958, 22.3072491], [70.7896462, 22.3072968], [70.7897707, 22.3073401], [70.7911567, 22.3075908], [70.7912816, 22.3076021], [70.7914488, 22.3075935]]}}, {"type": "Feature", "properties": {"road_type": "primary", "name": "Unnamed road", "major": true}, "geometry": {"type": "LineString", "coordinates": [[70.7990599, 22.3016627], [70.7990397, 22.3016411], [70.799013, 22.3016267], [70.7989828, 22.301621], [70.7989537, 22.3016244], [70.7989272, 22.3016358], [70.7989057, 22.3016542], [70.7988915, 22.3016779], [70.7988858, 22.3017045], [70.7988892, 22.3017314], [70.7989014, 22.301756], [70.7989215, 22.3017761], [70.7989474, 22.3017895], [70.7989765, 22.3017947], [70.7990059, 22.3017913], [70.7990327, 22.3017796], [70.799053, 22.3017621], [70.7990669, 22.3017399], [70.7990732, 22.3017149], [70.7990714, 22.3016893], [70.7990599, 22.3016627]]}}, {"type": "Feature", "properties": {"road_type": "primary", "name": "Unnamed road", "major": true}, "geometry": {"type": "LineString", "coordinates": [[70.7990397, 22.3016411], [70.7998026, 22.3013949], [70.8002127, 22.3012693], [70.8003647, 22.3012357], [70.8007453, 22.3011249]]}}, {"type": "Feature", "properties": {"road_type": "tertiary", "name": "Unnamed road", "major": false}, "geometry": {"type": "LineString", "coordinates": [[70.7990327, 22.3017796], [70.7991638, 22.3018261], [70.799348, 22.3018463]]}}, {"type": "Feature", "properties": {"road_type": "tertiary", "name": "Unnamed road", "major": false}, "geometry": {"type": "LineString", "coordinates": [[70.8156594, 22.2921782], [70.8161879, 22.2922347], [70.816891, 22.292305]]}}, {"type": "Feature", "properties": {"road_type": "tertiary", "name": "Unnamed road", "major": false}, "geometry": {"type": "LineString", "coordinates": [[70.7935854, 22.2683318], [70.7943807, 22.2683893], [70.7952444, 22.2684517], [70.7960539, 22.2685102], [70.7963219, 22.2685296], [70.7966983, 22.2685568], [70.7972733, 22.2685984], [70.7976648, 22.2686267], [70.7988783, 22.2687144], [70.7993678, 22.2687498], [70.7994713, 22.2687573]]}}, {"type": "Feature", "properties": {"road_type": "tertiary", "name": "Unnamed road", "major": false}, "geometry": {"type": "LineString", "coordinates": [[70.7934636, 22.2681669], [70.7934047, 22.2681677], [70.7933504, 22.2681888], [70.7933085, 22.2682271], [70.7932852, 22.2682772], [70.7932838, 22.2683317], [70.7933007, 22.2683766], [70.7933325, 22.2684139], [70.7933757, 22.2684396], [70.7934257, 22.2684507], [70.7934915, 22.2684416], [70.7935471, 22.2684078], [70.7935822, 22.2683555], [70.7935854, 22.2683318], [70.7935904, 22.2682944], [70.7935701, 22.2682358], [70.7935251, 22.2681905], [70.7934636, 22.2681669]]}}, {"type": "Feature", "properties": {"road_type": "tertiary", "name": "Unnamed road", "major": false}, "geometry": {"type": "LineString", "coordinates": [[70.7938818, 22.2619741], [70.7943755, 22.2619939], [70.7944228, 22.2619947], [70.7945706, 22.2620004], [70.794653, 22.2620035], [70.7949547, 22.2620151], [70.79503, 22.2620198], [70.7953837, 22.262035], [70.7956719, 22.2620424], [70.7957169, 22.2620442], [70.7961029, 22.2620589], [70.796585, 22.2620773], [70.7971417, 22.2620941], [70.7975253, 22.2621152], [70.7980849, 22.2621286], [70.7981471, 22.2621306], [70.7986385, 22.2621467], [70.7989342, 22.2621575], [70.7991556, 22.2621655], [70.7992151, 22.2621677], [70.7995662, 22.2621805], [70.7996109, 22.2621841], [70.7999395, 22.2621955], [70.8000191, 22.2621992]]}}, {"type": "Feature", "properties": {"road_type": "tertiary", "name": "Unnamed road", "major": false}, "geometry": {"type": "LineString", "coordinates": [[70.7933897, 22.268854], [70.7934257, 22.2684507]]}}, {"type": "Feature", "properties": {"road_type": "tertiary", "name": "Unnamed road", "major": false}, "geometry": {"type": "LineString", "coordinates": [[70.7934636, 22.2681669], [70.7934974, 22.2677983], [70.7936222, 22.2660764], [70.7936564, 22.2656038], [70.7936556, 22.2653755], [70.7936525, 22.2645459]]}}, {"type": "Feature", "properties": {"road_type": "tertiary", "name": "Unnamed road", "major": false}, "geometry": {"type": "LineString", "coordinates": [[70.7936525, 22.2645459], [70.793636, 22.2639607], [70.7936471, 22.2637258], [70.7936612, 22.2634438], [70.7936782, 22.2633283], [70.7937771, 22.2626584], [70.7937963, 22.2625679], [70.7938294, 22.2624118], [70.7938542, 22.2622048], [70.7938818, 22.2619741]]}}, {"type": "Feature", "properties": {"road_type": "tertiary", "name": "Unnamed road", "major": false}, "geometry": {"type": "LineString", "coordinates": [[70.821236, 22.235011], [70.8212379, 22.2350706], [70.8212523, 22.2351301], [70.8212951, 22.2351835], [70.8216787, 22.2354356]]}}, {"type": "Feature", "properties": {"road_type": "tertiary", "name": "Unnamed road", "major": false}, "geometry": {"type": "LineString", "coordinates": [[70.7814133, 22.2547571], [70.7814877, 22.2547215], [70.7815588, 22.254682], [70.7816324, 22.254638], [70.7817236, 22.2545733], [70.7818243, 22.2544982], [70.781934, 22.2544097], [70.7821028, 22.2542835], [70.7822405, 22.254162], [70.7823925, 22.254038], [70.7824481, 22.2539743], [70.7824763, 22.2539151], [70.7825045, 22.2538317], [70.7825297, 22.2537049], [70.7825396, 22.253551], [70.7825288, 22.2535149], [70.7824936, 22.253495], [70.7823831, 22.2534554], [70.7823615, 22.2534358]]}}, {"type": "Feature", "properties": {"road_type": "tertiary", "name": "Unnamed road", "major": false}, "geometry": {"type": "LineString", "coordinates": [[70.8041565, 22.2545534], [70.8045577, 22.2545116], [70.8045911, 22.2545082], [70.8050027, 22.2544663], [70.8050313, 22.254465], [70.8053458, 22.2544503], [70.8057037, 22.2544681], [70.8060615, 22.2545184], [70.8063874, 22.25461], [70.8067328, 22.2547405]]}}, {"type": "Feature", "properties": {"road_type": "tertiary", "name": "Unnamed road", "major": false}, "geometry": {"type": "LineString", "coordinates": [[70.8077627, 22.2440794], [70.8077227, 22.2444014], [70.8076783, 22.2447588], [70.8076704, 22.2448646], [70.8076688, 22.2449826], [70.8076713, 22.2451134], [70.80769, 22.245454], [70.8076999, 22.2456353], [70.807717, 22.2460399], [70.8077193, 22.2462164], [70.8077166, 22.2462952], [70.8077045, 22.2463885], [70.8076871, 22.2464686], [70.8076788, 22.246497], [70.80756, 22.2469025], [70.8074962, 22.2470989], [70.8073565, 22.247529], [70.807273, 22.2477824], [70.8071808, 22.24805], [70.8071436, 22.2481473], [70.807105, 22.248228], [70.807025, 22.2483618], [70.8069706, 22.2484407], [70.8068585, 22.2485951], [70.8067639, 22.2487086], [70.8065431, 22.2489406], [70.8062994, 22.2491881], [70.8059644, 22.2495262]]}}, {"type": "Feature", "properties": {"road_type": "tertiary", "name": "Unnamed road", "major": false}, "geometry": {"type": "LineString", "coordinates": [[70.8196762, 22.294882], [70.8200639, 22.2950104], [70.8203617, 22.2951168], [70.8206552, 22.2952188], [70.8207995, 22.2952732], [70.8212884, 22.2954478], [70.8233118, 22.2961707], [70.8233969, 22.2962039], [70.8235057, 22.2962203], [70.8243766, 22.2963036], [70.8247182, 22.2963331], [70.824828, 22.296333], [70.825014, 22.2962937], [70.8256189, 22.2961152], [70.8256416, 22.2961085], [70.8263878, 22.2958883], [70.8271638, 22.2956593], [70.8275268, 22.2955522], [70.8278712, 22.2954506], [70.8282654, 22.2953343], [70.828555, 22.2952489], [70.8285934, 22.2953847], [70.8287406, 22.2958037], [70.8288808, 22.2962361]]}}, {"type": "Feature", "properties": {"road_type": "trunk", "name": "Unnamed road", "major": true}, "geometry": {"type": "LineString", "coordinates": [[70.7953838, 22.2474308], [70.7953439, 22.247445], [70.795313, 22.2474723], [70.7952957, 22.2475085], [70.7952885, 22.2475409], [70.7953101, 22.2475848], [70.7953395, 22.2476135], [70.7953786, 22.2476294], [70.7954213, 22.2476304], [70.7954611, 22.2476161], [70.7954921, 22.2475889], [70.7955093, 22.2475528], [70.7955139, 22.2475166], [70.795495, 22.2474763], [70.7954654, 22.2474478], [70.7954264, 22.2474318], [70.7953838, 22.2474308]]}}, {"type": "Feature", "properties": {"road_type": "secondary", "name": "Swami Vivekananda Flyover", "major": true}, "geometry": {"type": "LineString", "coordinates": [[70.7954351, 22.2738393], [70.7958301, 22.2740192], [70.7962691, 22.274211], [70.796941, 22.2745164], [70.7974913, 22.2747824], [70.7976922, 22.2748804], [70.7979513, 22.2750053], [70.7982427, 22.2751457], [70.798814, 22.2754477]]}}, {"type": "Feature", "properties": {"road_type": "secondary", "name": "Swami Vivekananda Flyover", "major": true}, "geometry": {"type": "LineString", "coordinates": [[70.7990549, 22.2781619], [70.7990245, 22.2777311], [70.7989796, 22.2772757], [70.7989436, 22.2769703], [70.7989064, 22.2766193], [70.7988648, 22.276041], [70.798896, 22.2755868], [70.7989048, 22.275469], [70.7989155, 22.2753259], [70.7989288, 22.2751481], [70.7989406, 22.275027], [70.7990309, 22.2741305], [70.7991113, 22.2731792], [70.7991466, 22.272816], [70.7991586, 22.2726716], [70.7991631, 22.272556], [70.7991779, 22.2723209], [70.7992321, 22.2717134]]}}, {"type": "Feature", "properties": {"road_type": "tertiary", "name": "Unnamed road", "major": false}, "geometry": {"type": "LineString", "coordinates": [[70.8152474, 22.2712369], [70.815122, 22.2717999], [70.8149914, 22.2724037], [70.8149335, 22.2728518], [70.8149119, 22.2733065], [70.8145957, 22.2743153], [70.8145486, 22.2744322]]}}, {"type": "Feature", "properties": {"road_type": "tertiary", "name": "Unnamed road", "major": false}, "geometry": {"type": "LineString", "coordinates": [[70.8121788, 22.2760008], [70.8120544, 22.2759961], [70.8115404, 22.2759819], [70.8107685, 22.2759606], [70.810412, 22.2759508], [70.8102217, 22.2759455], [70.8096957, 22.275931], [70.8091994, 22.2759174], [70.8089097, 22.2759094], [70.8086336, 22.2759017], [70.8085194, 22.2758986], [70.8081714, 22.275889], [70.8077546, 22.2758775], [70.8074569, 22.2758693], [70.8071266, 22.2758602], [70.8066806, 22.2758479]]}}, {"type": "Feature", "properties": {"road_type": "tertiary", "name": "Unnamed road", "major": false}, "geometry": {"type": "LineString", "coordinates": [[70.8178297, 22.2723042], [70.8180052, 22.2723726], [70.8181412, 22.272404], [70.8183734, 22.2724678], [70.8184982, 22.2724917], [70.8187213, 22.272535], [70.8190021, 22.2725933], [70.819345, 22.2726697], [70.8196574, 22.2727344], [70.81983, 22.2727683]]}}, {"type": "Feature", "properties": {"road_type": "tertiary", "name": "Unnamed road", "major": false}, "geometry": {"type": "LineString", "coordinates": [[70.8130774, 22.2691685], [70.8127551, 22.2689127]]}}, {"type": "Feature", "properties": {"road_type": "tertiary", "name": "Unnamed road", "major": false}, "geometry": {"type": "LineString", "coordinates": [[70.8096957, 22.275931], [70.8096881, 22.275608], [70.8096845, 22.2753343], [70.8096814, 22.2752226], [70.8096984, 22.2750531], [70.8096991, 22.2750202], [70.8096917, 22.2749891], [70.8096655, 22.2748735], [70.8096045, 22.2747407], [70.8094909, 22.2744935], [70.80944, 22.2743112], [70.8094249, 22.2741711], [70.8094139, 22.2739701], [70.8093997, 22.2738757], [70.8093909, 22.2735752], [70.809375, 22.2734646], [70.8093443, 22.273177], [70.8093324, 22.2730995], [70.8093278, 22.2729538], [70.8093698, 22.2724897], [70.8093981, 22.2721772], [70.8094456, 22.2719112], [70.8095013, 22.271363], [70.8095147, 22.2711282], [70.8095632, 22.2705499], [70.8095762, 22.2702644], [70.8095809, 22.2697862]]}}, {"type": "Feature", "properties": {"road_type": "tertiary", "name": "Unnamed road", "major": false}, "geometry": {"type": "LineString", "coordinates": [[70.8125448, 22.2736371], [70.812631, 22.2736597], [70.813078, 22.2738224], [70.8139695, 22.274181], [70.8144695, 22.2743977], [70.8144937, 22.2744082], [70.8145486, 22.2744322], [70.8146301, 22.2744677], [70.8158314, 22.2749878], [70.8168465, 22.2753973], [70.8172814, 22.2755712], [70.8181241, 22.2759082], [70.8185637, 22.2760994], [70.8186361, 22.2761254], [70.8189557, 22.2762392], [70.819336, 22.2764083], [70.819492, 22.2764749]]}}, {"type": "Feature", "properties": {"road_type": "tertiary", "name": "Unnamed road", "major": false}, "geometry": {"type": "LineString", "coordinates": [[70.8074978, 22.261658], [70.8074536, 22.261142], [70.807451, 22.2609507], [70.8074359, 22.2605983], [70.8074753, 22.2601651], [70.807533, 22.2599847], [70.8076066, 22.2597395], [70.8076578, 22.259571], [70.8077236, 22.2593474], [70.8078727, 22.2588825], [70.8079165, 22.2587358], [70.8080758, 22.2581295], [70.8081127, 22.2578565], [70.8081943, 22.2573616]]}}, {"type": "Feature", "properties": {"road_type": "tertiary", "name": "Unnamed road", "major": false}, "geometry": {"type": "LineString", "coordinates": [[70.8175554, 22.2598347], [70.8174414, 22.2604471], [70.8174056, 22.2606188], [70.8173541, 22.2609047], [70.8173085, 22.2611849], [70.8172989, 22.2612602], [70.8172848, 22.2613619], [70.8172714, 22.2614534], [70.8171977, 22.261806], [70.8170689, 22.2624297], [70.8169604, 22.2630774], [70.8169014, 22.2634292], [70.8168551, 22.263706], [70.8167971, 22.2640521], [70.8166877, 22.2646297], [70.8165232, 22.2654672], [70.8164923, 22.2656458], [70.8164839, 22.2656943], [70.8164643, 22.265785], [70.8161996, 22.2670085]]}}, {"type": "Feature", "properties": {"road_type": "tertiary", "name": "Unnamed road", "major": false}, "geometry": {"type": "LineString", "coordinates": [[70.8101177, 22.2670891], [70.8095223, 22.2667647], [70.8092933, 22.26664], [70.8086925, 22.2663164], [70.8083258, 22.2661011], [70.8082871, 22.2660575], [70.8081768, 22.26587], [70.8080245, 22.2657197], [70.8077256, 22.2654338], [70.8075216, 22.2652218]]}}, {"type": "Feature", "properties": {"road_type": "tertiary", "name": "Unnamed road", "major": false}, "geometry": {"type": "LineString", "coordinates": [[70.8101177, 22.2670891], [70.8105165, 22.2672992], [70.8109521, 22.2675153], [70.8111343, 22.267626], [70.8114136, 22.2677625], [70.8119706, 22.268032]]}}, {"type": "Feature", "properties": {"road_type": "tertiary", "name": "Unnamed road", "major": false}, "geometry": {"type": "LineString", "coordinates": [[70.8093937, 22.2577319], [70.8095235, 22.2577522], [70.8104333, 22.2579126], [70.8112497, 22.2580566]]}}, {"type": "Feature", "properties": {"road_type": "tertiary", "name": "Unnamed road", "major": false}, "geometry": {"type": "LineString", "coordinates": [[70.8133332, 22.2584467], [70.8133864, 22.2584292], [70.813534, 22.2581795], [70.8135904, 22.258108], [70.8136066, 22.2580875], [70.8140595, 22.2575132], [70.8143839, 22.2570776]]}}, {"type": "Feature", "properties": {"road_type": "tertiary", "name": "Unnamed road", "major": false}, "geometry": {"type": "LineString", "coordinates": [[70.8171421, 22.2365202], [70.8172046, 22.2365485], [70.8172679, 22.2365727], [70.817344, 22.236597], [70.8174391, 22.2366014]]}}, {"type": "Feature", "properties": {"road_type": "tertiary", "name": "Unnamed road", "major": false}, "geometry": {"type": "LineString", "coordinates": [[70.8187067, 22.2649392], [70.8189145, 22.2649604], [70.81898, 22.2649471], [70.81936, 22.2647025]]}}, {"type": "Feature", "properties": {"road_type": "tertiary", "name": "Unnamed road", "major": false}, "geometry": {"type": "LineString", "coordinates": [[70.8209408, 22.2623471], [70.8209656, 22.2622875], [70.8209656, 22.2622583], [70.8209382, 22.2622266], [70.8207081, 22.2620415], [70.8206766, 22.262006], [70.8206601, 22.2619667], [70.8206674, 22.2619232], [70.8208433, 22.2615594], [70.8212612, 22.2608511], [70.821379, 22.2606437], [70.8214657, 22.2604911], [70.821756, 22.2599606], [70.8218538, 22.2597887], [70.8219012, 22.2597475], [70.8220824, 22.2596308], [70.8221386, 22.2595874], [70.8221707, 22.2595528], [70.8224493, 22.259199], [70.8224986, 22.2591644]]}}, {"type": "Feature", "properties": {"road_type": "tertiary", "name": "Unnamed road", "major": false}, "geometry": {"type": "LineString", "coordinates": [[70.8208943, 22.2624663], [70.8208423, 22.2624954], [70.8208067, 22.262498], [70.8207725, 22.2624815], [70.8205327, 22.2622735], [70.8204944, 22.2622482], [70.8204642, 22.262238], [70.8204276, 22.2622518], [70.8204091, 22.2622787], [70.8203924, 22.2624688], [70.8203913, 22.2624813], [70.8203789, 22.2625215], [70.8201509, 22.2629652], [70.8201238, 22.2630197], [70.8200416, 22.2633388], [70.8200307, 22.2633942], [70.8200217, 22.2639003], [70.8200206, 22.2639823], [70.8200164, 22.2641544]]}}, {"type": "Feature", "properties": {"road_type": "tertiary", "name": "Unnamed road", "major": false}, "geometry": {"type": "LineString", "coordinates": [[70.8209177, 22.3091712], [70.8208884, 22.3091917], [70.8208623, 22.3092143], [70.8208517, 22.3092387], [70.8206888, 22.3097785], [70.8205046, 22.3104333], [70.8203901, 22.3108835], [70.8202992, 22.3112649], [70.82026, 22.3114109], [70.8201879, 22.3116941], [70.8200505, 22.3121432], [70.8197814, 22.3129988], [70.8195672, 22.3136452], [70.8194998, 22.3138521], [70.8191954, 22.3147662], [70.819176, 22.3148203], [70.8191524, 22.3148859], [70.8186598, 22.3163301], [70.818262, 22.3174874], [70.8182254, 22.3175784]]}}, {"type": "Feature", "properties": {"road_type": "tertiary", "name": "Unnamed road", "major": false}, "geometry": {"type": "LineString", "coordinates": [[70.7772971, 22.2460535], [70.7778534, 22.2460403], [70.7784086, 22.2460271], [70.7788276, 22.2460171], [70.779084, 22.2460103], [70.7794887, 22.2460074], [70.7810084, 22.2459967], [70.7812048, 22.2459954], [70.7812687, 22.2459949], [70.7813402, 22.2459539]]}}, {"type": "Feature", "properties": {"road_type": "tertiary", "name": "Unnamed road", "major": false}, "geometry": {"type": "LineString", "coordinates": [[70.79015, 22.2456343], [70.790355, 22.2456325], [70.7904781, 22.2456307], [70.7908268, 22.2456256], [70.7910217, 22.2456196], [70.7912079, 22.2456245], [70.7915597, 22.245627], [70.7916309, 22.2456275], [70.7919539, 22.2456387], [70.7921952, 22.2456565], [70.7926069, 22.2457131], [70.792832, 22.2457466], [70.7930308, 22.2457685], [70.7931328, 22.2457797], [70.7935393, 22.2458221], [70.7937397, 22.2458466]]}}, {"type": "Feature", "properties": {"road_type": "tertiary", "name": "Unnamed road", "major": false}, "geometry": {"type": "LineString", "coordinates": [[70.7617184, 22.2647253], [70.7616874, 22.2646156], [70.7606783, 22.2636653], [70.7605912, 22.2635787], [70.7603051, 22.2632362], [70.7597544, 22.262533], [70.7593999, 22.2621316], [70.758784, 22.2616409], [70.7584615, 22.2614129], [70.7581222, 22.2611729], [70.7578015, 22.260939], [70.7576027, 22.260794], [70.7572821, 22.2605395], [70.7570619, 22.2603647], [70.7569296, 22.2602629], [70.7567395, 22.2601166], [70.7564078, 22.2598085], [70.7563038, 22.2597119], [70.7559692, 22.2593678], [70.7548068, 22.2584537]]}}, {"type": "Feature", "properties": {"road_type": "secondary", "name": "Unnamed road", "major": true}, "geometry": {"type": "LineString", "coordinates": [[70.751815, 22.2624704], [70.7522403, 22.2619253], [70.7526538, 22.2613676], [70.7528503, 22.2611026], [70.7535105, 22.2602516], [70.7538389, 22.2598284], [70.7539161, 22.2597273], [70.7545744, 22.2588651], [70.7547736, 22.2585183], [70.7548068, 22.2584537]]}}, {"type": "Feature", "properties": {"road_type": "tertiary", "name": "Unnamed road", "major": false}, "geometry": {"type": "LineString", "coordinates": [[70.7624512, 22.2657298], [70.7626198, 22.2657247], [70.7635626, 22.2656673], [70.7636463, 22.2656511], [70.7637076, 22.2656303], [70.763768, 22.2655997], [70.7638169, 22.2655662], [70.7643206, 22.2650931], [70.7645688, 22.2648656], [70.7647429, 22.2647165], [70.7647884, 22.2646786], [70.7648465, 22.2646361]]}}, {"type": "Feature", "properties": {"road_type": "tertiary", "name": "Unnamed road", "major": false}, "geometry": {"type": "LineString", "coordinates": [[70.7718813, 22.2592827], [70.7718339, 22.2593257], [70.7718161, 22.2593512], [70.7718059, 22.2593657], [70.7717799, 22.2594241], [70.7717597, 22.2595156], [70.7717422, 22.2596425], [70.7717329, 22.2597025], [70.7717287, 22.2597294], [70.7717112, 22.2598107], [70.7716444, 22.2600226], [70.7715113, 22.2604063], [70.7714391, 22.2606051], [70.7713669, 22.2607933], [70.771315, 22.260912], [70.7712809, 22.260973], [70.7712426, 22.2610286], [70.7711333, 22.2611444], [70.7710317, 22.2612461], [70.7709439, 22.2613197], [70.7708735, 22.2613669], [70.7708083, 22.2614008], [70.770752, 22.2614197], [70.770698, 22.2614266], [70.7706403, 22.2614275], [70.7702777, 22.2614186], [70.7699541, 22.2613997], [70.7698726, 22.2613991], [70.7698379, 22.2614014], [70.7698039, 22.2614071], [70.7697707, 22.261425], [70.7697458, 22.2614464], [70.7697001, 22.2615039], [70.7696516, 22.2615677], [70.7695379, 22.261728], [70.769414, 22.2619124], [70.7692268, 22.2622155], [70.7690789, 22.2624766], [70.769021, 22.2625728], [70.7689632, 22.2626585], [70.768916, 22.2627174], [70.7688142, 22.2628323], [70.76872, 22.2629342], [70.7685306, 22.2631474], [70.7684408, 22.2632408], [70.7682995, 22.2633961], [70.7681448, 22.263562], [70.7681087, 22.2635976], [70.7680552, 22.2636434], [70.7676179, 22.2639548], [70.7673217, 22.2641642], [70.7670296, 22.2643691], [70.7669557, 22.2644208], [70.7668883, 22.2644654], [70.7668376, 22.2644893], [70.766793, 22.2645076], [70.7667488, 22.2645142], [70.7666837, 22.2645161], [70.7666106, 22.2645103], [70.7664309, 22.2644867], [70.7661833, 22.2644537], [70.765981, 22.2644241], [70.7658261, 22.2644097], [70.7656977, 22.2644023], [70.7656059, 22.2644047], [70.7654802, 22.2644155], [70.7654074, 22.2644246], [70.7653605, 22.2644304], [70.7652202, 22.2644537], [70.765102, 22.2644784], [70.7650286, 22.2644983], [70.7649241, 22.2645338], [70.7648659, 22.2645646], [70.7648158, 22.2645921]]}}, {"type": "Feature", "properties": {"road_type": "tertiary", "name": "Unnamed road", "major": false}, "geometry": {"type": "LineString", "coordinates": [[70.8294311, 22.3003239], [70.8294406, 22.3002705], [70.8295032, 22.2999164], [70.8295223, 22.2996755], [70.8295059, 22.2994582], [70.8294955, 22.2993213], [70.8294899, 22.2991986], [70.8294725, 22.2988184], [70.8294752, 22.2987735], [70.8294813, 22.2986737], [70.8294777, 22.2985083], [70.8294778, 22.298436], [70.8294633, 22.2983514]]}}, {"type": "Feature", "properties": {"road_type": "secondary", "name": "Unnamed road", "major": true}, "geometry": {"type": "LineString", "coordinates": [[70.8334256, 22.2978245], [70.8335393, 22.2978822], [70.8337414, 22.2979955], [70.8342664, 22.2982946], [70.8345221, 22.2984378], [70.835006, 22.2987083], [70.8353155, 22.2988593], [70.8354854, 22.2989297], [70.8356624, 22.2990075], [70.8357664, 22.2990562], [70.8358119, 22.2990759], [70.8363284, 22.2993017], [70.8363921, 22.2993293], [70.8364809, 22.2993698], [70.8365592, 22.2994341], [70.8366715, 22.2995379], [70.836736, 22.2996416], [70.837003, 22.3004175], [70.8370275, 22.3004675], [70.8370532, 22.3004934], [70.8371174, 22.3005123], [70.8378371, 22.3005094], [70.8385026, 22.3004965], [70.838582, 22.3004727], [70.8386772, 22.3004232], [70.8388114, 22.3003173], [70.8389106, 22.3001968], [70.8389498, 22.3001511], [70.8389796, 22.3001091], [70.8389865, 22.3000998], [70.838994, 22.3000889]]}}, {"type": "Feature", "properties": {"road_type": "tertiary", "name": "Unnamed road", "major": false}, "geometry": {"type": "LineString", "coordinates": [[70.8253151, 22.3063672], [70.8251873, 22.3066667], [70.8247041, 22.3079975], [70.8244463, 22.3086404], [70.8244183, 22.3087176], [70.8242648, 22.3090338], [70.8241929, 22.3091885], [70.8240379, 22.3095948], [70.8239972, 22.3096644], [70.8238445, 22.3100087], [70.8238139, 22.3100776]]}}, {"type": "Feature", "properties": {"road_type": "tertiary", "name": "Unnamed road", "major": false}, "geometry": {"type": "LineString", "coordinates": [[70.8280435, 22.3136153], [70.8269155, 22.3132224], [70.8263144, 22.3130131], [70.8259667, 22.3128935], [70.8256117, 22.3127714], [70.8252334, 22.3126644], [70.8248483, 22.3125331], [70.8244308, 22.3124392], [70.8242544, 22.3123986], [70.8240512, 22.3123574], [70.8231316, 22.3121467], [70.8224221, 22.3120021], [70.822377, 22.3119897], [70.8220007, 22.3118861], [70.8216956, 22.3118021], [70.821439, 22.3117314], [70.8210753, 22.3116312], [70.8208379, 22.3115701], [70.8203443, 22.3114335], [70.82026, 22.3114109]]}}, {"type": "Feature", "properties": {"road_type": "tertiary", "name": "Unnamed road", "major": false}, "geometry": {"type": "LineString", "coordinates": [[70.8201799, 22.3195142], [70.8202264, 22.3194342], [70.8202772, 22.319349], [70.8203263, 22.319282], [70.8203846, 22.3192129], [70.820645, 22.3189545], [70.8211821, 22.3183938], [70.8212414, 22.3183241], [70.8213071, 22.3182309], [70.821375, 22.3180914], [70.8214155, 22.3179889], [70.8214573, 22.31779], [70.8215729, 22.3170918], [70.8217246, 22.3166681], [70.8218747, 22.3161809], [70.8220927, 22.315526], [70.8222839, 22.3149411], [70.8223765, 22.3146693], [70.8224831, 22.3142801], [70.8225997, 22.3139166], [70.8227244, 22.3134423], [70.8228144, 22.3131003], [70.8228442, 22.3130071], [70.8229008, 22.3128304], [70.8231316, 22.3121467], [70.8233253, 22.3115051], [70.8234553, 22.311082], [70.8238139, 22.3100776]]}}, {"type": "Feature", "properties": {"road_type": "tertiary", "name": "Unnamed road", "major": false}, "geometry": {"type": "LineString", "coordinates": [[70.8197274, 22.3311304], [70.8204543, 22.3311396], [70.820547, 22.3311428], [70.8211064, 22.3311349], [70.8217583, 22.3311374], [70.8224929, 22.3311402], [70.8237763, 22.331077], [70.8238613, 22.3310686], [70.8248295, 22.3309956], [70.8253597, 22.3309384], [70.8258516, 22.3308628], [70.8265834, 22.3308141], [70.8271968, 22.3308201], [70.8276995, 22.3307803], [70.8281965, 22.3307409], [70.8282495, 22.3307211], [70.8282892, 22.3306907], [70.828304, 22.3306329], [70.8282941, 22.3305752], [70.8278914, 22.3292612], [70.8277564, 22.328913], [70.8276362, 22.3286242], [70.8276109, 22.3285717], [70.8274371, 22.3282117], [70.827233, 22.3278403], [70.8272035, 22.3277809], [70.8271699, 22.327711], [70.827083, 22.3275383], [70.8269945, 22.3273663], [70.8269357, 22.3272519], [70.8267772, 22.3269452], [70.8266979, 22.3267315], [70.8266384, 22.3265333], [70.8266281, 22.3264839], [70.8265395, 22.3260612]]}}, {"type": "Feature", "properties": {"road_type": "tertiary", "name": "Unnamed road", "major": false}, "geometry": {"type": "LineString", "coordinates": [[70.837719, 22.2824285], [70.8380509, 22.2823331], [70.8381761, 22.282297], [70.8383824, 22.2822377], [70.8385585, 22.282187], [70.8387306, 22.2821209], [70.8390428, 22.2820002], [70.8392299, 22.2819281], [70.8395998, 22.2817908], [70.8399511, 22.2816617], [70.8400995, 22.2816071], [70.8403227, 22.2815225], [70.8404339, 22.2814803], [70.840684, 22.2813854], [70.8407867, 22.2813632], [70.8409787, 22.2813107], [70.8411144, 22.2812576], [70.8413661, 22.2811759], [70.8415389, 22.2811252], [70.8417857, 22.2810418], [70.8418596, 22.2810168], [70.8419571, 22.2809782], [70.8426229, 22.2806982], [70.8426998, 22.2806603], [70.8429252, 22.2805669], [70.8429696, 22.2805491], [70.8432855, 22.2804103], [70.8442365, 22.2799825], [70.844473, 22.2799067], [70.8448112, 22.2797943], [70.8453695, 22.2796972], [70.8457526, 22.2796338], [70.8460665, 22.2795759], [70.8462054, 22.2795318], [70.8465903, 22.2794071], [70.8466415, 22.2793906], [70.8471538, 22.2792254], [70.8477294, 22.2790398], [70.8479246, 22.2789737], [70.8483009, 22.2788462], [70.8488772, 22.278651], [70.8495555, 22.2784212], [70.8496928, 22.2783746], [70.8500398, 22.2782616], [70.8502289, 22.2781922], [70.8504906, 22.2781166], [70.8506484, 22.2780771], [70.8508284, 22.2780413], [70.8511352, 22.2779803], [70.8513967, 22.2779283], [70.8518708, 22.2778438], [70.8522623, 22.2777758], [70.8525149, 22.2777289], [70.8526385, 22.2776969], [70.8528012, 22.2776692], [70.8531939, 22.2775893], [70.8535757, 22.2775022], [70.8538981, 22.2774327], [70.8542043, 22.2773667], [70.8544564, 22.2773123], [70.8564427, 22.2769117], [70.8567544, 22.2768469], [70.8578908, 22.2766232], [70.8584005, 22.2765077], [70.8589103, 22.2763922], [70.8593509, 22.2762716], [70.8598354, 22.2761559], [70.8602666, 22.2760374], [70.8606528, 22.2759052], [70.8611423, 22.2757268], [70.8614838, 22.2755799], [70.8616713, 22.2754859], [70.8618431, 22.2753898], [70.862, 22.2752982], [70.8621398, 22.2751908]]}}, {"type": "Feature", "properties": {"road_type": "tertiary", "name": "Unnamed road", "major": false}, "geometry": {"type": "LineString", "coordinates": [[70.8309112, 22.3124677], [70.8307169, 22.3128219], [70.8305033, 22.3131799], [70.8304563, 22.3132696], [70.8303795, 22.3133787]]}}, {"type": "Feature", "properties": {"road_type": "tertiary", "name": "Unnamed road", "major": false}, "geometry": {"type": "LineString", "coordinates": [[70.8297733, 22.3162592], [70.8299147, 22.3152532], [70.8299799, 22.3147621], [70.8300329, 22.3143628], [70.8300652, 22.3139886], [70.8300765, 22.3139061], [70.8300884, 22.3138537], [70.8301082, 22.3138012], [70.8301596, 22.3137157], [70.8303795, 22.3133787]]}}, {"type": "Feature", "properties": {"road_type": "tertiary", "name": "Unnamed road", "major": false}, "geometry": {"type": "LineString", "coordinates": [[70.7553515, 22.2862388], [70.7551296, 22.2861702], [70.75504, 22.2861329], [70.75474, 22.2859965], [70.7546859, 22.2859719], [70.754388, 22.2858592], [70.7543335, 22.2858398], [70.754003, 22.2857161], [70.753931, 22.2856859], [70.7536587, 22.2855885], [70.7533075, 22.2854399], [70.7531844, 22.2853665], [70.7531279, 22.2853191], [70.7530505, 22.2852275], [70.7527858, 22.284956], [70.7526963, 22.2848578], [70.7524419, 22.2845624], [70.7523868, 22.2845034], [70.7516505, 22.2837151], [70.7515025, 22.2835917], [70.7512364, 22.2834209], [70.7511759, 22.283377], [70.7507883, 22.2831511], [70.750078, 22.2827308], [70.7500021, 22.2826919]]}}, {"type": "Feature", "properties": {"road_type": "tertiary", "name": "Unnamed road", "major": false}, "geometry": {"type": "LineString", "coordinates": [[70.7552023, 22.2876491], [70.7552046, 22.2875655], [70.7552191, 22.287482], [70.7552482, 22.2873776], [70.7553064, 22.2871944], [70.75545, 22.286845], [70.7555011, 22.2867054], [70.7555247, 22.2866408], [70.7556202, 22.2863955]]}}, {"type": "Feature", "properties": {"road_type": "tertiary", "name": "Unnamed road", "major": false}, "geometry": {"type": "LineString", "coordinates": [[70.7634213, 22.2749249], [70.7635554, 22.274632], [70.7636836, 22.2742452], [70.7638029, 22.2739248], [70.7641286, 22.2730095], [70.7643087, 22.2725203], [70.7643877, 22.2723005], [70.764412, 22.2722117], [70.7644206, 22.2720352], [70.76442, 22.2719437], [70.7644147, 22.2718531], [70.7644113, 22.271765], [70.7644053, 22.271683], [70.7643889, 22.2715707], [70.7643766, 22.2714867], [70.7643071, 22.2711671], [70.7642804, 22.2710211], [70.7642712, 22.2709446], [70.7642809, 22.2708424], [70.7643053, 22.2707488], [70.7643199, 22.2706927], [70.7643467, 22.2706043], [70.764375, 22.2704426]]}}, {"type": "Feature", "properties": {"road_type": "tertiary", "name": "Unnamed road", "major": false}, "geometry": {"type": "LineString", "coordinates": [[70.7732454, 22.273211], [70.7731955, 22.2732851], [70.7730305, 22.2735302], [70.7728503, 22.2738063], [70.7725438, 22.2742757], [70.7725092, 22.2743287], [70.77228, 22.2746798], [70.7720934, 22.2749655], [70.7715146, 22.2758166], [70.7714753, 22.2758744], [70.7714096, 22.2759709], [70.7712192, 22.2762735], [70.7711687, 22.2763545], [70.7707286, 22.2770531], [70.7705277, 22.2773725], [70.77029, 22.2778295], [70.7701725, 22.2781639], [70.7701662, 22.2781818], [70.7699918, 22.2786784], [70.7699202, 22.2788655], [70.7698607, 22.2790212]]}}, {"type": "Feature", "properties": {"road_type": "tertiary", "name": "Unnamed road", "major": false}, "geometry": {"type": "LineString", "coordinates": [[70.8365178, 22.2993129], [70.8363921, 22.2993293], [70.8351467, 22.2994376], [70.8339684, 22.2995377], [70.8330284, 22.2996095]]}}, {"type": "Feature", "properties": {"road_type": "tertiary", "name": "Unnamed road", "major": false}, "geometry": {"type": "LineString", "coordinates": [[70.7678785, 22.2833746], [70.7680517, 22.2832308], [70.7681464, 22.283128], [70.7685474, 22.2825732], [70.7686503, 22.2822472], [70.7687659, 22.281881], [70.7689055, 22.2814882], [70.7689584, 22.2813428], [70.7690654, 22.2810207], [70.7693278, 22.2803726], [70.7694163, 22.280154], [70.7696127, 22.279669], [70.7697305, 22.2793613], [70.7698607, 22.2790212]]}}, {"type": "Feature", "properties": {"road_type": "tertiary", "name": "Unnamed road", "major": false}, "geometry": {"type": "LineString", "coordinates": [[70.7689399, 22.2978805], [70.7688244, 22.2978594], [70.7675859, 22.2977107], [70.766771, 22.2976151], [70.7662043, 22.2975477], [70.7660186, 22.2975256], [70.765704, 22.2974882], [70.7656707, 22.2974842], [70.7654527, 22.2974607], [70.7652635, 22.2974446], [70.7647893, 22.2974147], [70.7647457, 22.2974166], [70.7645299, 22.2974064], [70.7644701, 22.2974035], [70.7639799, 22.2973604], [70.763651, 22.2973451], [70.763525, 22.2973339], [70.762786, 22.2972952]]}}, {"type": "Feature", "properties": {"road_type": "tertiary", "name": "Unnamed road", "major": false}, "geometry": {"type": "LineString", "coordinates": [[70.8011579, 22.2454042], [70.8012221, 22.2453673], [70.8013199, 22.245312], [70.8016015, 22.2451631], [70.8021791, 22.2448605], [70.802223, 22.2448391], [70.8024783, 22.2447176], [70.8026751, 22.2446303], [70.8028621, 22.2445562], [70.8029907, 22.2445057], [70.8034562, 22.2443201], [70.8036828, 22.244233], [70.8039038, 22.2441406], [70.8045187, 22.2438943], [70.8048235, 22.243749], [70.8049361, 22.2436849], [70.805073, 22.2435983], [70.8052673, 22.2434671], [70.805419, 22.2433575], [70.8055577, 22.2432719], [70.8056702, 22.2432137], [70.8059716, 22.2430975], [70.8061208, 22.2430396], [70.8063236, 22.242964], [70.8064724, 22.2428963], [70.8066627, 22.2428008], [70.8070164, 22.2425848], [70.807337, 22.2423689], [70.8074345, 22.2423091], [70.8074762, 22.2422836], [70.8075563, 22.242242], [70.8076461, 22.2422034], [70.8079886, 22.2420792], [70.8080579, 22.242054]]}}, {"type": "Feature", "properties": {"road_type": "tertiary", "name": "Unnamed road", "major": false}, "geometry": {"type": "LineString", "coordinates": [[70.8014102, 22.2389574], [70.8014041, 22.2390544], [70.8013854, 22.2394266], [70.8013526, 22.2403649], [70.8013412, 22.2406989], [70.8013355, 22.2409554], [70.8013196, 22.2413974], [70.8013164, 22.2415026], [70.8013185, 22.242247], [70.8013151, 22.2423627], [70.801296, 22.2425409]]}}, {"type": "Feature", "properties": {"road_type": "tertiary", "name": "Unnamed road", "major": false}, "geometry": {"type": "LineString", "coordinates": [[70.7710898, 22.2885012], [70.7714053, 22.2885914], [70.7714985, 22.2886196], [70.7716499, 22.2886699], [70.7719469, 22.2887638], [70.7725884, 22.2889686], [70.7729925, 22.2890972], [70.7734369, 22.2892239], [70.7739522, 22.2893621], [70.774905, 22.289621], [70.7751694, 22.289688]]}}, {"type": "Feature", "properties": {"road_type": "primary", "name": "Unnamed road", "major": true}, "geometry": {"type": "LineString", "coordinates": [[70.8012702, 22.3009225], [70.801261, 22.3009002], [70.8012434, 22.3008829], [70.8012199, 22.3008731], [70.8011941, 22.3008724], [70.80117, 22.3008809], [70.8011513, 22.3008972], [70.8011407, 22.300919], [70.80114, 22.3009428], [70.8011491, 22.3009651], [70.8011668, 22.3009824], [70.801179, 22.3009875], [70.8011903, 22.3009922], [70.8012161, 22.3009929], [70.8012401, 22.3009844], [70.8012589, 22.3009681], [70.8012694, 22.3009463], [70.8012702, 22.3009225]]}}, {"type": "Feature", "properties": {"road_type": "secondary", "name": "Unnamed road", "major": true}, "geometry": {"type": "LineString", "coordinates": [[70.801261, 22.3009002], [70.8012783, 22.3005093], [70.8014177, 22.299363], [70.8014459, 22.2991052], [70.8014546, 22.2990254], [70.801576, 22.2975701], [70.8015949, 22.2972093], [70.8016079, 22.2970912], [70.8016613, 22.2963563], [70.8016724, 22.2962373], [70.8017731, 22.2953479], [70.8017878, 22.2952185], [70.8017885, 22.2951623], [70.8017825, 22.2951129], [70.8017704, 22.2950712], [70.8016904, 22.2948929], [70.8016676, 22.2948421], [70.8016237, 22.294745], [70.8015923, 22.2946894], [70.801557, 22.2946159], [70.8014944, 22.2945329], [70.8014028, 22.2944089], [70.8011571, 22.2941338], [70.8009248, 22.2939017], [70.8006112, 22.2935975], [70.8002882, 22.2932725], [70.7997737, 22.29279], [70.7996773, 22.2926997], [70.7995645, 22.2925965], [70.7994757, 22.292513], [70.7993356, 22.2924016], [70.7991469, 22.2922515]]}}, {"type": "Feature", "properties": {"road_type": "primary", "name": "Dr. B R Ambedkar Chowk Flyover", "major": true}, "geometry": {"type": "LineString", "coordinates": [[70.8019911, 22.3036804], [70.8016097, 22.3023248], [70.8014631, 22.3018213], [70.801384, 22.3015126]]}}, {"type": "Feature", "properties": {"road_type": "tertiary", "name": "Unnamed road", "major": false}, "geometry": {"type": "LineString", "coordinates": [[70.8288808, 22.2962361], [70.8293143, 22.2958892], [70.8294594, 22.2957604], [70.8295742, 22.2956445], [70.829648, 22.2955873], [70.8297269, 22.2955262], [70.8303071, 22.2950353], [70.8303384, 22.2950104], [70.8308579, 22.2945967], [70.8310543, 22.2944559], [70.831393, 22.2941831], [70.8318603, 22.2937862], [70.832045, 22.2937094], [70.8322193, 22.2936505], [70.832238, 22.2935483], [70.832257, 22.2934895], [70.832309, 22.2932023], [70.8324062, 22.2927196], [70.832421, 22.2926464]]}}, {"type": "Feature", "properties": {"road_type": "tertiary", "name": "Unnamed road", "major": false}, "geometry": {"type": "LineString", "coordinates": [[70.8294633, 22.2983514], [70.8294302, 22.2981781], [70.8292795, 22.2977936], [70.8291812, 22.2975661], [70.8290186, 22.2968614]]}}, {"type": "Feature", "properties": {"road_type": "trunk", "name": "Unnamed road", "major": true}, "geometry": {"type": "LineString", "coordinates": [[70.7886731, 22.2548645], [70.7886415, 22.2548511], [70.788607, 22.2548472], [70.7885728, 22.254853], [70.7885422, 22.2548678], [70.7885178, 22.2548904], [70.7885017, 22.2549187], [70.7884955, 22.2549501], [70.7884996, 22.2549818], [70.7885137, 22.255011], [70.7885347, 22.2550334], [70.7885614, 22.2550496], [70.788592, 22.2550584], [70.788624, 22.2550589], [70.7886549, 22.2550513], [70.7886884, 22.2550314], [70.7887124, 22.255002], [70.7887242, 22.2549669], [70.7887223, 22.2549301], [70.7887122, 22.2549045], [70.7886954, 22.2548821], [70.7886731, 22.2548645]]}}, {"type": "Feature", "properties": {"road_type": "primary", "name": "Unnamed road", "major": true}, "geometry": {"type": "LineString", "coordinates": [[70.8354565, 22.2794153], [70.8352016, 22.2796875], [70.834666, 22.2801975], [70.8345606, 22.2802926], [70.8341556, 22.2806687], [70.8337283, 22.2810673], [70.8334475, 22.2813458], [70.8331357, 22.2816379], [70.8327901, 22.2819602], [70.8324743, 22.2822567], [70.832275, 22.2824495], [70.8313077, 22.2833505], [70.8309145, 22.2837379], [70.8306732, 22.2839935], [70.8299072, 22.2846754], [70.8296625, 22.284845]]}}, {"type": "Feature", "properties": {"road_type": "primary", "name": "Unnamed road", "major": true}, "geometry": {"type": "LineString", "coordinates": [[70.836119, 22.2785783], [70.8360697, 22.2786302], [70.8360235, 22.2786947]]}}, {"type": "Feature", "properties": {"road_type": "primary", "name": "Unnamed road", "major": true}, "geometry": {"type": "LineString", "coordinates": [[70.8358271, 22.27892], [70.8357689, 22.2790132], [70.8355384, 22.2793373], [70.8354565, 22.2794153]]}}, {"type": "Feature", "properties": {"road_type": "primary", "name": "Unnamed road", "major": true}, "geometry": {"type": "LineString", "coordinates": [[70.8356256, 22.2793826], [70.8358424, 22.2791208], [70.835933, 22.2790169]]}}, {"type": "Feature", "properties": {"road_type": "primary", "name": "Unnamed road", "major": true}, "geometry": {"type": "LineString", "coordinates": [[70.8361416, 22.2787611], [70.8362572, 22.2786657], [70.8363273, 22.2786052], [70.8364242, 22.2785215], [70.8366707, 22.2783345], [70.8369191, 22.2781573], [70.8370965, 22.2780364]]}}, {"type": "Feature", "properties": {"road_type": "primary", "name": "Unnamed road", "major": true}, "geometry": {"type": "LineString", "coordinates": [[70.8360897, 22.278717], [70.8360235, 22.2786947], [70.8359615, 22.2786958], [70.8359036, 22.2787161], [70.8358558, 22.2787542], [70.835825, 22.2788051], [70.8358151, 22.2788628], [70.8358271, 22.27892], [70.8358687, 22.278979], [70.835933, 22.2790169], [70.835998, 22.2790273], [70.8360628, 22.2790154], [70.8361187, 22.2789828], [70.8361581, 22.2789338], [70.8361759, 22.2788749], [70.8361714, 22.2788202], [70.8361416, 22.2787611], [70.8360897, 22.278717]]}}, {"type": "Feature", "properties": {"road_type": "primary", "name": "Unnamed road", "major": true}, "geometry": {"type": "LineString", "coordinates": [[70.8296625, 22.284845], [70.8296069, 22.2848341], [70.8295516, 22.2848462], [70.8295072, 22.2848791], [70.8294823, 22.2849263], [70.8294793, 22.2849633], [70.8294885, 22.2849993], [70.8295056, 22.2850268], [70.8295376, 22.2850543], [70.8295777, 22.2850703], [70.8296212, 22.2850731], [70.8296687, 22.28506], [70.8297119, 22.285026], [70.8297352, 22.2849781], [70.8297373, 22.2849426], [70.829714, 22.2848845], [70.8296625, 22.284845]]}}, {"type": "Feature", "properties": {"road_type": "tertiary", "name": "Unnamed road", "major": false}, "geometry": {"type": "LineString", "coordinates": [[70.8359036, 22.2787161], [70.8358157, 22.2787133], [70.8357372, 22.2787191], [70.8355326, 22.278746]]}}, {"type": "Feature", "properties": {"road_type": "tertiary", "name": "Unnamed road", "major": false}, "geometry": {"type": "LineString", "coordinates": [[70.8361293, 22.2794471], [70.8362663, 22.2790337], [70.8362758, 22.2789661], [70.836268, 22.2789251], [70.8362404, 22.2788996], [70.8361759, 22.2788749]]}}, {"type": "Feature", "properties": {"road_type": "secondary", "name": "Unnamed road", "major": true}, "geometry": {"type": "LineString", "coordinates": [[70.7935479, 22.2728945], [70.7935884, 22.2729193], [70.7939559, 22.2730878], [70.7941281, 22.2731644], [70.7948921, 22.2735172], [70.795289, 22.2736901]]}}, {"type": "Feature", "properties": {"road_type": "secondary", "name": "Unnamed road", "major": true}, "geometry": {"type": "LineString", "coordinates": [[70.7852854, 22.2783834], [70.785418, 22.2781863], [70.7857495, 22.2774988]]}}, {"type": "Feature", "properties": {"road_type": "tertiary", "name": "Unnamed road", "major": false}, "geometry": {"type": "LineString", "coordinates": [[70.7876236, 22.2737765], [70.7871543, 22.2735683], [70.7867977, 22.2734243], [70.7866642, 22.2733677], [70.7863701, 22.2732434], [70.7860165, 22.2731013], [70.7856801, 22.2729676], [70.785478, 22.2728873], [70.7854595, 22.2728799], [70.7852311, 22.2727891], [70.7849604, 22.2726815], [70.7846692, 22.2725657], [70.7843554, 22.272441], [70.7839933, 22.272274], [70.7839803, 22.272268], [70.7836643, 22.2721221], [70.7833523, 22.2720041], [70.7833076, 22.2719872], [70.7830452, 22.2718879]]}}, {"type": "Feature", "properties": {"road_type": "secondary", "name": "Unnamed road", "major": true}, "geometry": {"type": "LineString", "coordinates": [[70.7865683, 22.2756476], [70.787083, 22.2747801], [70.7872397, 22.2744873], [70.7873915, 22.2741997], [70.7876236, 22.2737765], [70.7878146, 22.273484], [70.7878928, 22.2733647], [70.7880692, 22.2731502], [70.7882626, 22.2729414], [70.7883476, 22.2728549], [70.7884485, 22.2727489], [70.7889306, 22.2722909], [70.7891168, 22.2721138], [70.7893212, 22.2719339], [70.7896563, 22.2716562], [70.7897683, 22.2715429], [70.7904001, 22.2710286]]}}, {"type": "Feature", "properties": {"road_type": "tertiary", "name": "Unnamed road", "major": false}, "geometry": {"type": "LineString", "coordinates": [[70.7932029, 22.2731117], [70.7932226, 22.2731878], [70.7932235, 22.2732647], [70.7932143, 22.2733453], [70.7931376, 22.2738884], [70.7931327, 22.2739426], [70.7930692, 22.274905], [70.7930451, 22.275065], [70.792975, 22.2757201], [70.7929501, 22.2760196], [70.7929213, 22.2762332], [70.7929165, 22.2764769], [70.7928718, 22.2765922], [70.7927927, 22.2767763]]}}, {"type": "Feature", "properties": {"road_type": "secondary", "name": "Unnamed road", "major": true}, "geometry": {"type": "LineString", "coordinates": [[70.7857495, 22.2774988], [70.7857931, 22.2774085], [70.78594, 22.2770797], [70.7860187, 22.2768457], [70.7860873, 22.2767005], [70.7862171, 22.2764336], [70.7865683, 22.2756476]]}}, {"type": "Feature", "properties": {"road_type": "tertiary", "name": "Unnamed road", "major": false}, "geometry": {"type": "LineString", "coordinates": [[70.7830452, 22.2718879], [70.7821301, 22.2716228]]}}, {"type": "Feature", "properties": {"road_type": "secondary", "name": "Unnamed road", "major": true}, "geometry": {"type": "LineString", "coordinates": [[70.7913104, 22.2716784], [70.791718, 22.271965], [70.7920816, 22.2722206], [70.7924991, 22.2725065], [70.7926532, 22.2725991], [70.7929587, 22.2727394]]}}, {"type": "Feature", "properties": {"road_type": "tertiary", "name": "Unnamed road", "major": false}, "geometry": {"type": "LineString", "coordinates": [[70.7814193, 22.2714275], [70.7809833, 22.2713231], [70.7808625, 22.2712941], [70.780782, 22.2712768], [70.7807149, 22.2712623], [70.7805372, 22.2712189], [70.7803644, 22.2711814], [70.7803176, 22.2711712]]}}, {"type": "Feature", "properties": {"road_type": "trunk", "name": "Unnamed road", "major": true}, "geometry": {"type": "LineString", "coordinates": [[70.7803176, 22.2711712], [70.7803211, 22.2711257], [70.7803152, 22.2710943]]}}, {"type": "Feature", "properties": {"road_type": "tertiary", "name": "Unnamed road", "major": false}, "geometry": {"type": "LineString", "coordinates": [[70.7721451, 22.246465], [70.7718786, 22.2461247], [70.7718278, 22.2460484], [70.7717768, 22.2459701], [70.77168, 22.2458066], [70.771127, 22.2449191], [70.770728, 22.244179], [70.7705886, 22.243955], [70.7702078, 22.2432057], [70.7698432, 22.2424885], [70.7697844, 22.2423836], [70.7694634, 22.2416424], [70.7691099, 22.2408238], [70.7683629, 22.2394048], [70.7682943, 22.2392869], [70.7678656, 22.2385497], [70.7677, 22.238265], [70.7674055, 22.2377586], [70.7660576, 22.2351594], [70.7657601, 22.2345858], [70.7654334, 22.2339557], [70.7653141, 22.2337256], [70.7647351, 22.2326092], [70.7645967, 22.2323422], [70.7636141, 22.230355], [70.7635742, 22.2302585], [70.7635186, 22.2301268], [70.7632278, 22.2294214], [70.7628363, 22.2280608], [70.7627199, 22.2276024], [70.7625109, 22.2267796], [70.7622859, 22.225894], [70.7622405, 22.2257235], [70.7620097, 22.2248231], [70.7619281, 22.2245305], [70.7618098, 22.2241063]]}}, {"type": "Feature", "properties": {"road_type": "tertiary", "name": "Unnamed road", "major": false}, "geometry": {"type": "LineString", "coordinates": [[70.7805374, 22.2544385], [70.7805697, 22.2544718], [70.7808681, 22.2545737], [70.781238, 22.2546922], [70.7813334, 22.2547293], [70.7814133, 22.2547571], [70.781454, 22.2547713], [70.7815166, 22.2547938], [70.7817307, 22.254868], [70.7817767, 22.2548856], [70.7821311, 22.255021], [70.7822624, 22.2550711], [70.7826194, 22.2552148], [70.7829723, 22.2553569], [70.783017, 22.2553898], [70.7830497, 22.2554393], [70.7830648, 22.2555126], [70.7830605, 22.2555659], [70.7830551, 22.2556634], [70.7830087, 22.2559643], [70.782978, 22.2560708], [70.7828704, 22.2563526], [70.7828014, 22.2565543], [70.7826751, 22.2568838], [70.7825225, 22.2572857], [70.7823538, 22.2577583], [70.7822184, 22.2581206], [70.7820478, 22.2585676], [70.7818857, 22.2589966], [70.781848, 22.2591111], [70.7817152, 22.259443], [70.7814597, 22.2600976], [70.7813907, 22.2602354]]}}, {"type": "Feature", "properties": {"road_type": "tertiary", "name": "Unnamed road", "major": false}, "geometry": {"type": "LineString", "coordinates": [[70.7618098, 22.2241063], [70.7617094, 22.2235891], [70.7616078, 22.2230652], [70.7615693, 22.2229309], [70.7613786, 22.222446], [70.7612541, 22.2221751], [70.7611087, 22.2218589], [70.7608033, 22.2212172], [70.760456, 22.2204154], [70.7603029, 22.2200619], [70.7597678, 22.21907], [70.7596631, 22.2189409], [70.7595487, 22.2188426], [70.7591651, 22.2185129], [70.7591175, 22.218472]]}}, {"type": "Feature", "properties": {"road_type": "tertiary", "name": "Unnamed road", "major": false}, "geometry": {"type": "LineString", "coordinates": [[70.7812091, 22.2601022], [70.7809653, 22.259747], [70.7808171, 22.2595614], [70.7807021, 22.2594061], [70.7805176, 22.2591363], [70.7804141, 22.2589879], [70.7803266, 22.2588697], [70.7801876, 22.2586992], [70.7799741, 22.2585122], [70.7796215, 22.2581898], [70.7795847, 22.2581492], [70.7794911, 22.2580364], [70.7794146, 22.2579399], [70.7793575, 22.2578178], [70.7793101, 22.2577003], [70.7792896, 22.2576258], [70.7792837, 22.2575528], [70.779281, 22.2574738], [70.7792822, 22.2573307], [70.7792903, 22.2572054], [70.7793109, 22.2569117], [70.7793234, 22.2567326], [70.7793437, 22.2565048], [70.7793435, 22.2564025], [70.7793293, 22.2562711], [70.7793139, 22.2561956], [70.7792793, 22.256046], [70.7792372, 22.2558833], [70.7792147, 22.2557947], [70.7792038, 22.255752], [70.7791666, 22.2556329], [70.7790262, 22.2552718], [70.7788704, 22.2549192], [70.7788329, 22.2548317], [70.7787086, 22.2545412], [70.778653, 22.2544111]]}}, {"type": "Feature", "properties": {"road_type": "tertiary", "name": "Unnamed road", "major": false}, "geometry": {"type": "LineString", "coordinates": [[70.7822858, 22.2886967], [70.7826848, 22.2882992], [70.7827378, 22.2882464], [70.7828926, 22.2880708], [70.7832039, 22.2877176], [70.7836541, 22.2872302], [70.7842757, 22.2866798], [70.7843469, 22.2866098], [70.7847779, 22.2861873], [70.7849231, 22.286016], [70.7852966, 22.2856291], [70.7855222, 22.2853856], [70.7856612, 22.2852264], [70.7860705, 22.2847491], [70.7862865, 22.2845429], [70.7866936, 22.2840431], [70.7870201, 22.2836382]]}}, {"type": "Feature", "properties": {"road_type": "secondary", "name": "Unnamed road", "major": true}, "geometry": {"type": "LineString", "coordinates": [[70.7797422, 22.2868361], [70.779761, 22.2866804], [70.7801155, 22.28621], [70.7808829, 22.2854227], [70.7809399, 22.2853642], [70.7810885, 22.2852118], [70.7813676, 22.2849022], [70.7814997, 22.2847557], [70.7816294, 22.2846119], [70.781848, 22.2843694], [70.7824096, 22.2837465], [70.7824308, 22.2837231], [70.7827697, 22.2833844]]}}, {"type": "Feature", "properties": {"road_type": "tertiary", "name": "Unnamed road", "major": false}, "geometry": {"type": "LineString", "coordinates": [[70.8224986, 22.2591644], [70.8226924, 22.2591101], [70.822914, 22.2590761], [70.823163, 22.2591096], [70.8232086, 22.2591251], [70.8234288, 22.2591998], [70.8234943, 22.259222], [70.8236858, 22.259287], [70.8237218, 22.2592992], [70.8239779, 22.2593861], [70.8240443, 22.2594012], [70.8241023, 22.2594213], [70.8243088, 22.259509], [70.8243443, 22.25953], [70.8244075, 22.2595653]]}}, {"type": "Feature", "properties": {"road_type": "tertiary", "name": "Unnamed road", "major": false}, "geometry": {"type": "LineString", "coordinates": [[70.8191947, 22.2688409], [70.8192231, 22.2689949], [70.8192295, 22.2691697], [70.8192206, 22.2694099], [70.8192694, 22.2696472], [70.8193177, 22.2697908], [70.8193674, 22.2700065], [70.8194241, 22.2702388], [70.8194944, 22.270491], [70.8195348, 22.2706933], [70.8195328, 22.2711779], [70.819583, 22.2714278], [70.8196646, 22.2717541], [70.8197253, 22.2719967], [70.8197649, 22.2722058], [70.8198149, 22.2725489], [70.81983, 22.2727683], [70.8198491, 22.2734981], [70.8198576, 22.2736799], [70.8198632, 22.2738246], [70.8198588, 22.2740897], [70.8198539, 22.2741334], [70.8198154, 22.274473], [70.8198092, 22.2745282], [70.819808, 22.2746208], [70.8198056, 22.2747139], [70.8197911, 22.2749004], [70.8197795, 22.2751193], [70.8197509, 22.2753381], [70.8197424, 22.2754088], [70.8197274, 22.2755798], [70.8196893, 22.2757852], [70.8196701, 22.2758882], [70.8196416, 22.2759869], [70.8195966, 22.2761393], [70.8195211, 22.2763577], [70.819492, 22.2764749], [70.819451, 22.2766289], [70.8194177, 22.2767619], [70.8194, 22.2768234], [70.819382, 22.2768861]]}}, {"type": "Feature", "properties": {"road_type": "tertiary", "name": "Unnamed road", "major": false}, "geometry": {"type": "LineString", "coordinates": [[70.8219014, 22.264544], [70.8219417, 22.2645229], [70.8219653, 22.2644983], [70.8224403, 22.2640054]]}}, {"type": "Feature", "properties": {"road_type": "tertiary", "name": "Unnamed road", "major": false}, "geometry": {"type": "LineString", "coordinates": [[70.8183162, 22.2648725], [70.8180559, 22.2648357], [70.8179475, 22.2648114]]}}, {"type": "Feature", "properties": {"road_type": "tertiary", "name": "Unnamed road", "major": false}, "geometry": {"type": "LineString", "coordinates": [[70.8164605, 22.2630637], [70.8165199, 22.2630596], [70.8169604, 22.2630774]]}}, {"type": "Feature", "properties": {"road_type": "tertiary", "name": "Unnamed road", "major": false}, "geometry": {"type": "LineString", "coordinates": [[70.8200164, 22.2641544], [70.8200803, 22.2641331], [70.8201305, 22.2641281], [70.8203012, 22.2641612], [70.8204187, 22.2641907], [70.8208437, 22.2643078], [70.8212497, 22.2644098], [70.8217023, 22.2645272], [70.8217979, 22.2645511], [70.8218463, 22.2645546], [70.8219014, 22.264544]]}}, {"type": "Feature", "properties": {"road_type": "tertiary", "name": "Unnamed road", "major": false}, "geometry": {"type": "LineString", "coordinates": [[70.774097, 22.2584249], [70.7745329, 22.2586549]]}}, {"type": "Feature", "properties": {"road_type": "secondary", "name": "Unnamed road", "major": true}, "geometry": {"type": "LineString", "coordinates": [[70.7846425, 22.2647397], [70.7846, 22.2647359], [70.7845699, 22.264742], [70.7845582, 22.2647444], [70.7845439, 22.2647522], [70.7845191, 22.2647658], [70.7844896, 22.2647978], [70.7844733, 22.264835], [70.7844704, 22.2648772], [70.7844825, 22.264918], [70.7845083, 22.2649529], [70.784545, 22.2649782], [70.7845885, 22.2649911], [70.7846342, 22.2649901], [70.7846699, 22.2649791], [70.784704, 22.264957], [70.7847296, 22.2649264], [70.7847435, 22.2648928], [70.7847466, 22.2648534], [70.7847365, 22.2648149], [70.7847142, 22.2647811], [70.7846819, 22.2647552], [70.7846425, 22.2647397]]}}, {"type": "Feature", "properties": {"road_type": "trunk", "name": "Unnamed road", "major": true}, "geometry": {"type": "LineString", "coordinates": [[70.7885137, 22.255011], [70.7885057, 22.2551074], [70.7884207, 22.2567438], [70.7883748, 22.2575206], [70.7883611, 22.2583015], [70.7883589, 22.2584805], [70.7883841, 22.2588236], [70.7883759, 22.2589831], [70.7882921, 22.2592492], [70.7882434, 22.2593961], [70.7878824, 22.2599277], [70.7878108, 22.2600066], [70.7876953, 22.2601747], [70.7876563, 22.2602464], [70.7870095, 22.2612332], [70.7866603, 22.2617455], [70.786533, 22.2619346], [70.7864112, 22.2621466], [70.7862673, 22.2624373], [70.7862375, 22.2624994]]}}, {"type": "Feature", "properties": {"road_type": "primary", "name": "Unnamed road", "major": true}, "geometry": {"type": "LineString", "coordinates": [[70.818703, 22.2516434], [70.8184696, 22.2522186]]}}, {"type": "Feature", "properties": {"road_type": "tertiary", "name": "Unnamed road", "major": false}, "geometry": {"type": "LineString", "coordinates": [[70.8109768, 22.2619121], [70.8110306, 22.2616964], [70.8110559, 22.2616094], [70.8110976, 22.2614663], [70.8111361, 22.2611232], [70.811168, 22.2608112], [70.8112494, 22.2599434], [70.8112545, 22.2598741], [70.8112518, 22.2596988], [70.8112402, 22.2592634], [70.8112381, 22.2590816], [70.8112357, 22.2587685], [70.8112462, 22.2584301], [70.8112497, 22.2580566]]}}, {"type": "Feature", "properties": {"road_type": "tertiary", "name": "Unnamed road", "major": false}, "geometry": {"type": "LineString", "coordinates": [[70.8085526, 22.2562406], [70.8086042, 22.2564551], [70.8088059, 22.257147], [70.8088101, 22.2574216]]}}, {"type": "Feature", "properties": {"road_type": "tertiary", "name": "Unnamed road", "major": false}, "geometry": {"type": "LineString", "coordinates": [[70.8112497, 22.2580566], [70.8114855, 22.2580931], [70.8117952, 22.2581411], [70.8123513, 22.258241], [70.8127335, 22.2583485], [70.8132225, 22.2584285], [70.8133332, 22.2584467]]}}, {"type": "Feature", "properties": {"road_type": "secondary", "name": "Amin Marg", "major": true}, "geometry": {"type": "LineString", "coordinates": [[70.78505, 22.2907436], [70.7849659, 22.2906853], [70.7843076, 22.2902539], [70.7839143, 22.2899998], [70.7832814, 22.2894944], [70.7829614, 22.2892389], [70.7826542, 22.2889924], [70.7822858, 22.2886967], [70.7819512, 22.2884333], [70.7818269, 22.2883355], [70.781752, 22.2882765], [70.7815031, 22.2880565], [70.781307, 22.2879045], [70.7810047, 22.2876703], [70.7804907, 22.2872722], [70.7804164, 22.2872126], [70.7801431, 22.2869785], [70.779761, 22.2866804], [70.7793544, 22.2863672], [70.7792378, 22.2862699], [70.7790234, 22.2860909], [70.7788976, 22.2859858], [70.7786095, 22.2857453], [70.7785774, 22.2857185], [70.7784742, 22.2856522], [70.7781649, 22.28544], [70.7779626, 22.2853011], [70.7779141, 22.2852678], [70.7773026, 22.2849221], [70.7768971, 22.2848297], [70.7768428, 22.2848178]]}}, {"type": "Feature", "properties": {"road_type": "tertiary", "name": "Kalawad Road", "major": false}, "geometry": {"type": "LineString", "coordinates": [[70.7740696, 22.2873943], [70.7736419, 22.2871121], [70.7730607, 22.2867294], [70.7722771, 22.286246], [70.7719919, 22.2860502], [70.7716095, 22.2858031], [70.7714395, 22.2856972], [70.7709397, 22.2853774], [70.7705295, 22.2851166], [70.7701396, 22.2848704], [70.7697617, 22.284652], [70.7696457, 22.2845893], [70.7694068, 22.2844051], [70.768974, 22.2840373], [70.7682924, 22.2834481], [70.7680517, 22.2832308], [70.7676253, 22.2828819], [70.7666315, 22.282036], [70.7664663, 22.2819693]]}}, {"type": "Feature", "properties": {"road_type": "secondary", "name": "Unnamed road", "major": true}, "geometry": {"type": "LineString", "coordinates": [[70.7827697, 22.2833844], [70.7828655, 22.2831805], [70.7829053, 22.2830958], [70.7829455, 22.2829891], [70.7829731, 22.282916], [70.7830535, 22.2821824], [70.7830635, 22.2820922], [70.7831042, 22.2819146], [70.7831391, 22.2817622], [70.7832393, 22.2812989], [70.783344, 22.2810454]]}}, {"type": "Feature", "properties": {"road_type": "secondary", "name": "Unnamed road", "major": true}, "geometry": {"type": "LineString", "coordinates": [[70.783344, 22.2810454], [70.783687, 22.2805931], [70.7837634, 22.2805029], [70.7841193, 22.2801474]]}}, {"type": "Feature", "properties": {"road_type": "secondary", "name": "Unnamed road", "major": true}, "geometry": {"type": "LineString", "coordinates": [[70.7845197, 22.2796007], [70.7845431, 22.279551], [70.7846242, 22.2794204], [70.7850634, 22.2787136], [70.7852667, 22.2784113], [70.7852854, 22.2783834]]}}, {"type": "Feature", "properties": {"road_type": "secondary", "name": "Gondal Road", "major": true}, "geometry": {"type": "LineString", "coordinates": [[70.8000046, 22.2597992], [70.8000107, 22.2603869], [70.8000078, 22.2614955], [70.7999495, 22.2620934], [70.7999395, 22.2621955], [70.799844, 22.2635608], [70.7997693, 22.2643678], [70.7997095, 22.2650195], [70.7996749, 22.2655145], [70.7996249, 22.2660371], [70.7995379, 22.2667713], [70.7994358, 22.2679239], [70.7993678, 22.2687498], [70.7992977, 22.2693817], [70.7992723, 22.2697035], [70.7992668, 22.2697649], [70.7992593, 22.2698359], [70.7991952, 22.2705999], [70.799119, 22.2715547]]}}, {"type": "Feature", "properties": {"road_type": "tertiary", "name": "Unnamed road", "major": false}, "geometry": {"type": "LineString", "coordinates": [[70.8052088, 22.2639251], [70.8052046, 22.2641726], [70.8051685, 22.2647988], [70.8051084, 22.2654141], [70.805014, 22.2660221], [70.8050134, 22.2661171]]}}, {"type": "Feature", "properties": {"road_type": "tertiary", "name": "Unnamed road", "major": false}, "geometry": {"type": "LineString", "coordinates": [[70.8042531, 22.256279], [70.8043602, 22.2573351], [70.8043687, 22.257419], [70.804411, 22.2578356], [70.8044116, 22.2579561], [70.8044156, 22.2587495], [70.8044135, 22.2589226], [70.804417, 22.2590157], [70.8044227, 22.2590673], [70.8044824, 22.2596096], [70.8044998, 22.2597676], [70.8045187, 22.25994], [70.8045856, 22.2605475], [70.8046401, 22.2609409]]}}, {"type": "Feature", "properties": {"road_type": "tertiary", "name": "Unnamed road", "major": false}, "geometry": {"type": "LineString", "coordinates": [[70.8040905, 22.254559], [70.8041499, 22.2551871], [70.8042531, 22.256279]]}}, {"type": "Feature", "properties": {"road_type": "secondary", "name": "Unnamed road", "major": true}, "geometry": {"type": "LineString", "coordinates": [[70.8000333, 22.2560042], [70.8000114, 22.2567043], [70.8000104, 22.2588834], [70.8000046, 22.2597992]]}}, {"type": "Feature", "properties": {"road_type": "tertiary", "name": "Unnamed road", "major": false}, "geometry": {"type": "LineString", "coordinates": [[70.8048975, 22.2628828], [70.8049012, 22.2629153], [70.8050209, 22.2633124], [70.8051653, 22.2637917], [70.8052088, 22.2639251]]}}, {"type": "Feature", "properties": {"road_type": "secondary", "name": "Unnamed road", "major": true}, "geometry": {"type": "LineString", "coordinates": [[70.8000737, 22.2527593], [70.800067, 22.2533269], [70.800073, 22.2536339], [70.8000771, 22.2538457], [70.8000804, 22.2540146], [70.8000686, 22.2544746], [70.8000619, 22.2553836], [70.8000333, 22.2560042]]}}, {"type": "Feature", "properties": {"road_type": "tertiary", "name": "Unnamed road", "major": false}, "geometry": {"type": "LineString", "coordinates": [[70.8039153, 22.2527145], [70.8039235, 22.2527998], [70.803957, 22.253147], [70.8040098, 22.2537057], [70.8040541, 22.2541738], [70.8040905, 22.254559]]}}, {"type": "Feature", "properties": {"road_type": "secondary", "name": "Unnamed road", "major": true}, "geometry": {"type": "LineString", "coordinates": [[70.8001397, 22.2489442], [70.8001381, 22.2492717], [70.8001108, 22.2504122], [70.8001046, 22.2515299], [70.8001023, 22.2516257], [70.8000922, 22.2521387], [70.8000737, 22.2527593]]}}, {"type": "Feature", "properties": {"road_type": "tertiary", "name": "Unnamed road", "major": false}, "geometry": {"type": "LineString", "coordinates": [[70.8063265, 22.2773319], [70.8063312, 22.278075], [70.8063329, 22.2781137], [70.806335, 22.2786592], [70.8063377, 22.2793832], [70.8063862, 22.2799674], [70.8063884, 22.2805619], [70.8063874, 22.2809106], [70.8063869, 22.2809771]]}}, {"type": "Feature", "properties": {"road_type": "tertiary", "name": "Unnamed road", "major": false}, "geometry": {"type": "LineString", "coordinates": [[70.8067328, 22.2547405], [70.8070082, 22.2548445], [70.8073025, 22.2549556], [70.8074028, 22.2550565], [70.8078914, 22.2554974], [70.8082638, 22.2558253], [70.808288, 22.2558538]]}}, {"type": "Feature", "properties": {"road_type": "secondary", "name": "Unnamed road", "major": true}, "geometry": {"type": "LineString", "coordinates": [[70.8165019, 22.2827109], [70.8161263, 22.2835944], [70.816069, 22.2837317], [70.8158914, 22.2841571], [70.8155591, 22.2849527], [70.8155206, 22.2850416], [70.8155016, 22.2850854], [70.8153439, 22.2854668], [70.8151262, 22.2860453], [70.8150513, 22.2862747], [70.8149172, 22.2866907], [70.814825, 22.28695], [70.8147952, 22.2870547], [70.8147411, 22.2872449], [70.8146946, 22.2874521], [70.8146607, 22.2876032], [70.8145361, 22.2884082], [70.8145138, 22.2884932]]}}, {"type": "Feature", "properties": {"road_type": "secondary", "name": "Unnamed road", "major": true}, "geometry": {"type": "LineString", "coordinates": [[70.8022667, 22.2802693], [70.8030465, 22.280394], [70.8043228, 22.2806154], [70.8045821, 22.280662], [70.8051744, 22.2807685], [70.8052524, 22.2807825], [70.8057603, 22.2808691], [70.8063869, 22.2809771], [70.8065428, 22.281], [70.8070948, 22.2810965], [70.8085464, 22.2813764], [70.8100096, 22.2816196], [70.8105265, 22.2816963]]}}, {"type": "Feature", "properties": {"road_type": "tertiary", "name": "Unnamed road", "major": false}, "geometry": {"type": "LineString", "coordinates": [[70.806868, 22.2781204], [70.8073043, 22.2781954], [70.8080196, 22.2783201], [70.808092, 22.2783234], [70.8084908, 22.2784151], [70.8088131, 22.2784892], [70.8090685, 22.2785479], [70.809339, 22.2785862], [70.8094439, 22.2786011], [70.809556, 22.278617], [70.8098468, 22.2786466], [70.8105955, 22.2787737], [70.8112683, 22.2789047], [70.8113702, 22.2789245]]}}, {"type": "Feature", "properties": {"road_type": "secondary", "name": "Unnamed road", "major": true}, "geometry": {"type": "LineString", "coordinates": [[70.8144283, 22.2888806], [70.814401, 22.2890227], [70.8143954, 22.2893989], [70.8143096, 22.2900802], [70.8142731, 22.2903696], [70.814175, 22.2907865], [70.8141431, 22.2909313], [70.814056, 22.2914521], [70.8139861, 22.2920203], [70.8139239, 22.2923155], [70.8139076, 22.2924347], [70.813884, 22.2927071], [70.8136589, 22.2933118], [70.8135076, 22.2936132], [70.8133457, 22.2939041], [70.8132262, 22.2941236], [70.8131483, 22.2942546], [70.8130463, 22.2944574], [70.8128825, 22.2946836], [70.8124361, 22.2953229], [70.8123952, 22.2953567], [70.8123169, 22.2954079], [70.8121097, 22.2955432], [70.8119363, 22.2956602], [70.8118722, 22.2957003], [70.8117317, 22.2957902], [70.8114457, 22.2959771], [70.8113787, 22.2960437], [70.8112013, 22.2962201], [70.8107974, 22.2965617], [70.810717, 22.296596], [70.810632, 22.2966023], [70.8104909, 22.2965723], [70.8101017, 22.2964862], [70.8094901, 22.2963109], [70.8093965, 22.296296], [70.8093174, 22.2962907], [70.8082948, 22.2964864], [70.8079761, 22.296521], [70.807908, 22.296561], [70.8078599, 22.2966193], [70.8077563, 22.2970197], [70.8077106, 22.2971691], [70.8074515, 22.2978558], [70.8072456, 22.2984472], [70.8071417, 22.2987503], [70.8071035, 22.298837], [70.8070794, 22.2989376], [70.8069341, 22.2994461], [70.8068528, 22.2998267], [70.8068378, 22.299929], [70.8067739, 22.30012], [70.8067184, 22.300242], [70.8066997, 22.3003174], [70.8066869, 22.3004648], [70.8066836, 22.3006522], [70.806669, 22.3009133], [70.8066445, 22.3011188], [70.8065954, 22.3013214], [70.8065449, 22.3014968], [70.8064569, 22.301715], [70.8063285, 22.3020011], [70.8062973, 22.3020988], [70.8062712, 22.3022111], [70.8062363, 22.3023181], [70.8061778, 22.3024778], [70.8061028, 22.3026516], [70.8060805, 22.3027216], [70.8060902, 22.3027765], [70.8061279, 22.3028455], [70.8062103, 22.3029748], [70.8065888, 22.3036564], [70.8067229, 22.3039003], [70.8070047, 22.3044133], [70.8071999, 22.30481], [70.8072296, 22.3048933], [70.8072306, 22.3049225], [70.8072194, 22.3049545], [70.8071663, 22.3050022], [70.8070311, 22.3050808], [70.8069546, 22.3051227], [70.8068677, 22.3051799], [70.806769, 22.3052614]]}}, {"type": "Feature", "properties": {"road_type": "tertiary", "name": "Unnamed road", "major": false}, "geometry": {"type": "LineString", "coordinates": [[70.819382, 22.2768861], [70.8192737, 22.2772976], [70.819255, 22.2774135], [70.8192374, 22.2775784], [70.8192388, 22.2776253], [70.8193152, 22.2779897], [70.8192759, 22.2781447], [70.8192133, 22.2782547], [70.8191903, 22.2782936], [70.8189601, 22.2785818], [70.8189506, 22.2785977], [70.818937, 22.2786205], [70.818895, 22.2786907], [70.8188383, 22.2787855], [70.8187637, 22.2789102], [70.8186955, 22.278996], [70.8183486, 22.2795106], [70.8182056, 22.2796774], [70.8179885, 22.2799564], [70.8178869, 22.2801072], [70.8176901, 22.2804271], [70.8175055, 22.2806837], [70.8173027, 22.2809037], [70.8172266, 22.2810007], [70.8171725, 22.281083], [70.81704, 22.2813672], [70.8169971, 22.281457], [70.816921, 22.2816361], [70.8167031, 22.2821489], [70.8165259, 22.2826512], [70.8165019, 22.2827109]]}}, {"type": "Feature", "properties": {"road_type": "trunk", "name": "Unnamed road", "major": true}, "geometry": {"type": "LineString", "coordinates": [[70.7677504, 22.3110813], [70.7677167, 22.3110981], [70.76769, 22.3111234], [70.7676756, 22.3111476], [70.7676677, 22.3111742], [70.7676668, 22.3112018], [70.7676776, 22.31124], [70.7677016, 22.3112727], [70.767723, 22.3112892], [70.7677479, 22.311301], [70.7677821, 22.3113082], [70.7678172, 22.3113064], [70.7678503, 22.3112958], [70.7678791, 22.3112772], [70.7679025, 22.31125], [70.7679162, 22.3112176], [70.7679189, 22.3111827], [70.767909, 22.3111454], [70.7678866, 22.311113], [70.7678749, 22.3111033], [70.7678609, 22.311093], [70.767826, 22.3110787], [70.767788, 22.3110747], [70.7677504, 22.3110813]]}}, {"type": "Feature", "properties": {"road_type": "trunk", "name": "Unnamed road", "major": true}, "geometry": {"type": "LineString", "coordinates": [[70.7678609, 22.311093], [70.7678986, 22.310623], [70.7679488, 22.3100454], [70.768038, 22.3094708], [70.768102, 22.3092107], [70.7681772, 22.3085709], [70.7681751, 22.3082601], [70.768163, 22.3074646], [70.7681823, 22.3069875], [70.7682255, 22.3067348], [70.7684607, 22.3054199]]}}, {"type": "Feature", "properties": {"road_type": "trunk", "name": "Unnamed road", "major": true}, "geometry": {"type": "LineString", "coordinates": [[70.7675869, 22.315892], [70.7675715, 22.3171932], [70.7675516, 22.3180029], [70.7675009, 22.3192946], [70.7674915, 22.3195511], [70.7674514, 22.3206444], [70.767462, 22.3209222], [70.7674707, 22.3210676], [70.7674938, 22.3212588], [70.7677058, 22.3221967], [70.767784, 22.3226587]]}}, {"type": "Feature", "properties": {"road_type": "secondary", "name": "Unnamed road", "major": true}, "geometry": {"type": "LineString", "coordinates": [[70.8128653, 22.2711437], [70.8128115, 22.2715598], [70.8127755, 22.2718387], [70.8127685, 22.2718929], [70.812684, 22.2725462], [70.8126466, 22.2728434], [70.8125754, 22.2734023], [70.8125593, 22.2735257], [70.8125448, 22.2736371], [70.8124177, 22.2741463], [70.8123429, 22.2744713], [70.8122853, 22.2747482], [70.8122639, 22.274864], [70.8120703, 22.2759104], [70.8120544, 22.2759961], [70.8119598, 22.2765518], [70.8119334, 22.2767051], [70.8119209, 22.2767649], [70.8116938, 22.2776053], [70.8116439, 22.2777597], [70.811637, 22.277781], [70.811516, 22.2781552], [70.8113994, 22.278516], [70.8113732, 22.2785969], [70.8113616, 22.2786348], [70.8112683, 22.2789047], [70.8112145, 22.2790893], [70.8111, 22.2795296], [70.8110566, 22.2798583], [70.8110377, 22.2803066], [70.8110173, 22.2805504], [70.8110141, 22.2805993], [70.8110095, 22.280668], [70.8109792, 22.2809667], [70.8109762, 22.2809996], [70.8109167, 22.2812313], [70.8109074, 22.2812696], [70.8108876, 22.2813321], [70.8108295, 22.2815322]]}}, {"type": "Feature", "properties": {"road_type": "secondary", "name": "Unnamed road", "major": true}, "geometry": {"type": "LineString", "coordinates": [[70.8105265, 22.2816963], [70.8105217, 22.2817394], [70.810542, 22.2818023], [70.8105861, 22.2818585], [70.8106482, 22.2818975], [70.8107209, 22.2819146], [70.8107956, 22.2819078], [70.8109003, 22.2818594], [70.8109132, 22.281832], [70.8109447, 22.2817738], [70.8109542, 22.2817235], [70.8109498, 22.2816726], [70.8109316, 22.2816243], [70.8109008, 22.2815819], [70.8108679, 22.2815536], [70.8108295, 22.2815322], [70.810767, 22.2815151], [70.8107018, 22.2815159], [70.8106399, 22.2815345], [70.8105866, 22.2815693], [70.810547, 22.2816172], [70.8105265, 22.2816963]]}}, {"type": "Feature", "properties": {"road_type": "secondary", "name": "Unnamed road", "major": true}, "geometry": {"type": "LineString", "coordinates": [[70.7677703, 22.3158194], [70.7679379, 22.3158234], [70.7683104, 22.3158226], [70.7687037, 22.315836], [70.7689103, 22.3158328], [70.7698027, 22.3158189], [70.7698467, 22.3158182], [70.7699512, 22.3158166], [70.7703217, 22.3158276], [70.7703703, 22.3158278], [70.7705009, 22.3158285], [70.7710177, 22.3158498], [70.7713378, 22.3158461], [70.7714466, 22.3158371], [70.77165, 22.3158111], [70.7720826, 22.3157591], [70.7723404, 22.3157282], [70.7725253, 22.3157141], [70.7727742, 22.3156973], [70.7729081, 22.3157003], [70.7729765, 22.3156979], [70.7736843, 22.3156702], [70.7740253, 22.3156568], [70.7743351, 22.3156154], [70.7747561, 22.3155483], [70.7750102, 22.3155038], [70.7751447, 22.3154747], [70.7755613, 22.3153846], [70.7757594, 22.3153417], [70.7762376, 22.3152098], [70.7770404, 22.3150278], [70.7773742, 22.3149486], [70.777982, 22.3148043], [70.77832, 22.3147241], [70.7818853, 22.3140336]]}}, {"type": "Feature", "properties": {"road_type": "tertiary", "name": "Unnamed road", "major": false}, "geometry": {"type": "LineString", "coordinates": [[70.8131871, 22.2690667], [70.8127826, 22.2677644], [70.8126996, 22.267558], [70.8124588, 22.2670654], [70.8123636, 22.2668803], [70.8121905, 22.2665462], [70.8121475, 22.2664482], [70.8120739, 22.2662716], [70.81204, 22.2662063], [70.8117631, 22.2657656], [70.8115786, 22.2653568], [70.8115335, 22.2651658], [70.8115195, 22.2650874], [70.8114864, 22.2647032], [70.8114641, 22.2644634], [70.8114436, 22.264315], [70.8112964, 22.2638729], [70.8112261, 22.2636894], [70.8111338, 22.2634527], [70.8110989, 22.2633567], [70.8109417, 22.2628313], [70.8109247, 22.2627938]]}}, {"type": "Feature", "properties": {"road_type": "tertiary", "name": "Unnamed road", "major": false}, "geometry": {"type": "LineString", "coordinates": [[70.8147103, 22.2629626], [70.8150196, 22.2630065], [70.8155498, 22.2630954], [70.8156121, 22.2631024], [70.8161437, 22.2631017], [70.8164605, 22.2630637]]}}, {"type": "Feature", "properties": {"road_type": "secondary", "name": "Unnamed road", "major": true}, "geometry": {"type": "LineString", "coordinates": [[70.8132305, 22.2691583], [70.8133782, 22.2688034], [70.8135659, 22.2682946], [70.813694, 22.2678936], [70.8138515, 22.2671017], [70.8139469, 22.2666766], [70.8140687, 22.2658849], [70.8141003, 22.265738], [70.8141341, 22.2655129], [70.8142796, 22.2645447], [70.81433, 22.2643353], [70.8143991, 22.2640373], [70.8145273, 22.2636307], [70.8145606, 22.2635086], [70.8146428, 22.2632075], [70.8147103, 22.2629626], [70.8148782, 22.2623358], [70.814918, 22.2621839], [70.8149379, 22.2621186], [70.8149997, 22.2619157], [70.8150611, 22.2617143], [70.8151672, 22.2613238], [70.8152641, 22.2609729], [70.8153707, 22.2605633], [70.815464, 22.2602284], [70.8155709, 22.2597822], [70.8156964, 22.2593451], [70.8157026, 22.259329], [70.8157605, 22.2590863], [70.8158158, 22.2589014], [70.8158509, 22.2587721], [70.8159237, 22.2584968], [70.8159641, 22.2583777], [70.8161082, 22.2581089]]}}, {"type": "Feature", "properties": {"road_type": "tertiary", "name": "Unnamed road", "major": false}, "geometry": {"type": "LineString", "coordinates": [[70.8159237, 22.2584968], [70.8166006, 22.2590302], [70.8168863, 22.2592553], [70.8173145, 22.2596266], [70.8175554, 22.2598347], [70.8176404, 22.2599035], [70.8179945, 22.2601899], [70.8182763, 22.2604179], [70.818335, 22.260454], [70.8186446, 22.2606439], [70.8189776, 22.2608146]]}}, {"type": "Feature", "properties": {"road_type": "trunk", "name": "Nana Mava Circle Flyover", "major": true}, "geometry": {"type": "LineString", "coordinates": [[70.7790484, 22.2733841], [70.7789183, 22.2736915], [70.7786235, 22.2743972], [70.7784685, 22.2747328], [70.7782912, 22.2751379], [70.7781809, 22.2753803], [70.7779495, 22.275908], [70.7777319, 22.2762851], [70.7775651, 22.2765888], [70.77737, 22.2769688], [70.7772292, 22.27725], [70.777049, 22.2776609], [70.7769671, 22.2778459], [70.7767268, 22.2783815], [70.7766482, 22.2785478]]}}, {"type": "Feature", "properties": {"road_type": "trunk", "name": "150 Foot Ring Road Flyover", "major": true}, "geometry": {"type": "LineString", "coordinates": [[70.7704135, 22.2917198], [70.770685, 22.2908696], [70.7709022, 22.2903019], [70.7710044, 22.2899944], [70.7710874, 22.2895359], [70.7712093, 22.2888841], [70.771358, 22.288442], [70.7714005, 22.2883109], [70.7714145, 22.2882414], [70.7714596, 22.2880373], [70.77156, 22.2874999], [70.7717101, 22.2869025], [70.7717779, 22.2867511], [70.7718622, 22.2865909], [70.7719603, 22.2864559], [70.772052, 22.2863557], [70.7724127, 22.2859215], [70.7728916, 22.2852657], [70.7730153, 22.2850919], [70.773834, 22.2839412]]}}, {"type": "Feature", "properties": {"road_type": "trunk", "name": "150 Foot Ring Road Flyover", "major": true}, "geometry": {"type": "LineString", "coordinates": [[70.7737096, 22.2838936], [70.7733737, 22.2843942], [70.7729051, 22.285033], [70.7728689, 22.2850824], [70.7726042, 22.2854518], [70.772309, 22.2858434], [70.77192, 22.2862905], [70.7716702, 22.2866819], [70.7715611, 22.2869569], [70.7714675, 22.2873152], [70.7713319, 22.2880131], [70.7713042, 22.2881582], [70.7712262, 22.2883815], [70.7711312, 22.2885934], [70.7710969, 22.2887176], [70.7710734, 22.288849], [70.7710257, 22.2891591], [70.7709156, 22.2898528], [70.7708812, 22.2900201], [70.7706817, 22.2905138], [70.7705253, 22.2909827], [70.7703813, 22.291403], [70.7702738, 22.2916761]]}}, {"type": "Feature", "properties": {"road_type": "trunk", "name": "150 Foot Ring Road", "major": true}, "geometry": {"type": "LineString", "coordinates": [[70.7699063, 22.2940617], [70.769967, 22.2930815], [70.7699894, 22.2929354], [70.7702193, 22.2922796], [70.7703055, 22.2920455]]}}, {"type": "Feature", "properties": {"road_type": "trunk", "name": "150 Foot Ring Road", "major": true}, "geometry": {"type": "LineString", "coordinates": [[70.7701532, 22.291981], [70.7700271, 22.2923387]]}}, {"type": "Feature", "properties": {"road_type": "trunk", "name": "Raiya Telephone Exchage Circle", "major": true}, "geometry": {"type": "LineString", "coordinates": [[70.7696783, 22.2941436], [70.7696818, 22.2941824], [70.769698, 22.2942183], [70.7697252, 22.2942479], [70.769761, 22.2942683]]}}, {"type": "Feature", "properties": {"road_type": "tertiary", "name": "Unnamed road", "major": false}, "geometry": {"type": "LineString", "coordinates": [[70.7696783, 22.2941436], [70.7689997, 22.2940803], [70.7689461, 22.2940775], [70.7684442, 22.2940508]]}}, {"type": "Feature", "properties": {"road_type": "tertiary", "name": "Unnamed road", "major": false}, "geometry": {"type": "LineString", "coordinates": [[70.7598277, 22.2873773], [70.7599372, 22.286716], [70.7599863, 22.2865178], [70.7600542, 22.2863419], [70.7604712, 22.2855557], [70.7605082, 22.2854721], [70.7607713, 22.2849748], [70.7610265, 22.2844731], [70.7611853, 22.2841479], [70.7613283, 22.2838617], [70.7614234, 22.283693], [70.7616161, 22.2833784], [70.7618059, 22.2830149], [70.7620433, 22.2825933], [70.7625787, 22.2817444], [70.7627681, 22.2813991], [70.7629383, 22.2810857], [70.7630406, 22.2808736], [70.763283, 22.2803943], [70.763328, 22.2803272], [70.7638222, 22.2798059]]}}, {"type": "Feature", "properties": {"road_type": "tertiary", "name": "Unnamed road", "major": false}, "geometry": {"type": "LineString", "coordinates": [[70.7556635, 22.2863818], [70.7558646, 22.2864063], [70.7559476, 22.2864159]]}}, {"type": "Feature", "properties": {"road_type": "primary", "name": "Kalawad Road", "major": true}, "geometry": {"type": "LineString", "coordinates": [[70.7784678, 22.2903908], [70.7783396, 22.2903029], [70.7783011, 22.2902744], [70.7782404, 22.2902339], [70.777679, 22.2898312], [70.7772323, 22.2896096], [70.7768002, 22.2893169], [70.7761965, 22.2888991], [70.7760441, 22.2887962], [70.7759919, 22.2887603]]}}, {"type": "Feature", "properties": {"road_type": "primary", "name": "Kalawad Road", "major": true}, "geometry": {"type": "LineString", "coordinates": [[70.7462535, 22.2708738], [70.747161, 22.270986], [70.747351, 22.2710095], [70.7475704, 22.2710391], [70.7476481, 22.2710496], [70.7480159, 22.2710993], [70.7481122, 22.2711091], [70.7484514, 22.2711515], [70.7486937, 22.2711739], [70.7487804, 22.2711827], [70.7490872, 22.2712138], [70.7494439, 22.2712468], [70.7495006, 22.271251], [70.750055, 22.2712947], [70.7504873, 22.2713308], [70.7510556, 22.2713736], [70.7518474, 22.2714332], [70.7519311, 22.2714395], [70.7521069, 22.271459], [70.7521695, 22.2714621], [70.7529026, 22.2715127], [70.7535405, 22.2715369], [70.7538109, 22.2715611], [70.7541067, 22.2716066], [70.7541339, 22.2716108], [70.7544133, 22.2716641], [70.7545543, 22.2717155], [70.7547784, 22.2718154], [70.75489, 22.2718986], [70.7550794, 22.2720467]]}}, {"type": "Feature", "properties": {"road_type": "tertiary", "name": "Kalawad Road", "major": false}, "geometry": {"type": "LineString", "coordinates": [[70.7664121, 22.2820473], [70.7664688, 22.2821723], [70.7668152, 22.2824542], [70.7673243, 22.2828858], [70.7678785, 22.2833746], [70.7681911, 22.2836494], [70.7684348, 22.2838537], [70.7688418, 22.2842003], [70.7691149, 22.2844405], [70.769489, 22.284748], [70.7700812, 22.2851361], [70.7707621, 22.2855629], [70.7713025, 22.2859153], [70.7718187, 22.2862584], [70.7721042, 22.2864417], [70.7723014, 22.2865587], [70.7728739, 22.2869192], [70.7731818, 22.2871264], [70.7739519, 22.2876495], [70.7739738, 22.2876634], [70.7743727, 22.2879166], [70.774751, 22.2881595], [70.7747714, 22.2881729], [70.7752239, 22.2884557], [70.7758563, 22.2888456], [70.7759546, 22.288831]]}}, {"type": "Feature", "properties": {"road_type": "primary", "name": "Rajkot Road", "major": true}, "geometry": {"type": "LineString", "coordinates": [[70.7551464, 22.2719742], [70.7549041, 22.2717784], [70.7548145, 22.2717265], [70.7547186, 22.271679], [70.7546242, 22.2716386], [70.7544937, 22.2715924], [70.754275, 22.2715346], [70.7540187, 22.2714966], [70.7538064, 22.2714729], [70.7535623, 22.271453], [70.7527974, 22.2714094], [70.7524446, 22.2713882], [70.7521797, 22.2713736], [70.752112, 22.2713673], [70.7520886, 22.2713668], [70.7506924, 22.2712546], [70.7495137, 22.2711637], [70.7494533, 22.2711588], [70.749264, 22.2711393], [70.7485748, 22.2710658], [70.7482634, 22.2710326], [70.7481243, 22.2710133], [70.747698, 22.27096], [70.7462679, 22.2707764]]}}, {"type": "Feature", "properties": {"road_type": "primary", "name": "Rajkot Road", "major": true}, "geometry": {"type": "LineString", "coordinates": [[70.7557051, 22.2724704], [70.7551464, 22.2719742]]}}, {"type": "Feature", "properties": {"road_type": "primary", "name": "Rajkot Road", "major": true}, "geometry": {"type": "LineString", "coordinates": [[70.7550794, 22.2720467], [70.7553877, 22.2723062], [70.7556415, 22.2725315]]}}, {"type": "Feature", "properties": {"road_type": "primary", "name": "AG Chowk Flyover", "major": true}, "geometry": {"type": "LineString", "coordinates": [[70.7559094, 22.2727692], [70.755975, 22.2728275], [70.7587286, 22.2752712]]}}, {"type": "Feature", "properties": {"road_type": "primary", "name": "AG Chowk Flyover", "major": true}, "geometry": {"type": "LineString", "coordinates": [[70.7585852, 22.2750181], [70.7581105, 22.2745846], [70.7559559, 22.2727041]]}}, {"type": "Feature", "properties": {"road_type": "tertiary", "name": "Raiya Road", "major": false}, "geometry": {"type": "LineString", "coordinates": [[70.7958387, 22.2967543], [70.7958918, 22.29674], [70.796014, 22.2966552]]}}, {"type": "Feature", "properties": {"road_type": "tertiary", "name": "Raiya Road", "major": false}, "geometry": {"type": "LineString", "coordinates": [[70.7945028, 22.2972788], [70.7942051, 22.2972533], [70.7938494, 22.2972218], [70.7936177, 22.2971713], [70.7934701, 22.2971257], [70.793269, 22.2970658], [70.7927552, 22.296866], [70.7925784, 22.2967999], [70.7921274, 22.2966312], [70.7920526, 22.2966024], [70.7917722, 22.2964942], [70.7914594, 22.2963736], [70.7913436, 22.2963266], [70.791251, 22.2962897]]}}, {"type": "Feature", "properties": {"road_type": "trunk", "name": "150 feet ring road", "major": true}, "geometry": {"type": "LineString", "coordinates": [[70.7678411, 22.322901], [70.7681167, 22.3241739], [70.7681721, 22.3244125], [70.7682004, 22.3247578], [70.7682528, 22.3268319], [70.7682816, 22.3273046], [70.7683452, 22.3275367], [70.7684866, 22.3278112], [70.7685796, 22.3279555], [70.768914, 22.3284746], [70.7693567, 22.3290504], [70.7694111, 22.3291212], [70.7694787, 22.3292137], [70.7695323, 22.3292824], [70.7699138, 22.3297719], [70.7709553, 22.3311086], [70.7711129, 22.3313109], [70.7711849, 22.3314038]]}}, {"type": "Feature", "properties": {"road_type": "trunk", "name": "Unnamed road", "major": true}, "geometry": {"type": "LineString", "coordinates": [[70.7679323, 22.3226413], [70.7677323, 22.3216045], [70.7676334, 22.3212254], [70.7675871, 22.3208469], [70.7675875, 22.3206274], [70.7676641, 22.3188585], [70.7676758, 22.3185619], [70.7677247, 22.3170883], [70.767739, 22.3166438], [70.7677429, 22.3165226], [70.7677341, 22.3158817]]}}, {"type": "Feature", "properties": {"road_type": "trunk", "name": "Unnamed road", "major": true}, "geometry": {"type": "LineString", "coordinates": [[70.767784, 22.3226587], [70.7677471, 22.3226971], [70.7677281, 22.3227453], [70.7677295, 22.3227966], [70.7677414, 22.3228313], [70.7677513, 22.3228438], [70.7677903, 22.3228803], [70.7678411, 22.322901], [70.7679034, 22.3229018], [70.7679605, 22.3228789], [70.7680024, 22.3228362], [70.7680217, 22.3227814], [70.7680202, 22.3227422], [70.7680003, 22.322702], [70.7679832, 22.3226745], [70.7679323, 22.3226413], [70.7678816, 22.3226305], [70.7678301, 22.3226366], [70.767784, 22.3226587]]}}, {"type": "Feature", "properties": {"road_type": "secondary", "name": "Unnamed road", "major": true}, "geometry": {"type": "LineString", "coordinates": [[70.8130774, 22.2691685], [70.813072, 22.2691961], [70.8130776, 22.2692237], [70.8130933, 22.2692478], [70.8131172, 22.2692651], [70.8131461, 22.2692735], [70.8131827, 22.2692702], [70.8132144, 22.2692528], [70.813235, 22.2692246], [70.8132407, 22.269191], [70.8132305, 22.2691583], [70.8132061, 22.2691327], [70.8131724, 22.2691192], [70.813143, 22.2691188], [70.8131152, 22.2691278], [70.8130924, 22.2691451], [70.8130774, 22.2691685]]}}, {"type": "Feature", "properties": {"road_type": "secondary", "name": "Unnamed road", "major": true}, "geometry": {"type": "LineString", "coordinates": [[70.8109008, 22.2815819], [70.8109449, 22.2814377], [70.8109731, 22.2812973], [70.8110292, 22.281045], [70.811049, 22.2808889], [70.8110797, 22.2806089], [70.8110874, 22.2804019], [70.8111235, 22.2798625], [70.8111843, 22.2795803], [70.8112468, 22.279326], [70.811296, 22.2791376], [70.8113702, 22.2789245], [70.8113915, 22.2788634], [70.8114586, 22.278658], [70.8114768, 22.2785596], [70.8115862, 22.2781757], [70.8117197, 22.2777965], [70.8118623, 22.2773414], [70.8120005, 22.2767831], [70.8120159, 22.2766933], [70.8121788, 22.2760008], [70.8122148, 22.2758163], [70.8123608, 22.2750887], [70.8123928, 22.2748834], [70.8125318, 22.2742152], [70.812631, 22.2736597], [70.8126405, 22.2736122], [70.81265, 22.2735647], [70.812662, 22.2733848], [70.8127581, 22.2728538], [70.812807, 22.272447], [70.8128527, 22.2719086], [70.8128879, 22.271584], [70.813037, 22.2706307], [70.813122, 22.2700197], [70.8131455, 22.2698509], [70.8131832, 22.2695237], [70.8132144, 22.2692528]]}}, {"type": "Feature", "properties": {"road_type": "secondary", "name": "Unnamed road", "major": true}, "geometry": {"type": "LineString", "coordinates": [[70.8131461, 22.2692735], [70.8131231, 22.2694479], [70.8130483, 22.2700168], [70.8128653, 22.2711437]]}}, {"type": "Feature", "properties": {"road_type": "tertiary", "name": "Raiya Road", "major": false}, "geometry": {"type": "LineString", "coordinates": [[70.7848521, 22.2986229], [70.7847413, 22.2985864], [70.7843975, 22.2986162], [70.7838931, 22.2986717], [70.7833874, 22.2987096], [70.7830321, 22.2987459], [70.7828945, 22.2987599], [70.7820763, 22.2989036], [70.7817587, 22.2990162], [70.7814325, 22.2991042], [70.7807623, 22.2992421], [70.7803612, 22.2993262], [70.7793233, 22.2995218], [70.7789743, 22.2995908], [70.778493, 22.2996874], [70.7772103, 22.2998551], [70.7770596, 22.2998896], [70.7765403, 22.3000084], [70.7755167, 22.3002411], [70.7752154, 22.3003374], [70.774778, 22.3004214], [70.7743722, 22.3004989], [70.7742343, 22.3005215], [70.7739297, 22.3005758], [70.7734922, 22.3006497], [70.7730239, 22.3007353], [70.7723252, 22.3008626], [70.7715849, 22.300982], [70.7702845, 22.3011173], [70.7692242, 22.3011951], [70.7684879, 22.3012434], [70.7683357, 22.3012467], [70.7682587, 22.3012437], [70.7681155, 22.3012575], [70.7676863, 22.301292], [70.7672481, 22.3013045], [70.7666771, 22.301338], [70.76639, 22.3013579], [70.7656587, 22.3013936], [70.7650522, 22.3014303], [70.7643583, 22.3014701], [70.7642269, 22.3014676], [70.764074, 22.3014552], [70.7638976, 22.3014286]]}}, {"type": "Feature", "properties": {"road_type": "tertiary", "name": "Raiya Road", "major": false}, "geometry": {"type": "LineString", "coordinates": [[70.7638801, 22.301513], [70.7641277, 22.3015471], [70.7643449, 22.3015495], [70.7645723, 22.301539], [70.7648795, 22.3015247], [70.7650961, 22.3015147], [70.7656579, 22.3014746], [70.7662557, 22.3014345], [70.7667072, 22.3014166], [70.7672366, 22.3013906], [70.7677125, 22.301382], [70.767828, 22.3013776], [70.7681139, 22.3013666], [70.7684819, 22.3013332], [70.7692099, 22.3012774], [70.7696088, 22.3012492], [70.7698675, 22.3012311], [70.7702602, 22.3012011], [70.7703065, 22.3011962], [70.7710091, 22.3011267], [70.7713673, 22.3010974], [70.7715984, 22.3010689], [70.7725472, 22.3009256], [70.773063, 22.3008176], [70.7735232, 22.3007264], [70.7742521, 22.3006005], [70.7747963, 22.3005017], [70.7752552, 22.3004086], [70.7755187, 22.3003445], [70.7757904, 22.3002714], [70.7770708, 22.2999812], [70.778497, 22.2997646], [70.7789985, 22.2996662], [70.7794186, 22.2995898], [70.7804081, 22.2994101], [70.7805752, 22.2993807], [70.7817696, 22.299112], [70.7820885, 22.2989975], [70.7825986, 22.2988882], [70.7830486, 22.2988355], [70.7836357, 22.2987745], [70.7841603, 22.2987471], [70.7846505, 22.2986928], [70.7847438, 22.2986821], [70.7848521, 22.2986229]]}}, {"type": "Feature", "properties": {"road_type": "trunk", "name": "Unnamed road", "major": true}, "geometry": {"type": "LineString", "coordinates": [[70.7684723, 22.3052716], [70.7684688, 22.3048654], [70.7684573, 22.3046759]]}}, {"type": "Feature", "properties": {"road_type": "trunk", "name": "Unnamed road", "major": true}, "geometry": {"type": "LineString", "coordinates": [[70.768328, 22.3054165], [70.7681978, 22.306038], [70.7680556, 22.3069238], [70.7680294, 22.30714], [70.7680169, 22.3074453], [70.7680189, 22.3079977], [70.7680108, 22.3085725], [70.7679553, 22.3089183], [70.7679216, 22.3092451], [70.7678343, 22.3097052], [70.7677758, 22.3100073], [70.76769, 22.3111234]]}}, {"type": "Feature", "properties": {"road_type": "trunk", "name": "Unnamed road", "major": true}, "geometry": {"type": "LineString", "coordinates": [[70.7684723, 22.3052716], [70.7684373, 22.3052498], [70.7683959, 22.3052423], [70.7683547, 22.3052501], [70.7683431, 22.3052568], [70.7683199, 22.3052721], [70.768297, 22.3053049], [70.7682897, 22.3053433], [70.7682976, 22.3053784], [70.7683186, 22.3054086], [70.768328, 22.3054165], [70.7683499, 22.3054299], [70.7683873, 22.3054394], [70.7684259, 22.3054359], [70.7684607, 22.3054199], [70.7684901, 22.3053882], [70.7685028, 22.3053481], [70.7684965, 22.3053068], [70.7684723, 22.3052716]]}}, {"type": "Feature", "properties": {"road_type": "primary", "name": "Race Course Circle", "major": true}, "geometry": {"type": "LineString", "coordinates": [[70.7886698, 22.3062682], [70.7886215, 22.3061561], [70.7885855, 22.3060726], [70.7879003, 22.3045079], [70.7877479, 22.3040742], [70.7874906, 22.3032203], [70.7873234, 22.3027375], [70.7870486, 22.3019409], [70.7868457, 22.3012061], [70.7867683, 22.3008748], [70.7867379, 22.300487], [70.7867671, 22.3000679], [70.7867753, 22.299962], [70.7868935, 22.2994277], [70.7869428, 22.2991771], [70.7870469, 22.2985206], [70.7870593, 22.2984315], [70.7871084, 22.2982878], [70.7871685, 22.2981874], [70.7872801, 22.2980834]]}}, {"type": "Feature", "properties": {"road_type": "secondary", "name": "Raiya Road", "major": true}, "geometry": {"type": "LineString", "coordinates": [[70.7874111, 22.2980456], [70.7879704, 22.2980919], [70.7885996, 22.2981596], [70.7887088, 22.2981665], [70.7888802, 22.2981755], [70.7890045, 22.2981857], [70.7892774, 22.298208], [70.7894726, 22.2982322], [70.7896745, 22.2982609], [70.7899219, 22.2982861], [70.7901891, 22.298319], [70.7904392, 22.2983558], [70.7906422, 22.2983742], [70.7908206, 22.2983871], [70.791047, 22.2984165], [70.7912344, 22.2984337], [70.7913569, 22.2984285]]}}, {"type": "Feature", "properties": {"road_type": "primary", "name": "Race Course Ring Road", "major": true}, "geometry": {"type": "LineString", "coordinates": [[70.7919602, 22.3020034], [70.7919106, 22.3023747], [70.7918621, 22.3028914], [70.7918325, 22.3033706], [70.7918162, 22.3037138], [70.7917553, 22.3050364], [70.791748, 22.3051604], [70.7917443, 22.3052232], [70.7917227, 22.3056031], [70.7916745, 22.3063363], [70.7916499, 22.3067906], [70.7916349, 22.3069873], [70.7915858, 22.3071493], [70.7915046, 22.3073584]]}}, {"type": "Feature", "properties": {"road_type": "primary", "name": "Kasturba Road", "major": true}, "geometry": {"type": "LineString", "coordinates": [[70.792126, 22.3020447], [70.792248, 22.3021324], [70.7924089, 22.3022223], [70.7924341, 22.3022341], [70.7927807, 22.3023963], [70.7932506, 22.302575], [70.7933151, 22.3025901], [70.7938184, 22.3027083], [70.7939639, 22.3027252], [70.7941279, 22.3027251], [70.7942827, 22.3027135], [70.794462, 22.3026905], [70.7945307, 22.3026557]]}}, {"type": "Feature", "properties": {"road_type": "primary", "name": "Race Course Circle", "major": true}, "geometry": {"type": "LineString", "coordinates": [[70.7873609, 22.2978393], [70.7872279, 22.2976591]]}}, {"type": "Feature", "properties": {"road_type": "tertiary", "name": "Unnamed road", "major": false}, "geometry": {"type": "LineString", "coordinates": [[70.7882826, 22.3062646], [70.7884095, 22.3062226], [70.7885288, 22.3061908]]}}, {"type": "Feature", "properties": {"road_type": "primary", "name": "Race Course Ring Road", "major": true}, "geometry": {"type": "LineString", "coordinates": [[70.7914096, 22.3074132], [70.7910812, 22.3074534], [70.7906816, 22.3074263], [70.789694, 22.3072182], [70.7894799, 22.3071479], [70.789295, 22.3070402], [70.7890018, 22.3068173], [70.7889292, 22.3067279], [70.7887553, 22.3064198], [70.7887174, 22.3063526], [70.7886698, 22.3062682]]}}, {"type": "Feature", "properties": {"road_type": "secondary", "name": "Race Course Ring Road", "major": true}, "geometry": {"type": "LineString", "coordinates": [[70.791456, 22.2985062], [70.7915198, 22.2989732], [70.7916407, 22.3001644], [70.7916491, 22.3002409], [70.7917685, 22.3008076], [70.7919332, 22.3015875], [70.7919378, 22.3017542], [70.7919483, 22.3019066]]}}, {"type": "Feature", "properties": {"road_type": "tertiary", "name": "Unnamed road", "major": false}, "geometry": {"type": "LineString", "coordinates": [[70.7303179, 22.2914255], [70.7291245, 22.2913066]]}}, {"type": "Feature", "properties": {"road_type": "tertiary", "name": "Unnamed road", "major": false}, "geometry": {"type": "LineString", "coordinates": [[70.7230124, 22.2906411], [70.7221565, 22.2905752], [70.722028, 22.2905853], [70.7219092, 22.2906132], [70.7217122, 22.2906991], [70.7208565, 22.2910591], [70.720768, 22.2910842], [70.7206981, 22.2910964], [70.7206244, 22.2911017], [70.7205508, 22.2910983], [70.7199073, 22.291008], [70.719571, 22.290946], [70.7193511, 22.2908981], [70.7190675, 22.2908029], [70.7189512, 22.2907639], [70.7184745, 22.2906278], [70.7183358, 22.2905932], [70.7176718, 22.2904592], [70.7173773, 22.2903817], [70.7171459, 22.2903236], [70.7133709, 22.2891959], [70.7128559, 22.2890679], [70.712379, 22.2889493], [70.7107635, 22.2885979], [70.710503, 22.2885426], [70.7093641, 22.2883133], [70.7086946, 22.2882089], [70.708127, 22.2881205], [70.7080631, 22.2881105], [70.7075895, 22.2880335], [70.7069242, 22.2879253], [70.7063905, 22.2877842], [70.7059473, 22.2877092], [70.7057287, 22.2876955], [70.7052469, 22.2876652], [70.7048418, 22.2876563], [70.7043549, 22.2875711], [70.7041365, 22.2875329], [70.7026355, 22.2872198], [70.7016862, 22.2870159], [70.7010176, 22.2869238], [70.700844, 22.2869181], [70.7006649, 22.2869327], [70.700286, 22.2869758], [70.7001126, 22.2869757], [70.699748, 22.2869416], [70.6991219, 22.2868694], [70.6983638, 22.2867883], [70.6981655, 22.2867928]]}}, {"type": "Feature", "properties": {"road_type": "primary", "name": "Ring Road -2", "major": true}, "geometry": {"type": "LineString", "coordinates": [[70.7440519, 22.3408558], [70.7440076, 22.3407755], [70.7434236, 22.3394147], [70.7433536, 22.3392241], [70.7432697, 22.3390152], [70.7429972, 22.338455], [70.742935, 22.3383144], [70.7425616, 22.337629], [70.7422661, 22.3370866], [70.741696, 22.3360735], [70.7415662, 22.3359189], [70.7414798, 22.3358275], [70.7412882, 22.3356613], [70.7412684, 22.3356459], [70.741138, 22.3355442], [70.7405931, 22.3351194], [70.7390589, 22.3339358], [70.7387947, 22.3337518], [70.7383418, 22.3334364], [70.7375279, 22.3328793], [70.7373828, 22.3327575], [70.7372899, 22.3326575], [70.7371988, 22.3325003], [70.7371632, 22.3324019], [70.7370615, 22.3320042], [70.7369691, 22.3316451], [70.7369463, 22.3314732], [70.7367187, 22.3305661], [70.73665, 22.33022], [70.7366163, 22.330017], [70.7365462, 22.3297057], [70.736508, 22.3295056], [70.736413, 22.3291973], [70.7363458, 22.328982], [70.7362787, 22.3287782], [70.7361052, 22.3283839]]}}, {"type": "Feature", "properties": {"road_type": "tertiary", "name": "Unnamed road", "major": false}, "geometry": {"type": "LineString", "coordinates": [[70.8006674, 22.3172825], [70.8006183, 22.3172395], [70.8001754, 22.3168356]]}}, {"type": "Feature", "properties": {"road_type": "tertiary", "name": "Unnamed road", "major": false}, "geometry": {"type": "LineString", "coordinates": [[70.7984817, 22.332147], [70.7985361, 22.3320295], [70.798998, 22.3310323], [70.7990529, 22.3308987], [70.7990729, 22.3308202], [70.7990767, 22.3307128], [70.7990771, 22.3305437], [70.7990958, 22.3303361], [70.7991072, 22.3302386], [70.7991172, 22.3300828], [70.7991043, 22.3299515], [70.7990782, 22.329801], [70.7990523, 22.3296551], [70.7990124, 22.3294753], [70.7989705, 22.3293574], [70.7988712, 22.3291065], [70.7987247, 22.3287992], [70.7986768, 22.3287102], [70.7985373, 22.3284216], [70.7984937, 22.3283111], [70.7983689, 22.3276333], [70.7983469, 22.3275136], [70.7982933, 22.3273126], [70.7982139, 22.3271524], [70.7978039, 22.3264988], [70.7975149, 22.3260505], [70.7974658, 22.325956], [70.7974488, 22.3258694], [70.7974596, 22.3257544], [70.7975828, 22.325173], [70.7976262, 22.324968], [70.7976511, 22.3248507], [70.7976639, 22.3248065], [70.7976707, 22.3247831], [70.7976882, 22.3247269], [70.7977215, 22.3245994], [70.7978008, 22.3242493], [70.7979286, 22.3237407], [70.7979577, 22.3236155], [70.7980347, 22.3233031], [70.7981127, 22.3229493], [70.7981554, 22.3227741], [70.798277, 22.32223], [70.7983656, 22.3218277], [70.7983924, 22.3216651], [70.7984306, 22.3214971], [70.7984395, 22.3214599], [70.7984687, 22.3213363], [70.7985548, 22.3210783], [70.7987136, 22.3207513], [70.7989967, 22.3201861], [70.7990406, 22.3200756], [70.7991366, 22.3198658], [70.7992024, 22.319725], [70.7993524, 22.3193591], [70.7994763, 22.3190236], [70.7995269, 22.3189148], [70.799646, 22.3187653], [70.7998262, 22.3185673], [70.7998883, 22.3185059], [70.7999644, 22.318471], [70.800022, 22.3184531]]}}, {"type": "Feature", "properties": {"road_type": "tertiary", "name": "Unnamed road", "major": false}, "geometry": {"type": "LineString", "coordinates": [[70.7860976, 22.3281753], [70.7861835, 22.328202], [70.7878257, 22.3285872], [70.7881497, 22.3286632], [70.7884878, 22.3287425]]}}, {"type": "Feature", "properties": {"road_type": "secondary", "name": "Gondal Road", "major": true}, "geometry": {"type": "LineString", "coordinates": [[70.7994713, 22.2822165], [70.7995669, 22.2829618], [70.7996426, 22.2836373], [70.7997267, 22.2843578], [70.7998059, 22.2849004], [70.7998864, 22.28557], [70.7999328, 22.2858741], [70.7999672, 22.2861657], [70.8000124, 22.2864597], [70.8000518, 22.2867215], [70.8001045, 22.2871256], [70.8001301, 22.287314], [70.8001547, 22.2874774], [70.8001801, 22.2876628], [70.8001952, 22.2878305], [70.8002164, 22.288024], [70.8002376, 22.2881923], [70.8002395, 22.2882814], [70.8002345, 22.2883838], [70.8002223, 22.2885463], [70.8001967, 22.2887124], [70.8001744, 22.2887793], [70.8001168, 22.2889031], [70.7999594, 22.2893055], [70.7999405, 22.2893539], [70.7997499, 22.2898808], [70.7995294, 22.2905391], [70.7992713, 22.2912749], [70.7991116, 22.2917065], [70.7990705, 22.2917972], [70.799047, 22.2918355], [70.7990105, 22.2918862], [70.798975, 22.2919353]]}}, {"type": "Feature", "properties": {"road_type": "tertiary", "name": "Unnamed road", "major": false}, "geometry": {"type": "LineString", "coordinates": [[70.7599638, 22.2714421], [70.7598879, 22.2715091], [70.7598011, 22.2715881], [70.7596365, 22.2717378], [70.7593664, 22.2719981], [70.759061, 22.2722897], [70.75844, 22.2728721], [70.757306, 22.2737975], [70.7571309, 22.2739439], [70.7566323, 22.2743899], [70.7559108, 22.2750646], [70.7555762, 22.2753793]]}}, {"type": "Feature", "properties": {"road_type": "secondary", "name": "Unnamed road", "major": true}, "geometry": {"type": "LineString", "coordinates": [[70.7988966, 22.2920398], [70.7989151, 22.2920555], [70.7989348, 22.2920636], [70.7989562, 22.2920659], [70.7989775, 22.2920623], [70.7989966, 22.2920531], [70.7990119, 22.292039], [70.799022, 22.2920213], [70.7990278, 22.292005], [70.7990243, 22.2919843], [70.7990177, 22.2919679], [70.7990068, 22.2919536], [70.7989935, 22.2919413], [70.798975, 22.2919353], [70.7989565, 22.2919324], [70.7989341, 22.2919349], [70.7989137, 22.2919437], [70.7988972, 22.2919578], [70.7988862, 22.291976], [70.7988818, 22.2919964], [70.7988851, 22.2920193], [70.7988966, 22.2920398]]}}, {"type": "Feature", "properties": {"road_type": "secondary", "name": "Malaviya Chowk", "major": true}, "geometry": {"type": "LineString", "coordinates": [[70.7989722, 22.2923162], [70.7989948, 22.2923376], [70.7990238, 22.2923509], [70.7990559, 22.2923546], [70.7990875, 22.2923483], [70.7991151, 22.2923327], [70.7991355, 22.2923095], [70.7991466, 22.2922814], [70.7991469, 22.2922515], [70.7991366, 22.2922231], [70.7991243, 22.2922067], [70.7991083, 22.2921932], [70.7990828, 22.2921809], [70.7990545, 22.2921762], [70.7990259, 22.2921794], [70.7989996, 22.2921902], [70.798978, 22.2922077], [70.7989629, 22.2922304], [70.7989553, 22.2922594], [70.7989586, 22.2922891], [70.7989722, 22.2923162]]}}, {"type": "Feature", "properties": {"road_type": "trunk", "name": "Unnamed road", "major": true}, "geometry": {"type": "LineString", "coordinates": [[70.8062651, 22.3383959], [70.8045171, 22.3375633]]}}, {"type": "Feature", "properties": {"road_type": "tertiary", "name": "Unnamed road", "major": false}, "geometry": {"type": "LineString", "coordinates": [[70.7643252, 22.2717646], [70.7643342, 22.2719399], [70.7643321, 22.2720812], [70.7643208, 22.2721919], [70.7642888, 22.2723258], [70.764236, 22.272475], [70.7640525, 22.2729611], [70.7637221, 22.2738977], [70.763608, 22.2742145], [70.7634871, 22.2745959], [70.7634077, 22.2747621], [70.7633392, 22.2749054]]}}, {"type": "Feature", "properties": {"road_type": "tertiary", "name": "Unnamed road", "major": false}, "geometry": {"type": "LineString", "coordinates": [[70.7488796, 22.2981721], [70.7488646, 22.2980976], [70.7488619, 22.2980294], [70.7488699, 22.2979624], [70.7490856, 22.296867], [70.7491039, 22.2967999], [70.7491692, 22.2965606], [70.7492512, 22.2961784], [70.7493257, 22.295873], [70.7493926, 22.2954839], [70.749444, 22.2951835], [70.749526, 22.2948087], [70.7497494, 22.2938391], [70.7498186, 22.2935471], [70.7499295, 22.292975], [70.7499938, 22.2928025], [70.7500512, 22.2926648], [70.7502164, 22.2922681], [70.750267, 22.2921466], [70.7504503, 22.2916826], [70.7505258, 22.2915369], [70.7506013, 22.2914075], [70.7509726, 22.2908022], [70.7511977, 22.290414], [70.7513713, 22.290121], [70.751569, 22.2898087], [70.751696, 22.2895945], [70.7518149, 22.2893551], [70.7518391, 22.289295], [70.7518522, 22.2892539], [70.7518727, 22.2891895], [70.7518961, 22.2890848], [70.7519636, 22.2887856], [70.7520562, 22.2883184], [70.7521238, 22.2879437], [70.7521846, 22.2876251], [70.7521929, 22.2875707], [70.7522096, 22.2875077], [70.7523367, 22.2869293], [70.7524617, 22.2863611], [70.752706, 22.2852254], [70.7527858, 22.284956]]}}, {"type": "Feature", "properties": {"road_type": "tertiary", "name": "Unnamed road", "major": false}, "geometry": {"type": "LineString", "coordinates": [[70.78787, 22.2825429], [70.7877288, 22.2827208], [70.7870201, 22.2836382]]}}, {"type": "Feature", "properties": {"road_type": "tertiary", "name": "Unnamed road", "major": false}, "geometry": {"type": "LineString", "coordinates": [[70.7526963, 22.2848578], [70.752637, 22.2851391], [70.752499, 22.2857998], [70.7524608, 22.2859828], [70.752449, 22.2860384], [70.7522637, 22.2869089], [70.7521348, 22.2874892], [70.75212, 22.2875541], [70.7519702, 22.2883273], [70.751884, 22.2887701], [70.7518309, 22.2890361], [70.7518235, 22.2890735], [70.7518083, 22.2891585], [70.7517855, 22.2892304], [70.7517484, 22.2893293], [70.7515852, 22.2896386], [70.7513842, 22.2899797], [70.7510632, 22.2905292], [70.7507177, 22.2910971], [70.750429, 22.2915619], [70.7503085, 22.2918585], [70.7501471, 22.2922392], [70.7499176, 22.2928008], [70.7498938, 22.292893], [70.7498335, 22.2931268], [70.7497493, 22.2935325], [70.7495493, 22.2944013], [70.7494447, 22.2948577], [70.7493402, 22.2953793], [70.7492435, 22.2958428], [70.7492015, 22.2960376], [70.7490606, 22.296637], [70.7489922, 22.2969798], [70.7489222, 22.2973437], [70.7488324, 22.2977651], [70.7487386, 22.2981572]]}}, {"type": "Feature", "properties": {"road_type": "secondary", "name": "Gondal Road", "major": true}, "geometry": {"type": "LineString", "coordinates": [[70.7990177, 22.2919679], [70.7990552, 22.2919262], [70.7990992, 22.2918732], [70.7991345, 22.2918115], [70.7991564, 22.2917609], [70.7993242, 22.2912936], [70.7995925, 22.2905567], [70.8000134, 22.2893329], [70.8001138, 22.2890814], [70.8001752, 22.2889275], [70.8002415, 22.2887615], [70.8002614, 22.2886978], [70.8002948, 22.288543], [70.8003159, 22.288384], [70.8003185, 22.2882814], [70.8003173, 22.2881897], [70.8002898, 22.2880194], [70.8002807, 22.28783], [70.8002671, 22.2877238], [70.8002609, 22.2876571], [70.8002481, 22.287471], [70.8002251, 22.2873079], [70.800203, 22.287119], [70.8001904, 22.287006], [70.8001717, 22.286721], [70.8001455, 22.2864514], [70.8001221, 22.2862515], [70.8000825, 22.2859441], [70.8000766, 22.2859048], [70.8000216, 22.2855917], [70.7999247, 22.284955], [70.7998557, 22.2845099], [70.7998391, 22.2843416], [70.7997807, 22.2837596], [70.7996616, 22.2829559], [70.7995496, 22.2822082], [70.7994666, 22.2816918], [70.799397, 22.281094], [70.7993264, 22.2804879], [70.7993191, 22.2804048], [70.7992647, 22.2799388], [70.7992524, 22.2798028]]}}, {"type": "Feature", "properties": {"road_type": "tertiary", "name": "Unnamed road", "major": false}, "geometry": {"type": "LineString", "coordinates": [[70.7594768, 22.2757732], [70.7593415, 22.2758152], [70.7592132, 22.2758125], [70.7591282, 22.2758047], [70.7583422, 22.2756723], [70.7580368, 22.2756262], [70.7573348, 22.2755387], [70.756978, 22.275503], [70.7564492, 22.2754569], [70.7558265, 22.2754375], [70.7557677, 22.2754403], [70.7556907, 22.275462]]}}, {"type": "Feature", "properties": {"road_type": "secondary", "name": "Unnamed road", "major": true}, "geometry": {"type": "LineString", "coordinates": [[70.7989562, 22.2920659], [70.7989556, 22.2921155], [70.7989649, 22.2921662], [70.798978, 22.2922077]]}}, {"type": "Feature", "properties": {"road_type": "trunk", "name": "Unnamed road", "major": true}, "geometry": {"type": "LineString", "coordinates": [[70.8082433, 22.3393389], [70.8080905, 22.3392685], [70.8075953, 22.3390288], [70.8071699, 22.3388228], [70.8062651, 22.3383959]]}}, {"type": "Feature", "properties": {"road_type": "tertiary", "name": "Unnamed road", "major": false}, "geometry": {"type": "LineString", "coordinates": [[70.7894841, 22.2835692], [70.789547, 22.2834918], [70.7905163, 22.2821714], [70.7905934, 22.2820695], [70.790701, 22.2819218], [70.7914294, 22.2809563], [70.7922921, 22.2798239]]}}, {"type": "Feature", "properties": {"road_type": "secondary", "name": "Unnamed road", "major": true}, "geometry": {"type": "LineString", "coordinates": [[70.7990828, 22.2921809], [70.7990726, 22.2921401], [70.7990584, 22.2921061], [70.7990446, 22.2920809], [70.7990119, 22.292039]]}}, {"type": "Feature", "properties": {"road_type": "secondary", "name": "Gondal Road", "major": true}, "geometry": {"type": "LineString", "coordinates": [[70.7992457, 22.2715615], [70.7992694, 22.2712115], [70.7993442, 22.2704095], [70.7993814, 22.2698533], [70.79939, 22.2697191], [70.7994162, 22.2693456], [70.7994713, 22.2687573], [70.7994816, 22.268511], [70.7995256, 22.2677682], [70.7995721, 22.2672732], [70.7996364, 22.2666404], [70.7996746, 22.2661453], [70.7997401, 22.2653901], [70.7997768, 22.265029], [70.7998068, 22.264733], [70.7998367, 22.2643699], [70.7998616, 22.2639756], [70.7999247, 22.2633329], [70.7999879, 22.2625633], [70.8000057, 22.2623483], [70.8000191, 22.2621992], [70.8000284, 22.2620965], [70.8000474, 22.2618853], [70.8000677, 22.2615788], [70.8000725, 22.2609702], [70.8000736, 22.2603979], [70.8000713, 22.2599911], [70.8000689, 22.2594928], [70.8000725, 22.2587904], [70.8000713, 22.2582811], [70.8000856, 22.2576857], [70.8000784, 22.2572006], [70.8000772, 22.2569249], [70.8000856, 22.2565324], [70.8001106, 22.2560164], [70.8001108, 22.2560063], [70.8001201, 22.2554828], [70.8001296, 22.2550925], [70.8001332, 22.2545412], [70.800138, 22.2541354], [70.800138, 22.253594], [70.8001415, 22.2533801], [70.8001414, 22.2533316], [70.8001404, 22.2528233], [70.8001415, 22.2525863], [70.8001547, 22.2522136], [70.8001582, 22.2517097], [70.8001666, 22.2512157], [70.80019, 22.2505017], [70.8002056, 22.2501446], [70.8002205, 22.2497272], [70.8002199, 22.2493548], [70.8002169, 22.2489451], [70.8002156, 22.2487374], [70.8002085, 22.2483267], [70.8002003, 22.2476809], [70.8001936, 22.2475416], [70.8001879, 22.2474182]]}}, {"type": "Feature", "properties": {"road_type": "primary", "name": "Sitaram-Pandit Road", "major": true}, "geometry": {"type": "LineString", "coordinates": [[70.7920261, 22.3024125], [70.7921263, 22.3023362], [70.7921971, 22.3022902], [70.7923088, 22.3022566], [70.7924341, 22.3022341]]}}, {"type": "Feature", "properties": {"road_type": "secondary", "name": "Unnamed road", "major": true}, "geometry": {"type": "LineString", "coordinates": [[70.7992524, 22.2798028], [70.7996992, 22.2798729], [70.8002699, 22.2799624], [70.801757, 22.2802323]]}}, {"type": "Feature", "properties": {"road_type": "primary", "name": "Ring Road -2", "major": true}, "geometry": {"type": "LineString", "coordinates": [[70.7336274, 22.3256966], [70.7335436, 22.3255824], [70.7333812, 22.325421], [70.7328863, 22.3249983], [70.7324702, 22.3246362], [70.7322694, 22.3244653], [70.7321022, 22.3243201], [70.731873, 22.3241189], [70.7316714, 22.3239392], [70.7315861, 22.3238704], [70.7313915, 22.3237091], [70.7311675, 22.3235166], [70.7310725, 22.3234364], [70.730925, 22.3233134], [70.7306531, 22.3230717], [70.7305041, 22.3229458], [70.7303918, 22.3228496], [70.7302335, 22.3227173], [70.7298487, 22.322373], [70.7292685, 22.3218926], [70.7290948, 22.3217279], [70.7289202, 22.3215357], [70.7287512, 22.3213073], [70.7286317, 22.321147], [70.7285517, 22.3210083], [70.728507, 22.3208987], [70.7284468, 22.3207332], [70.728294, 22.3202166], [70.7282626, 22.3200814], [70.7282282, 22.3199329], [70.7281843, 22.3196671], [70.728125, 22.3181466], [70.7280964, 22.3174145], [70.7280903, 22.317275], [70.7280198, 22.3153805], [70.7280182, 22.3150778], [70.7279083, 22.3126476], [70.7278964, 22.3122711], [70.7278884, 22.3120161], [70.7278786, 22.3117057], [70.7278306, 22.3101805], [70.7278169, 22.3094653], [70.727747, 22.3080339], [70.727738, 22.3077297], [70.7277251, 22.3074226], [70.7277181, 22.3070418], [70.7277154, 22.3069239], [70.727712, 22.306855], [70.7276, 22.3041118], [70.7275906, 22.3039213], [70.7275758, 22.3034651], [70.7275391, 22.3028117]]}}, {"type": "Feature", "properties": {"road_type": "secondary", "name": "Unnamed road", "major": true}, "geometry": {"type": "LineString", "coordinates": [[70.6925908, 22.3389752], [70.6927528, 22.3390259], [70.6928886, 22.3391405], [70.6931173, 22.3393851], [70.693327, 22.3395813], [70.6934771, 22.3396606], [70.6940585, 22.3398678], [70.6948668, 22.3401285], [70.6949877, 22.3401675], [70.6958574, 22.3404672], [70.6963021, 22.340634], [70.6963863, 22.3406656], [70.696615, 22.3407802], [70.6968485, 22.3409322], [70.6970677, 22.3411614], [70.6972536, 22.3413576], [70.6974766, 22.3416355], [70.6976443, 22.3418446], [70.6979541, 22.3423162], [70.6981852, 22.342682], [70.6985569, 22.3432484], [70.6988785, 22.343698], [70.6990001, 22.3438302], [70.6991192, 22.3439117], [70.6993575, 22.3440043], [70.6996362, 22.3440902], [70.6998602, 22.3441497], [70.7002009, 22.3441563], [70.7006679, 22.3441872], [70.7012229, 22.3442121], [70.7031957, 22.3443487], [70.7039773, 22.3444016], [70.7047635, 22.3444854], [70.7059215, 22.3446793], [70.7066649, 22.3448027], [70.7074988, 22.3449658], [70.708328, 22.3451861], [70.7094097, 22.3455123], [70.7102531, 22.3458252], [70.7106296, 22.3459971], [70.7111061, 22.3462219], [70.711454, 22.3463762], [70.7117208, 22.3464423], [70.7119829, 22.3464555], [70.7123546, 22.3464246], [70.7129026, 22.3462924], [70.7136508, 22.346169], [70.7142893, 22.3460588], [70.7148278, 22.345953], [70.7151137, 22.3458913], [70.7153615, 22.3458605], [70.7156522, 22.3458649], [70.7159905, 22.345953], [70.7163479, 22.3461029], [70.7169007, 22.3463012], [70.7171961, 22.3464114], [70.7173868, 22.346526], [70.7177156, 22.3468257], [70.7179872, 22.3470637], [70.7181969, 22.3471915], [70.7184589, 22.3473061], [70.720041, 22.3477865], [70.7214277, 22.3482229], [70.7220309, 22.3484017], [70.7222522, 22.3484628], [70.722324, 22.3484826], [70.7224057, 22.3484996], [70.7226488, 22.3485324], [70.7227333, 22.3485487], [70.7229722, 22.3486478], [70.7231213, 22.3487098]]}}, {"type": "Feature", "properties": {"road_type": "primary", "name": "Unnamed road", "major": true}, "geometry": {"type": "LineString", "coordinates": [[70.7868315, 22.3171238], [70.7864115, 22.3175249], [70.7863471, 22.3175784], [70.7858478, 22.3180146], [70.7855816, 22.3182472], [70.7853526, 22.3184472], [70.7850809, 22.3186623], [70.7847366, 22.3189349], [70.7846592, 22.3189847], [70.7841457, 22.3193198], [70.7837262, 22.3195935], [70.7827015, 22.3203055], [70.7812638, 22.3212288], [70.780862, 22.3214876], [70.7799945, 22.3220927]]}}, {"type": "Feature", "properties": {"road_type": "primary", "name": "Unnamed road", "major": true}, "geometry": {"type": "LineString", "coordinates": [[70.7123003, 22.3575579], [70.7117814, 22.3579397], [70.7113871, 22.3582248], [70.7110788, 22.3584523], [70.7100679, 22.3591971], [70.7090183, 22.3599964], [70.7083848, 22.3604545], [70.7077699, 22.3609157], [70.7074481, 22.3611447], [70.7066293, 22.3616714], [70.7060851, 22.3620032], [70.7054459, 22.3623927], [70.7053792, 22.3624333], [70.7051012, 22.3625984], [70.7049991, 22.3626585], [70.7040199, 22.3632346], [70.7027715, 22.3639949], [70.7021582, 22.364358], [70.7011726, 22.3649516], [70.7003505, 22.3654533], [70.6997086, 22.3658428], [70.6991661, 22.3661715], [70.6983759, 22.3667044], [70.6979193, 22.3670347], [70.6975773, 22.3672746], [70.6971747, 22.3675504], [70.6970011, 22.3676548], [70.6966642, 22.3678526], [70.6963373, 22.3680256], [70.6959549, 22.368197], [70.6957306, 22.3682954], [70.6953905, 22.3684447], [70.6948176, 22.3686924], [70.694201, 22.3689619], [70.6938539, 22.3691037], [70.6935001, 22.3692751], [70.6932104, 22.3694309], [70.6929745, 22.3695758], [70.6926982, 22.3697503], [70.6924202, 22.3699528], [70.6920057, 22.3703221], [70.6916081, 22.3707104], [70.6914531, 22.3708596], [70.6910613, 22.3712458], [70.6906157, 22.3716733], [70.690169, 22.372115], [70.6893441, 22.3729499], [70.6891904, 22.3731151], [70.689013, 22.3733033], [70.6888302, 22.3734972], [70.6885763, 22.3737749], [70.6884978, 22.3738607], [70.6882536, 22.374113], [70.6880749, 22.374297], [70.6875339, 22.3748063], [70.687198, 22.3751445], [70.6868811, 22.3754596], [70.6865082, 22.3758231], [70.6861496, 22.3761844], [70.6856636, 22.3766581], [70.6853074, 22.3770007], [70.68505, 22.3772651], [70.6847605, 22.3775449], [70.6845187, 22.3777752], [70.6842566, 22.3780098], [70.683904, 22.3782918], [70.6836431, 22.3785011], [70.6833357, 22.3787203], [70.6829795, 22.3789561], [70.6826638, 22.3791433], [70.6822647, 22.3793515], [70.6817632, 22.379595], [70.6813319, 22.3797746], [70.6811866, 22.3798263], [70.680666, 22.3800202], [70.6802288, 22.3801458], [70.6798964, 22.3802515], [70.6790934, 22.3804961], [70.6788063, 22.3805875], [70.6786109, 22.3806393], [70.6775685, 22.3809665], [70.6765106, 22.3813058], [70.6756815, 22.3815613], [70.6745978, 22.3818906], [70.6737335, 22.3821648], [70.6723503, 22.3826072], [70.6668172, 22.3843131], [70.6656816, 22.3846683], [70.6654732, 22.3847334], [70.6644399, 22.3850562], [70.6638334, 22.3852431], [70.6629539, 22.3855188], [70.6628673, 22.3855441], [70.6615573, 22.385927], [70.6606188, 22.3861949], [70.6603546, 22.3862694], [70.6602044, 22.3863118], [70.6597984, 22.3864379], [70.6595153, 22.3865314], [70.6592441, 22.3866389], [70.658924, 22.3867682], [70.6587032, 22.3868866], [70.6584286, 22.3870517], [70.6579569, 22.3873835], [70.6577244, 22.387572], [70.6572453, 22.3879409], [70.6559771, 22.3889174], [70.6557161, 22.3891329], [70.6552545, 22.3894834], [70.6549546, 22.3896937], [70.6546817, 22.3898511], [70.654274, 22.3900551], [70.6540381, 22.3901611], [70.6526481, 22.3907561], [70.6518799, 22.391091], [70.6503303, 22.3917676], [70.6495476, 22.3921487], [70.6491128, 22.3923723], [70.6481752, 22.3928096], [70.6473127, 22.3931863], [70.6467289, 22.3934441], [70.645316, 22.3940587], [70.6444583, 22.3944398], [70.6432765, 22.3949553], [70.6423091, 22.3953827], [70.6406365, 22.3961206], [70.6396215, 22.3965634], [70.6391783, 22.3967639], [70.6388924, 22.3968895], [70.6385517, 22.3970525], [70.6381395, 22.3972794], [70.6377321, 22.3975195], [70.6373818, 22.397742], [70.6364145, 22.3984601], [70.6355115, 22.3991056], [70.6347514, 22.3996607], [70.6341033, 22.4001365], [70.6336942, 22.4004179], [70.6335386, 22.4005396], [70.633305, 22.4007294], [70.6330085, 22.4009973], [70.632861, 22.4011508], [70.6327951, 22.4012197]]}}, {"type": "Feature", "properties": {"road_type": "primary", "name": "Unnamed road", "major": true}, "geometry": {"type": "LineString", "coordinates": [[70.7337813, 22.2691598], [70.7327823, 22.2690352], [70.7324183, 22.2689866], [70.7319246, 22.2689206], [70.7308686, 22.2687794], [70.7302091, 22.2686912], [70.7296205, 22.2686163], [70.7295544, 22.2686061], [70.7294516, 22.2685901], [70.7290654, 22.2685303], [70.7285198, 22.2684465], [70.7282934, 22.2683918], [70.727936, 22.2683054], [70.7279235, 22.2683021], [70.7274121, 22.2681687], [70.7270687, 22.2680802], [70.7262805, 22.2678559], [70.7261503, 22.2678209], [70.7258506, 22.2677523], [70.7257499, 22.2677262], [70.7248176, 22.2674842], [70.7243802, 22.2673576], [70.7238731, 22.2672598], [70.7232844, 22.2671724], [70.7228245, 22.2671007], [70.7213924, 22.2668606], [70.7213424, 22.2668526], [70.7207977, 22.2667656], [70.7204557, 22.2667109], [70.7195476, 22.2665487], [70.7189411, 22.2664521], [70.7184327, 22.266368], [70.7183379, 22.2663523], [70.7178375, 22.2662463], [70.7177206, 22.2662091], [70.7174652, 22.2661278], [70.7171501, 22.2660011], [70.7170267, 22.265946], [70.7168236, 22.2658547], [70.7165378, 22.2656942], [70.7163556, 22.2655856], [70.7161452, 22.2654305], [70.7159345, 22.2652572], [70.7158104, 22.265136], [70.7157067, 22.2650401], [70.7154701, 22.2647916], [70.715083, 22.2643971], [70.7146902, 22.2640125], [70.714559, 22.263874], [70.7141981, 22.2634969], [70.713726, 22.2630159], [70.7132531, 22.2625495], [70.7128288, 22.2621175], [70.7126758, 22.261957], [70.7123925, 22.2617025], [70.7121536, 22.2615019], [70.7119587, 22.2613613], [70.7116299, 22.2611386], [70.7114702, 22.2610305], [70.711437, 22.2610092], [70.7111507, 22.2608638], [70.7109272, 22.2607639], [70.710591, 22.2606292], [70.7104754, 22.2605925], [70.7102655, 22.2605258], [70.7099622, 22.26044], [70.7094774, 22.2603196], [70.7094349, 22.2603091], [70.7087203, 22.2601393], [70.7082839, 22.2600355], [70.7082538, 22.2600284], [70.7080696, 22.2599836], [70.7072143, 22.2597758], [70.7061293, 22.259531], [70.7050561, 22.259308], [70.70295, 22.2587934], [70.7027964, 22.2587559], [70.7026372, 22.258717]]}}, {"type": "Feature", "properties": {"road_type": "primary", "name": "Jamnagar -Rajkot highway Flyover", "major": true}, "geometry": {"type": "LineString", "coordinates": [[70.7634946, 22.3331159], [70.7637361, 22.3329847], [70.7648097, 22.3322804], [70.7652903, 22.3319844], [70.7654031, 22.3319149], [70.7664561, 22.331232], [70.7681667, 22.3300986], [70.7687899, 22.3296608], [70.7696414, 22.3291003], [70.7699535, 22.32889], [70.770304, 22.3286562], [70.772461, 22.3271789]]}}, {"type": "Feature", "properties": {"road_type": "primary", "name": "Ring Road -2", "major": true}, "geometry": {"type": "LineString", "coordinates": [[70.7324566, 22.2895497], [70.7310981, 22.2911757], [70.7309151, 22.2913894], [70.7306596, 22.2916965], [70.7303873, 22.2919828], [70.7300332, 22.2924012], [70.7292945, 22.2933994], [70.7291019, 22.2936837], [70.72894, 22.2939736], [70.7288898, 22.2940719], [70.7283306, 22.295165], [70.7282829, 22.2952889], [70.7282536, 22.2953843], [70.7282196, 22.2955351], [70.7280119, 22.2967078], [70.7278813, 22.2972476], [70.7274466, 22.3000488], [70.7274262, 22.3002396], [70.7274925, 22.3013496], [70.727537, 22.3020941]]}}, {"type": "Feature", "properties": {"road_type": "secondary", "name": "Unnamed road", "major": true}, "geometry": {"type": "LineString", "coordinates": [[70.8902485, 22.3027429], [70.8903869, 22.3027022], [70.8905238, 22.3026305], [70.8906326, 22.3025642], [70.8907207, 22.3025125], [70.8908176, 22.3024755], [70.8909277, 22.3024423], [70.8910855, 22.302411], [70.8914265, 22.3023421], [70.8917606, 22.3022383], [70.8920007, 22.3021667], [70.8921323, 22.3021396], [70.8922684, 22.3021222], [70.8925672, 22.3020911], [70.8928014, 22.3020518], [70.893071, 22.3020088], [70.8937699, 22.3018729], [70.8946046, 22.3017082], [70.894715, 22.3016864], [70.8955276, 22.3015307], [70.8963545, 22.3013996], [70.8967045, 22.3013365], [70.8969115, 22.3012991], [70.8971019, 22.3012687], [70.8972548, 22.3012581], [70.8974721, 22.3012611], [70.8976183, 22.3012665], [70.8978363, 22.3012829], [70.8984772, 22.3013348], [70.8989633, 22.301381], [70.8993475, 22.3014066], [70.8995816, 22.3014144], [70.8998984, 22.3014256], [70.9003027, 22.3014233], [70.9007023, 22.3014223], [70.900873, 22.3014219], [70.901133, 22.3014023], [70.9012813, 22.3013807], [70.9014296, 22.3013591], [70.9018665, 22.3012757], [70.9026579, 22.301119], [70.9031285, 22.3010314], [70.9034762, 22.3009743], [70.9038239, 22.3009172], [70.9042123, 22.3008652], [70.904632, 22.3008236], [70.9051585, 22.3007852], [70.9055724, 22.300765], [70.9060058, 22.3007503], [70.9064507, 22.3007286], [70.9067741, 22.3007084], [70.9071891, 22.300662], [70.9075664, 22.3006231], [70.9078472, 22.3006048], [70.908221, 22.3005849], [70.9088478, 22.3005246], [70.9091377, 22.3004839], [70.9093778, 22.3004398], [70.909584, 22.3003904], [70.9100958, 22.3002379], [70.9104377, 22.3001398], [70.9107549, 22.3000508], [70.9110123, 22.2999843], [70.911245, 22.299927], [70.9117385, 22.2998021], [70.9127081, 22.2995588], [70.9129961, 22.2994775], [70.9141102, 22.2991631], [70.9159115, 22.2986924]]}}, {"type": "Feature", "properties": {"road_type": "secondary", "name": "Unnamed road", "major": true}, "geometry": {"type": "LineString", "coordinates": [[70.8896196, 22.3028073], [70.8902485, 22.3027429]]}}, {"type": "Feature", "properties": {"road_type": "secondary", "name": "Ring Road -2", "major": true}, "geometry": {"type": "LineString", "coordinates": [[70.7463442, 22.2698224], [70.7462658, 22.2698586], [70.7456065, 22.2706752]]}}, {"type": "Feature", "properties": {"road_type": "secondary", "name": "Unnamed road", "major": true}, "geometry": {"type": "LineString", "coordinates": [[70.7548068, 22.2584537], [70.7549345, 22.2581931], [70.7550352, 22.2575787], [70.7551583, 22.2567648], [70.7553095, 22.2557645], [70.7553919, 22.2554942], [70.7555494, 22.2549777], [70.7556817, 22.2544996], [70.7557153, 22.2543187], [70.7557544, 22.254089], [70.7557821, 22.2537484], [70.7557813, 22.2533438], [70.7557345, 22.2525887], [70.7557243, 22.2525134], [70.7556092, 22.2516625], [70.7555439, 22.2511925], [70.7555234, 22.2506415], [70.7554813, 22.2489485], [70.7554741, 22.2488358], [70.755454, 22.2485225], [70.7554561, 22.2484664], [70.7557757, 22.2470996], [70.7559539, 22.2463282], [70.7561321, 22.2456098]]}}, {"type": "Feature", "properties": {"road_type": "tertiary", "name": "Unnamed road", "major": false}, "geometry": {"type": "LineString", "coordinates": [[70.8898843, 22.3203605], [70.8892223, 22.3206789], [70.8880796, 22.3212285], [70.8873633, 22.321574]]}}, {"type": "Feature", "properties": {"road_type": "tertiary", "name": "Unnamed road", "major": false}, "geometry": {"type": "LineString", "coordinates": [[70.8901412, 22.3202402], [70.8898843, 22.3203605]]}}, {"type": "Feature", "properties": {"road_type": "tertiary", "name": "Unnamed road", "major": false}, "geometry": {"type": "LineString", "coordinates": [[70.754683, 22.258397], [70.7539798, 22.2579505], [70.7527325, 22.2572092], [70.7516039, 22.2565882], [70.7514176, 22.2564525], [70.750864, 22.2559564], [70.750551, 22.2556608], [70.7505145, 22.2556264], [70.7497794, 22.2549946], [70.7496535, 22.2548734], [70.7486316, 22.2537397], [70.7481632, 22.2532201], [70.7480822, 22.2531573], [70.7480564, 22.2531372], [70.7473947, 22.2527259], [70.7460026, 22.2520059], [70.7458569, 22.2519135], [70.7454393, 22.251581], [70.7451491, 22.2512961], [70.7446536, 22.2507785], [70.7437723, 22.249881], [70.7433283, 22.2494738], [70.7431388, 22.2492717], [70.7424947, 22.2486035], [70.7416524, 22.2476207], [70.7412276, 22.2469983], [70.7409115, 22.2466025], [70.7406421, 22.2463148], [70.7405712, 22.2462646], [70.7399937, 22.2459226]]}}, {"type": "Feature", "properties": {"road_type": "trunk", "name": "Jamnagar Bypass - Rajkot", "major": true}, "geometry": {"type": "LineString", "coordinates": [[70.8252143, 22.3389515], [70.8258447, 22.3388875], [70.8303187, 22.3383624], [70.833401, 22.3380066], [70.8381264, 22.3374418], [70.8438866, 22.3367532], [70.8451116, 22.3366068], [70.8489256, 22.3361509], [70.8494587, 22.3360888], [70.8495817, 22.3360744], [70.8544617, 22.3355058], [70.855821, 22.3353285], [70.8564783, 22.3352474], [70.8572854, 22.3351448]]}}, {"type": "Feature", "properties": {"road_type": "tertiary", "name": "Unnamed road", "major": false}, "geometry": {"type": "LineString", "coordinates": [[70.7750522, 22.3454466], [70.775092, 22.3453553], [70.7751718, 22.3450143], [70.7755238, 22.3443966], [70.7757325, 22.3439847], [70.7759389, 22.3436305], [70.7760563, 22.3434204], [70.7760992, 22.343359], [70.7763286, 22.3429044], [70.7765161, 22.3425574], [70.7768041, 22.3420491], [70.7770213, 22.3417031], [70.7775522, 22.340807], [70.7778126, 22.3401903]]}}, {"type": "Feature", "properties": {"road_type": "tertiary", "name": "Unnamed road", "major": false}, "geometry": {"type": "LineString", "coordinates": [[70.7469529, 22.2860968], [70.7470808, 22.2860038], [70.7472097, 22.28591], [70.7476254, 22.2857189], [70.7477333, 22.2856556], [70.7478427, 22.2855724], [70.74795, 22.2854632], [70.7495926, 22.2833382]]}}, {"type": "Feature", "properties": {"road_type": "tertiary", "name": "Unnamed road", "major": false}, "geometry": {"type": "LineString", "coordinates": [[70.7282584, 22.3207034], [70.7281534, 22.3206698], [70.7281204, 22.3206583], [70.7280821, 22.320645], [70.7279704, 22.3205558], [70.7275224, 22.3200958], [70.7272986, 22.3198137], [70.727068, 22.3194622], [70.7267337, 22.3189378], [70.7265149, 22.3186356], [70.7264253, 22.3185287], [70.7263113, 22.3184353], [70.7261492, 22.3183176], [70.7259594, 22.3182029], [70.7254539, 22.3179379], [70.7247138, 22.3175297], [70.7245779, 22.3174547], [70.72385, 22.3170651], [70.7234726, 22.3168282], [70.7231787, 22.3166536], [70.7230064, 22.3165508], [70.7224877, 22.3162415], [70.7222746, 22.3161075], [70.7220565, 22.3159703], [70.7216746, 22.3157021], [70.7216529, 22.3156914], [70.7212106, 22.3154083], [70.7208437, 22.315157], [70.720587, 22.3149792], [70.7201962, 22.3147391], [70.7198019, 22.3145178], [70.7195121, 22.3143214], [70.7192257, 22.3141625], [70.7187877, 22.3139349], [70.7174938, 22.3132896], [70.7169749, 22.3130402], [70.7163852, 22.3128064], [70.7158225, 22.3125945], [70.7150273, 22.3123046], [70.7147112, 22.3121844], [70.7143567, 22.3120645], [70.7139995, 22.311943], [70.7138363, 22.3118641], [70.7136877, 22.3117816], [70.7134402, 22.3116531], [70.7131302, 22.3114722], [70.7128, 22.3113133], [70.7122743, 22.3111013], [70.7117554, 22.3109049], [70.7114184, 22.3108176], [70.7112887, 22.3107891], [70.711159, 22.3107802], [70.7109684, 22.3107928], [70.7108083, 22.3108122], [70.7103799, 22.3108839], [70.7094237, 22.3110389], [70.7086217, 22.3112104], [70.7079461, 22.3113995], [70.7076436, 22.3114873], [70.7073584, 22.3115993], [70.7069253, 22.3118465], [70.7067503, 22.3119564], [70.7061754, 22.3122952], [70.7055401, 22.3126922], [70.704739, 22.3131851], [70.7045925, 22.3132805], [70.7040931, 22.3136256]]}}, {"type": "Feature", "properties": {"road_type": "tertiary", "name": "Unnamed road", "major": false}, "geometry": {"type": "LineString", "coordinates": [[70.7973122, 22.3343228], [70.7972184, 22.3345089], [70.7969954, 22.3349138], [70.7963102, 22.3363512], [70.796304, 22.336395], [70.7963307, 22.3364283], [70.7963788, 22.3364568], [70.7978346, 22.3370793], [70.7985526, 22.3373863], [70.7998056, 22.3379487], [70.7999146, 22.3380036], [70.7999776, 22.3380782], [70.8000113, 22.3382073], [70.8000508, 22.3384517]]}}, {"type": "Feature", "properties": {"road_type": "primary", "name": "Kalawad Road Underpass", "major": true}, "geometry": {"type": "LineString", "coordinates": [[70.7848558, 22.2940847], [70.7842729, 22.2937363]]}}, {"type": "Feature", "properties": {"road_type": "primary", "name": "Kalawad Road Underpass", "major": true}, "geometry": {"type": "LineString", "coordinates": [[70.784221, 22.2938029], [70.7849307, 22.2941897], [70.7851371, 22.294351]]}}, {"type": "Feature", "properties": {"road_type": "primary", "name": "Kalawad Road Underpass", "major": true}, "geometry": {"type": "LineString", "coordinates": [[70.7851371, 22.294351], [70.7853712, 22.2945806]]}}, {"type": "Feature", "properties": {"road_type": "primary", "name": "Kalawad Road Underpass", "major": true}, "geometry": {"type": "LineString", "coordinates": [[70.7852174, 22.2942343], [70.7851049, 22.2942022], [70.7850573, 22.2941832], [70.7850363, 22.2941731], [70.7850089, 22.2941613], [70.7848761, 22.2940941], [70.7848558, 22.2940847]]}}, {"type": "Feature", "properties": {"road_type": "tertiary", "name": "Unnamed road", "major": false}, "geometry": {"type": "LineString", "coordinates": [[70.8297733, 22.3162592], [70.8297937, 22.3170653], [70.8298181, 22.3180523], [70.829755, 22.3187929], [70.8297035, 22.31899], [70.829645, 22.319165], [70.8295772, 22.319337], [70.8294094, 22.3197086], [70.8288789, 22.3208836], [70.8287892, 22.3210824], [70.828644, 22.3213155], [70.8284136, 22.3216545], [70.8281633, 22.3219388], [70.8278001, 22.3223503], [70.8277352, 22.3224238], [70.827598, 22.3225743], [70.8273716, 22.3228555], [70.8267801, 22.32359]]}}, {"type": "Feature", "properties": {"road_type": "tertiary", "name": "Unnamed road", "major": false}, "geometry": {"type": "LineString", "coordinates": [[70.8207771, 22.3391555], [70.8205463, 22.3390805], [70.8187007, 22.3392129], [70.8174072, 22.339309], [70.8165405, 22.3393651], [70.8159927, 22.3394035]]}}, {"type": "Feature", "properties": {"road_type": "trunk", "name": "Jamnagar Bypass - Rajkot", "major": true}, "geometry": {"type": "LineString", "coordinates": [[70.8252708, 22.3388308], [70.8229051, 22.3389946]]}}, {"type": "Feature", "properties": {"road_type": "trunk", "name": "Jamnagar Bypass - Rajkot", "major": true}, "geometry": {"type": "LineString", "coordinates": [[70.8708395, 22.3282192], [70.8705797, 22.3284766], [70.8705155, 22.3285171], [70.8703466, 22.3286109], [70.8690157, 22.3294818], [70.8677396, 22.330321], [70.8649341, 22.3322325], [70.863419, 22.3332353], [70.8625903, 22.333798], [70.8622599, 22.3339806], [70.8619794, 22.3341032], [70.861147, 22.3343756]]}}, {"type": "Feature", "properties": {"road_type": "trunk", "name": "Jamnagar Bypass - Rajkot", "major": true}, "geometry": {"type": "LineString", "coordinates": [[70.822817, 22.339133], [70.8252143, 22.3389515]]}}, {"type": "Feature", "properties": {"road_type": "trunk", "name": "Jamnagar Bypass - Rajkot Flyover", "major": true}, "geometry": {"type": "LineString", "coordinates": [[70.8098614, 22.3398163], [70.8156161, 22.3396466], [70.8161627, 22.3396197], [70.8204884, 22.3393005]]}}, {"type": "Feature", "properties": {"road_type": "tertiary", "name": "Unnamed road", "major": false}, "geometry": {"type": "LineString", "coordinates": [[70.8157342, 22.3394274], [70.8157081, 22.3394194], [70.8156734, 22.3394195], [70.8149349, 22.339451], [70.8140302, 22.339479], [70.8126195, 22.3395227], [70.8115339, 22.3395563], [70.8108472, 22.3395776], [70.8098505, 22.3396094], [70.8097043, 22.3397052]]}}, {"type": "Feature", "properties": {"road_type": "tertiary", "name": "Unnamed road", "major": false}, "geometry": {"type": "LineString", "coordinates": [[70.7888279, 22.3067614], [70.7887122, 22.3067986], [70.7886015, 22.3068464]]}}, {"type": "Feature", "properties": {"road_type": "tertiary", "name": "Unnamed road", "major": false}, "geometry": {"type": "LineString", "coordinates": [[70.6957306, 22.3682954], [70.6957622, 22.3683823], [70.6959969, 22.3686787], [70.6962651, 22.3690694], [70.6968498, 22.3699201], [70.6974158, 22.3708081], [70.6977725, 22.3713786], [70.6977975, 22.3714192], [70.6987059, 22.3728965], [70.6997627, 22.3746129], [70.7000202, 22.3750296], [70.7001033, 22.375295], [70.7000014, 22.3760762], [70.6997171, 22.3774156], [70.699524, 22.3783283], [70.6996098, 22.3785118], [70.6996199, 22.3785211], [70.6997402, 22.3786323], [70.7002509, 22.3791046], [70.7004869, 22.3793353], [70.7005861, 22.3797742], [70.7005715, 22.3799058], [70.7004654, 22.380863], [70.7005271, 22.3816344], [70.7006371, 22.3826512], [70.7007471, 22.3832837], [70.700967, 22.3852727], [70.7010126, 22.3863466], [70.7011467, 22.3882562], [70.7012191, 22.3893846], [70.7011682, 22.390265], [70.7011521, 22.3907561], [70.7013801, 22.3911355], [70.7019621, 22.3917357], [70.7027078, 22.3926384], [70.7027829, 22.3927946], [70.7026836, 22.3938709], [70.7026085, 22.3950613], [70.7025388, 22.3964203], [70.7025012, 22.3976627], [70.7025254, 22.3987166], [70.7026139, 22.3995796], [70.7026085, 22.3997433], [70.7025281, 22.3999813], [70.7022008, 22.4012014], [70.7019997, 22.4019255], [70.7018039, 22.4026694], [70.7017422, 22.4034803], [70.7017243, 22.4047679], [70.7017207, 22.4050227], [70.7017117, 22.4053668], [70.7017003, 22.4058024], [70.7016939, 22.4060469], [70.7017234, 22.4064387], [70.7018548, 22.4069743], [70.7020721, 22.4076909], [70.7023644, 22.4085761], [70.7026139, 22.4093572], [70.7027346, 22.409754], [70.7027587, 22.4099871], [70.7027104, 22.4103367], [70.7023349, 22.4113955], [70.7019648, 22.4122634], [70.7016, 22.4128411], [70.7010475, 22.4136222], [70.7005244, 22.4142768], [70.6997761, 22.4152438], [70.6993791, 22.4156306], [70.6981266, 22.4160075], [70.6973997, 22.416253], [70.697279, 22.4163447], [70.6970268, 22.4170241], [70.6967398, 22.4176787], [70.6962892, 22.4187127], [70.695734, 22.4198756], [70.6951761, 22.4211426], [70.6948435, 22.4218145], [70.6945163, 22.4228806], [70.6942213, 22.4238526], [70.694181, 22.4240435], [70.6942213, 22.4243038], [70.6942829, 22.4244873], [70.6942642, 22.4246286], [70.6935239, 22.4257766], [70.6929579, 22.4267088], [70.6924644, 22.4274948], [70.6916866, 22.4287047], [70.6909865, 22.4298278], [70.6904581, 22.4306013], [70.6899592, 22.4312261], [70.6893289, 22.4319823], [70.6890124, 22.432312], [70.6886208, 22.4325649], [70.688347, 22.4328678], [70.6883064, 22.4329463], [70.6882774, 22.4330024], [70.6880844, 22.4333756], [70.6877947, 22.4336954], [70.6872529, 22.4340277], [70.6866413, 22.4341913], [70.6861532, 22.4344119], [70.6856543, 22.4352053], [70.6853914, 22.4358573], [70.6852385, 22.4362193], [70.6852198, 22.4367027], [70.6853646, 22.4374167], [70.685429, 22.4381381], [70.6854504, 22.4389637], [70.6854451, 22.4395438], [70.6852064, 22.4404016], [70.6850696, 22.4407412], [70.6847772, 22.4410412], [70.684112, 22.4416709], [70.6839082, 22.4418642], [70.68353, 22.4424096], [70.6830659, 22.4431583], [70.6825563, 22.4438549], [70.6820816, 22.4445218], [70.6819501, 22.4448292], [70.6817839, 22.4457142], [70.6817329, 22.4460067], [70.6817543, 22.4467058], [70.6817396, 22.4471371], [70.6815277, 22.4475586], [70.6812407, 22.4481188], [70.6805742, 22.4493087], [70.6804669, 22.4495393], [70.6803945, 22.4499061], [70.6800109, 22.4507267], [70.6798393, 22.4511059], [70.6797668, 22.4514728], [70.6798339, 22.4519389], [70.6798848, 22.4524272], [70.6797159, 22.4533716], [70.6794664, 22.4543805], [70.6790346, 22.455734], [70.6786913, 22.4567206], [70.678643, 22.4569932], [70.678356, 22.457779], [70.6783721, 22.4580442], [70.6782192, 22.4584607], [70.6780153, 22.4586342], [70.6776963, 22.4591799], [70.6776434, 22.4592658], [70.6776287, 22.4592781], [70.6776123, 22.4592847], [70.67759, 22.4592914], [70.6768915, 22.4592613], [70.6764436, 22.4594026], [70.6759018, 22.4596232], [70.6754458, 22.4597348], [70.674979, 22.4598764], [70.6749308, 22.4598736], [70.6746465, 22.4597125], [70.6744722, 22.4596232], [70.674271, 22.4595563], [70.6739223, 22.4593134], [70.6734073, 22.458892], [70.6731411, 22.4586886], [70.6731189, 22.4586817], [70.6730992, 22.4586855], [70.6730813, 22.4586937], [70.6727019, 22.4592663], [70.6724712, 22.4596431], [70.6719643, 22.4600471], [70.6713447, 22.4604734], [70.6707546, 22.4608031], [70.6700948, 22.4612071], [70.6689924, 22.4618888], [70.6681475, 22.4625432], [70.667198, 22.4632446], [70.6669807, 22.4635793], [70.6662673, 22.4642436], [70.6660768, 22.4644443], [70.6659722, 22.4647442], [70.6653258, 22.4655944], [70.6650388, 22.4657531], [70.6641188, 22.4665487], [70.6640142, 22.4669056], [70.6639847, 22.4674385], [70.6642047, 22.4681127], [70.6641242, 22.4682813], [70.6638721, 22.4683755], [70.6635851, 22.4684349], [70.6619114, 22.4693942], [70.6603825, 22.4701774], [70.6597683, 22.4705913], [70.6591433, 22.4710498], [70.6582582, 22.4715059], [70.6574589, 22.4717984], [70.657188, 22.4719322], [70.6569761, 22.4722222], [70.6567186, 22.4726411], [70.6561688, 22.4731839], [70.6558388, 22.4735209], [70.6552407, 22.4740662], [70.6545889, 22.4745768], [70.6541356, 22.4749634], [70.6533793, 22.4756103], [70.6529313, 22.4759375], [70.6523412, 22.4763241], [70.6516305, 22.4766686], [70.6509894, 22.4768471], [70.6507768, 22.4768853]]}}, {"type": "Feature", "properties": {"road_type": "tertiary", "name": "Unnamed road", "major": false}, "geometry": {"type": "LineString", "coordinates": [[70.7888326, 22.290371], [70.7889144, 22.2904269], [70.788987, 22.2904882], [70.7892836, 22.2906589], [70.7895654, 22.2908255], [70.7898426, 22.2909685], [70.7901142, 22.2911321], [70.7904045, 22.2913019], [70.7906938, 22.2914769], [70.7907683, 22.2915092], [70.7908591, 22.2915301], [70.7915032, 22.2916074], [70.7915853, 22.2916359], [70.7916838, 22.2916904], [70.7922498, 22.2920757], [70.7922847, 22.292095], [70.7923258, 22.2921034], [70.792374, 22.2921043]]}}, {"type": "Feature", "properties": {"road_type": "secondary", "name": "Kalawad Road", "major": true}, "geometry": {"type": "LineString", "coordinates": [[70.7856152, 22.2941452], [70.7855833, 22.2941843], [70.7855619, 22.2942231], [70.7855541, 22.2942556]]}}, {"type": "Feature", "properties": {"road_type": "primary", "name": "Unnamed road", "major": true}, "geometry": {"type": "LineString", "coordinates": [[70.6967184, 22.2574623], [70.6970778, 22.2575387], [70.6976974, 22.2576634], [70.6993675, 22.2580739], [70.6995857, 22.2581276], [70.7001879, 22.2582717], [70.7003128, 22.2583016], [70.7006681, 22.2583888], [70.7013996, 22.2585678]]}}, {"type": "Feature", "properties": {"road_type": "tertiary", "name": "Unnamed road", "major": false}, "geometry": {"type": "LineString", "coordinates": [[70.8174072, 22.339309], [70.8174497, 22.3385478], [70.8173835, 22.3376997], [70.8173787, 22.3376384], [70.8173917, 22.3370931], [70.8174523, 22.336209], [70.8175762, 22.3355771]]}}, {"type": "Feature", "properties": {"road_type": "tertiary", "name": "Unnamed road", "major": false}, "geometry": {"type": "LineString", "coordinates": [[70.8175762, 22.3355771], [70.8176012, 22.3355064], [70.8177606, 22.3350552], [70.8178499, 22.3348025], [70.8181105, 22.3340648], [70.8181268, 22.334018], [70.8181697, 22.3339026], [70.8183924, 22.3336301], [70.8185497, 22.3334376], [70.8187911, 22.3331123], [70.8189652, 22.3328778], [70.8193717, 22.3322261], [70.8194604, 22.3319659], [70.8195054, 22.3318339], [70.8196337, 22.3314574], [70.8197274, 22.3311304]]}}, {"type": "Feature", "properties": {"road_type": "primary", "name": "Rajkot - Morbi Highway Flyover", "major": true}, "geometry": {"type": "LineString", "coordinates": [[70.8186963, 22.3272952], [70.8186148, 22.3273573], [70.8181481, 22.3277108], [70.8179091, 22.3278851], [70.8174818, 22.3282087], [70.8169685, 22.3285865], [70.8166977, 22.3287859], [70.8161002, 22.3292366], [70.8157091, 22.3297333], [70.8148457, 22.3307447], [70.8136305, 22.3321886]]}}, {"type": "Feature", "properties": {"road_type": "tertiary", "name": "Unnamed road", "major": false}, "geometry": {"type": "LineString", "coordinates": [[70.8189041, 22.3271369], [70.8188137, 22.3271636], [70.8187731, 22.3271811], [70.8186458, 22.3272709], [70.8181351, 22.3276313], [70.8165939, 22.3287888], [70.8165866, 22.3288029], [70.8165903, 22.3288248], [70.8166842, 22.328931], [70.816708, 22.3289445], [70.816729, 22.3289423], [70.8168909, 22.3288228], [70.8172257, 22.3285614], [70.8176402, 22.3282538], [70.818262, 22.3277923], [70.8188965, 22.3273192], [70.8189196, 22.327297], [70.8189594, 22.327229]]}}, {"type": "Feature", "properties": {"road_type": "tertiary", "name": "Unnamed road", "major": false}, "geometry": {"type": "LineString", "coordinates": [[70.816114, 22.3291019], [70.8157425, 22.3295213], [70.814416, 22.331116], [70.8135353, 22.3321748], [70.81352, 22.3322055], [70.8135215, 22.332242], [70.813537, 22.3322996]]}}, {"type": "Feature", "properties": {"road_type": "tertiary", "name": "Unnamed road", "major": false}, "geometry": {"type": "LineString", "coordinates": [[70.7712808, 22.3315185], [70.7712677, 22.3315728], [70.7712629, 22.3316243], [70.7712853, 22.3316739], [70.7713319, 22.3317769], [70.7714151, 22.3319132], [70.7721798, 22.3328865], [70.7722084, 22.3329229], [70.7724297, 22.3332045], [70.7728842, 22.333783], [70.7739093, 22.3351395], [70.7739732, 22.3352241], [70.7742546, 22.3350506], [70.7734859, 22.3340454], [70.7733231, 22.3338345], [70.7726879, 22.3330113], [70.7716669, 22.3316881], [70.7715281, 22.3315833], [70.7714777, 22.3315564], [70.7714017, 22.3315196]]}}, {"type": "Feature", "properties": {"road_type": "primary", "name": "Unnamed road", "major": true}, "geometry": {"type": "LineString", "coordinates": [[70.7878041, 22.3164196], [70.7876279, 22.3164731], [70.7869057, 22.317059], [70.7868315, 22.3171238]]}}, {"type": "Feature", "properties": {"road_type": "primary", "name": "Jamnagar -Rajkot hwy sh-25", "major": true}, "geometry": {"type": "LineString", "coordinates": [[70.7878041, 22.3164196], [70.7878925, 22.3163539], [70.7883511, 22.3159731], [70.7899081, 22.3146552]]}}, {"type": "Feature", "properties": {"road_type": "primary", "name": "Unnamed road", "major": true}, "geometry": {"type": "LineString", "coordinates": [[70.7441508, 22.3407133], [70.7440076, 22.3407755], [70.7433723, 22.3411122], [70.7430387, 22.3412642], [70.7427742, 22.341359], [70.7424931, 22.3414361], [70.7421898, 22.341501], [70.7421118, 22.3415177], [70.7416282, 22.3416389], [70.7412493, 22.3417336], [70.7408514, 22.3418835], [70.7405107, 22.3420069], [70.7402057, 22.3421017], [70.7398459, 22.3422118], [70.7388286, 22.3424675], [70.7382305, 22.3426372], [70.7380914, 22.342683], [70.7378493, 22.3427628], [70.7374371, 22.3429325], [70.7369248, 22.3431947], [70.736601, 22.343359], [70.736017, 22.3436553], [70.7356991, 22.3438277], [70.7353261, 22.3440299], [70.7340304, 22.3447247], [70.7338465, 22.3448233], [70.7333151, 22.3450833], [70.7329268, 22.3452706], [70.7324312, 22.3454514], [70.7317736, 22.3456519], [70.7304059, 22.3460706], [70.7290812, 22.3464981], [70.7277779, 22.3469036], [70.7275982, 22.3469628], [70.7266413, 22.3472782], [70.7257359, 22.3475515], [70.7250739, 22.3477662], [70.7245684, 22.3479283], [70.7242063, 22.3480385], [70.7237441, 22.3482324], [70.7232103, 22.3485035], [70.7231376, 22.3485476], [70.7229722, 22.3486478], [70.7228434, 22.3487459], [70.7226314, 22.3489068], [70.7222954, 22.3492109], [70.7216354, 22.3498367], [70.7212389, 22.350217], [70.7210588, 22.3503898], [70.7206681, 22.3507666], [70.7200486, 22.351344], [70.7194934, 22.351864], [70.7193085, 22.352038], [70.7187728, 22.3525444], [70.7182218, 22.3530586], [70.7177282, 22.3535058], [70.717366, 22.3538035], [70.7170571, 22.3540371], [70.7169313, 22.3541322], [70.7163366, 22.3545747], [70.7156542, 22.3550687], [70.7151892, 22.3554084], [70.7146804, 22.355787], [70.7140453, 22.356256], [70.7135011, 22.3566674], [70.7130546, 22.3570024], [70.7127123, 22.3572542], [70.7123003, 22.3575579]]}}, {"type": "Feature", "properties": {"road_type": "primary", "name": "Jamnagar -Rajkot hwy sh-25", "major": true}, "geometry": {"type": "LineString", "coordinates": [[70.7727813, 22.3269672], [70.7728845, 22.3268913], [70.7732953, 22.3266178], [70.7740215, 22.3261344], [70.7744786, 22.3258381], [70.7746302, 22.3257387], [70.7747325, 22.3256667], [70.7755353, 22.3251364], [70.7773217, 22.3239595], [70.7777549, 22.3236638], [70.7783346, 22.323289], [70.7789133, 22.3229054], [70.7795558, 22.3224913], [70.7801497, 22.322106], [70.780622, 22.3217876], [70.780935, 22.321571], [70.7813593, 22.3213367], [70.7827559, 22.320371], [70.7834215, 22.319918], [70.7838699, 22.3196193], [70.7846631, 22.3190961], [70.7848154, 22.3189872], [70.78487, 22.3189482], [70.7856417, 22.3183235], [70.7859154, 22.3180714], [70.7864333, 22.3175941], [70.786454, 22.3175712], [70.7867191, 22.317355], [70.786905, 22.3171966], [70.7869773, 22.317135], [70.7877211, 22.3165421], [70.7878041, 22.3164196]]}}, {"type": "Feature", "properties": {"road_type": "tertiary", "name": "Unnamed road", "major": false}, "geometry": {"type": "LineString", "coordinates": [[70.8196476, 22.2645276], [70.8197116, 22.2644752], [70.8200164, 22.2641544]]}}, {"type": "Feature", "properties": {"road_type": "tertiary", "name": "Unnamed road", "major": false}, "geometry": {"type": "LineString", "coordinates": [[70.81936, 22.2647025], [70.8196476, 22.2645276]]}}, {"type": "Feature", "properties": {"road_type": "tertiary", "name": "Unnamed road", "major": false}, "geometry": {"type": "LineString", "coordinates": [[70.7641324, 22.2493432], [70.7641065, 22.2494289], [70.7640901, 22.2494956], [70.7633747, 22.2531116], [70.7632173, 22.2538381], [70.7632024, 22.2539066]]}}, {"type": "Feature", "properties": {"road_type": "tertiary", "name": "Unnamed road", "major": false}, "geometry": {"type": "LineString", "coordinates": [[70.7228347, 22.3946574], [70.7225883, 22.3945231], [70.7219338, 22.3941462], [70.7211614, 22.394047], [70.7209855, 22.3939647], [70.7202709, 22.3936304], [70.7193482, 22.3931741], [70.7190049, 22.3920531], [70.7184899, 22.3904163], [70.7177925, 22.3891267], [70.7168054, 22.3876189], [70.7157111, 22.3860415], [70.7152712, 22.3857439], [70.7147026, 22.3850892], [70.7139087, 22.3839781], [70.7135975, 22.3833333], [70.7133722, 22.3827976], [70.7127714, 22.3821329], [70.7125461, 22.3818055], [70.7123208, 22.3814186], [70.7111514, 22.3803571], [70.7109368, 22.3802579], [70.7103252, 22.3800297], [70.7100409, 22.379871], [70.7096922, 22.3793452], [70.7091236, 22.3787053], [70.7086784, 22.3781795], [70.7083404, 22.3780555], [70.7075143, 22.3779166], [70.7067794, 22.3775743], [70.7060873, 22.377242], [70.7056475, 22.3770485], [70.705567, 22.3769741], [70.7056096, 22.3766018], [70.7056153, 22.3765525], [70.7057279, 22.3761587], [70.7057286, 22.3760607], [70.7057051, 22.3759652], [70.7056629, 22.3758834], [70.7054246, 22.3756091], [70.7051969, 22.375347], [70.7046872, 22.3746377], [70.7043331, 22.3742249], [70.7042067, 22.3740736], [70.7039061, 22.3738589], [70.7033032, 22.3735166], [70.7025093, 22.3730007], [70.7009911, 22.3719242], [70.7001221, 22.3712049], [70.6988186, 22.3705055], [70.6976223, 22.3698705], [70.6962651, 22.3690694]]}}, {"type": "Feature", "properties": {"road_type": "secondary", "name": "Unnamed road", "major": true}, "geometry": {"type": "LineString", "coordinates": [[70.8398804, 22.2999279], [70.8399133, 22.2999058], [70.8399604, 22.2998948], [70.8400084, 22.2998982], [70.8408392, 22.3001324], [70.8414389, 22.3002937], [70.841846, 22.3003823], [70.842088, 22.3004243], [70.8422821, 22.3004331], [70.8426497, 22.3004144], [70.8429975, 22.3003815], [70.8432313, 22.3003428], [70.8433215, 22.3003203], [70.8434474, 22.3002716], [70.8435589, 22.3002138], [70.8437274, 22.3001201], [70.8441431, 22.2998633], [70.844473, 22.2996707], [70.8448128, 22.2994378], [70.8450845, 22.2992475], [70.8452291, 22.2991581], [70.8453579, 22.299104], [70.8456271, 22.2990032], [70.8457379, 22.2989547], [70.8458492, 22.2988874], [70.8459599, 22.2988032], [70.8461151, 22.2986799], [70.8461958, 22.2985999], [70.8462725, 22.2985026], [70.8464964, 22.2981143], [70.8466716, 22.2977953], [70.8467929, 22.2975471], [70.8471984, 22.2967655], [70.8473406, 22.2964836], [70.847625, 22.2959017], [70.8477096, 22.2957811], [70.8478825, 22.2956143], [70.848008, 22.2955372], [70.8481384, 22.2954831], [70.8483821, 22.2954189], [70.8488655, 22.2953077], [70.8489804, 22.2952837], [70.8490559, 22.2952818], [70.8491147, 22.2952923], [70.8491933, 22.2953294], [70.8494205, 22.2954777]]}}, {"type": "Feature", "properties": {"road_type": "secondary", "name": "Unnamed road", "major": true}, "geometry": {"type": "LineString", "coordinates": [[70.8397301, 22.3000756], [70.8398804, 22.2999279]]}}, {"type": "Feature", "properties": {"road_type": "tertiary", "name": "Unnamed road", "major": false}, "geometry": {"type": "LineString", "coordinates": [[70.7638222, 22.2798059], [70.7639124, 22.2797146]]}}, {"type": "Feature", "properties": {"road_type": "tertiary", "name": "Unnamed road", "major": false}, "geometry": {"type": "LineString", "coordinates": [[70.7759775, 22.2804649], [70.7764096, 22.279597], [70.7767599, 22.2788429], [70.7767912, 22.2787712], [70.7775091, 22.2771244]]}}, {"type": "Feature", "properties": {"road_type": "trunk", "name": "150 Foot Ring Road", "major": true}, "geometry": {"type": "LineString", "coordinates": [[70.7698722, 22.294617], [70.7699013, 22.294249]]}}, {"type": "Feature", "properties": {"road_type": "trunk", "name": "150 Foot Ring Road", "major": true}, "geometry": {"type": "LineString", "coordinates": [[70.7696929, 22.2946153], [70.7696063, 22.2949834], [70.7694282, 22.2955845], [70.769374, 22.2957693], [70.7693133, 22.2960009], [70.7692362, 22.2964284], [70.7691392, 22.2968729], [70.7690775, 22.2972001], [70.7689986, 22.2975842], [70.7689399, 22.2978805], [70.7689183, 22.2980285], [70.7688418, 22.2983503]]}}, {"type": "Feature", "properties": {"road_type": "tertiary", "name": "Dr.Yagnik Road", "major": false}, "geometry": {"type": "LineString", "coordinates": [[70.7915654, 22.2982437], [70.7914282, 22.2970604], [70.7913516, 22.2963936], [70.7913436, 22.2963266], [70.7912012, 22.2951331], [70.7911617, 22.2948131], [70.7911306, 22.2945214], [70.791112, 22.294385], [70.79109, 22.2941251], [70.791087, 22.2940898], [70.7910866, 22.2939148], [70.7910933, 22.2938204], [70.791099, 22.2937449], [70.7911161, 22.2936653], [70.791146, 22.2935984], [70.7911791, 22.2935239], [70.7912448, 22.2934259], [70.7912949, 22.2933671], [70.7913991, 22.2932448], [70.7917399, 22.2928501], [70.7918869, 22.2926799], [70.7923262, 22.292164], [70.792374, 22.2921043], [70.7926959, 22.2917088], [70.7928304, 22.2915435], [70.7929188, 22.2914319], [70.7930504, 22.2912656], [70.7931029, 22.2912082], [70.7931322, 22.2911762], [70.7932578, 22.2910682], [70.7934111, 22.2909652], [70.7936051, 22.2908858], [70.7936967, 22.2908492], [70.7938586, 22.2907845], [70.7941782, 22.2906613], [70.7944576, 22.2905645], [70.7946677, 22.2905173], [70.7948501, 22.2905049], [70.7951063, 22.290526], [70.7952923, 22.2905458], [70.795459, 22.2905769], [70.7956249, 22.2906314], [70.7957335, 22.2906778], [70.7958182, 22.2907087], [70.7978086, 22.2914343], [70.7986276, 22.2917321], [70.7987322, 22.2917916], [70.7988055, 22.291868], [70.7988818, 22.2919964]]}}, {"type": "Feature", "properties": {"road_type": "tertiary", "name": "Unnamed road", "major": false}, "geometry": {"type": "LineString", "coordinates": [[70.8089539, 22.3112527], [70.8089165, 22.3113006], [70.8088911, 22.3113589], [70.8088759, 22.3114265], [70.8088394, 22.3116139], [70.8088152, 22.3117164], [70.8087632, 22.3120413], [70.8087438, 22.3121891], [70.8087372, 22.3123158], [70.8087549, 22.3124441], [70.8088066, 22.3126388], [70.8088681, 22.3128631], [70.8088919, 22.3129281], [70.8090042, 22.3132179], [70.8090125, 22.313239], [70.809127, 22.3135281], [70.809239, 22.3138111], [70.8092839, 22.3140934], [70.8092938, 22.3141559], [70.8092895, 22.3143165], [70.8092842, 22.314513], [70.8092593, 22.3146062], [70.8092251, 22.3148929], [70.8092089, 22.3149448], [70.8091546, 22.3151177], [70.809127, 22.3151911], [70.8090838, 22.3152544], [70.8088815, 22.3154769], [70.8086459, 22.3157598], [70.8084929, 22.315987], [70.8082546, 22.3163344], [70.8082082, 22.3163826], [70.8081623, 22.3164301], [70.8080068, 22.3165914], [70.8078115, 22.316744], [70.8075917, 22.3169163], [70.8075001, 22.3170233], [70.8074458, 22.3171303], [70.8074264, 22.3172166], [70.8073862, 22.3174727], [70.8073551, 22.3177181], [70.8073481, 22.3178892], [70.8073459, 22.3179431], [70.8073461, 22.3183425], [70.8073472, 22.318546], [70.8073666, 22.3189931], [70.8073626, 22.319384], [70.807339, 22.3198752], [70.8073209, 22.3199938], [70.8072963, 22.3202431], [70.8072742, 22.3204006], [70.8071849, 22.321239], [70.8071475, 22.32156], [70.8071324, 22.3218571], [70.8071253, 22.3220326], [70.8071299, 22.3225721], [70.8071354, 22.3228531], [70.8071399, 22.3230844], [70.8071767, 22.3236041], [70.8071968, 22.3238067], [70.8072097, 22.3239322], [70.8072732, 22.3248589], [70.8073316, 22.3257288], [70.8073426, 22.325939], [70.8073969, 22.3266491], [70.8074129, 22.3271529], [70.807412, 22.3277143], [70.8073902, 22.3284478], [70.8073864, 22.3285763], [70.8073718, 22.3298493], [70.8073663, 22.3301499], [70.8073761, 22.3307036], [70.8073749, 22.3309271], [70.8073642, 22.3313426], [70.8073448, 22.3315952], [70.8073132, 22.3319488], [70.8073278, 22.3322089], [70.8074123, 22.3328258], [70.8074432, 22.3330629], [70.8074792, 22.3333389], [70.8075121, 22.3337403], [70.8075243, 22.3339153], [70.8075334, 22.3344413], [70.8075368, 22.3345172], [70.8075429, 22.3347674], [70.8075664, 22.3352146], [70.8075851, 22.3357369], [70.8076001, 22.3361561], [70.8076285, 22.3371905], [70.8076509, 22.3377576], [70.8076456, 22.3381306], [70.8076537, 22.3387507], [70.807644, 22.3388472], [70.8075953, 22.3390288]]}}, {"type": "Feature", "properties": {"road_type": "tertiary", "name": "Nyari Dam 1 Road", "major": false}, "geometry": {"type": "LineString", "coordinates": [[70.7258506, 22.2677523], [70.7255356, 22.2661127], [70.7254888, 22.2658138], [70.7254634, 22.2656926], [70.725431, 22.2655517], [70.725345, 22.2652503], [70.725087, 22.2643395], [70.7250521, 22.264228], [70.7250049, 22.2640854], [70.7248609, 22.2636913], [70.7247148, 22.2632914], [70.7242514, 22.2620849], [70.7241567, 22.2618383], [70.7241522, 22.2618263], [70.7236595, 22.26052], [70.7231966, 22.259282]]}}, {"type": "Feature", "properties": {"road_type": "trunk", "name": "150 Foot Ring Road", "major": true}, "geometry": {"type": "LineString", "coordinates": [[70.7700271, 22.2923387], [70.7698185, 22.2929003], [70.7697884, 22.2930974], [70.7697374, 22.2940491]]}}, {"type": "Feature", "properties": {"road_type": "tertiary", "name": "Unnamed road", "major": false}, "geometry": {"type": "LineString", "coordinates": [[70.7670431, 22.2942463], [70.7665186, 22.2943837]]}}, {"type": "Feature", "properties": {"road_type": "trunk", "name": "Raiya Telephone Exchage Circle", "major": true}, "geometry": {"type": "LineString", "coordinates": [[70.7699482, 22.2941637], [70.7699399, 22.2941083], [70.7699063, 22.2940617]]}}, {"type": "Feature", "properties": {"road_type": "trunk", "name": "Raiya Telephone Exchage Circle", "major": true}, "geometry": {"type": "LineString", "coordinates": [[70.7697938, 22.2940289], [70.7697374, 22.2940491]]}}, {"type": "Feature", "properties": {"road_type": "trunk", "name": "Raiya Telephone Exchage Circle", "major": true}, "geometry": {"type": "LineString", "coordinates": [[70.7699063, 22.2940617], [70.7698541, 22.2940334], [70.7697938, 22.2940289]]}}, {"type": "Feature", "properties": {"road_type": "trunk", "name": "Raiya Telephone Exchage Circle", "major": true}, "geometry": {"type": "LineString", "coordinates": [[70.7699013, 22.294249], [70.7699371, 22.2942113], [70.7699482, 22.2941637]]}}, {"type": "Feature", "properties": {"road_type": "trunk", "name": "Raiya Telephone Exchage Circle", "major": true}, "geometry": {"type": "LineString", "coordinates": [[70.769761, 22.2942683], [70.7698105, 22.294278], [70.7698604, 22.2942702], [70.7699013, 22.294249]]}}, {"type": "Feature", "properties": {"road_type": "tertiary", "name": "Unnamed road", "major": false}, "geometry": {"type": "LineString", "coordinates": [[70.7684442, 22.2940508], [70.7680164, 22.2939976], [70.7679246, 22.2940118], [70.7675566, 22.2940685], [70.7674867, 22.2940878], [70.7670431, 22.2942463]]}}, {"type": "Feature", "properties": {"road_type": "tertiary", "name": "Unnamed road", "major": false}, "geometry": {"type": "LineString", "coordinates": [[70.7665186, 22.2943837], [70.7664101, 22.2943921], [70.7662909, 22.2943914]]}}, {"type": "Feature", "properties": {"road_type": "tertiary", "name": "Unnamed road", "major": false}, "geometry": {"type": "LineString", "coordinates": [[70.7662909, 22.2943914], [70.7660333, 22.2944175], [70.7659351, 22.2944276], [70.7658645, 22.2944348], [70.7654856, 22.2945157], [70.7651174, 22.2945943], [70.7647734, 22.2946859], [70.7645187, 22.2947496], [70.7643818, 22.2947965], [70.7634973, 22.2950076], [70.7631561, 22.2951293], [70.7623681, 22.2954781], [70.7622018, 22.2956581], [70.7620224, 22.2957762]]}}, {"type": "Feature", "properties": {"road_type": "tertiary", "name": "Unnamed road", "major": false}, "geometry": {"type": "LineString", "coordinates": [[70.8008144, 22.2054312], [70.8007243, 22.2054328], [70.8006397, 22.2054349], [70.8005269, 22.2054466], [70.8001687, 22.2056544], [70.7998775, 22.2058724], [70.7992083, 22.2065857], [70.7984931, 22.2073159], [70.7981891, 22.2076263], [70.797903, 22.2079184], [70.7963218, 22.2095228], [70.7962582, 22.2096118], [70.7959962, 22.2099783], [70.7959247, 22.2100783], [70.7956532, 22.2106232], [70.7953391, 22.2117268], [70.7952218, 22.2121388], [70.7950482, 22.2127527], [70.7947007, 22.2139813], [70.7941647, 22.2158763], [70.7935622, 22.2181393], [70.7928454, 22.2206504], [70.7924762, 22.2219411], [70.7921498, 22.223105], [70.7921031, 22.2232715], [70.7910876, 22.2268922], [70.791039, 22.2270686], [70.7905836, 22.2287211], [70.7901591, 22.2302617], [70.7895274, 22.2324688], [70.7893592, 22.2330563], [70.7893455, 22.2331041], [70.7891334, 22.2338452], [70.7884934, 22.2360826], [70.788437, 22.2363876], [70.7884134, 22.2366009], [70.7884126, 22.2367156], [70.7884065, 22.2367907], [70.7884105, 22.2370267], [70.7884137, 22.2371284], [70.7884225, 22.2374035], [70.7884448, 22.2376085], [70.7884909, 22.2378453], [70.7887929, 22.2394177], [70.7889988, 22.2404878], [70.7890819, 22.2409195], [70.789155, 22.241318], [70.7891956, 22.2415743]]}}, {"type": "Feature", "properties": {"road_type": "tertiary", "name": "Unnamed road", "major": false}, "geometry": {"type": "LineString", "coordinates": [[70.7930866, 22.2438829], [70.7922247, 22.243925], [70.7917741, 22.2439395], [70.7915298, 22.2439492], [70.7914759, 22.2439508], [70.7912308, 22.2439583], [70.7907627, 22.2439829], [70.7903159, 22.2439878], [70.7902632, 22.2439884], [70.7900578, 22.2439906], [70.7898151, 22.2439962], [70.7896789, 22.2439911], [70.7895561, 22.2439797], [70.7883555, 22.2438084], [70.7882326, 22.2437935], [70.7880021, 22.2437656], [70.7877154, 22.2437309], [70.7876591, 22.2437412], [70.787604, 22.2437895], [70.7872553, 22.2443118], [70.7872184, 22.2443671], [70.7869388, 22.2448102], [70.7864675, 22.2455121], [70.7862886, 22.2457846], [70.7862388, 22.2458547], [70.786083, 22.2461911], [70.7859184, 22.2465964], [70.7856774, 22.2472617], [70.7856655, 22.2472945], [70.7856466, 22.2473466], [70.7855574, 22.2474896], [70.7850983, 22.2482026], [70.7850035, 22.2483526], [70.7849395, 22.2484735], [70.784875, 22.2485959], [70.7848356, 22.2486916], [70.7847696, 22.2489537], [70.7847437, 22.249068], [70.7847062, 22.2491972], [70.7846562, 22.2493136], [70.7845945, 22.2494371], [70.7845657, 22.2494898], [70.7845103, 22.2495839], [70.7843599, 22.2497912], [70.7842885, 22.2499118], [70.7842541, 22.2499698], [70.7841483, 22.2501935], [70.7838518, 22.2510708], [70.7837809, 22.2512277], [70.783703, 22.2513523], [70.7836378, 22.2514277], [70.7835375, 22.2515335], [70.7832739, 22.2517346], [70.7831006, 22.2518859]]}}, {"type": "Feature", "properties": {"road_type": "tertiary", "name": "Unnamed road", "major": false}, "geometry": {"type": "LineString", "coordinates": [[70.7696806, 22.361399], [70.7697269, 22.3616494], [70.7698768, 22.3624609], [70.7699407, 22.3628064], [70.7699657, 22.3629211], [70.770039, 22.3632493]]}}, {"type": "Feature", "properties": {"road_type": "tertiary", "name": "Unnamed road", "major": false}, "geometry": {"type": "LineString", "coordinates": [[70.7654299, 22.378276], [70.7651898, 22.3803791]]}}, {"type": "Feature", "properties": {"road_type": "tertiary", "name": "Unnamed road", "major": false}, "geometry": {"type": "LineString", "coordinates": [[70.732513, 22.3614389], [70.7328225, 22.3628204], [70.7328528, 22.3629219], [70.7329065, 22.3630493], [70.7333525, 22.3641484], [70.7335572, 22.3647382], [70.7335806, 22.3648055], [70.7336172, 22.364937], [70.7336456, 22.3649803], [70.7336863, 22.3650254], [70.733857, 22.3652096], [70.7339099, 22.365281], [70.7339465, 22.3653581], [70.7339952, 22.3655217], [70.7339952, 22.3656326], [70.7339709, 22.3657322], [70.7339099, 22.3658939], [70.7337533, 22.3662247], [70.7337371, 22.3662962], [70.7337391, 22.3663864], [70.7337676, 22.3664992], [70.7338286, 22.366721], [70.7338777, 22.3670631], [70.7339134, 22.3673117], [70.7339363, 22.367471], [70.7340379, 22.3683339], [70.7341161, 22.3689114], [70.7341629, 22.3692564], [70.7341762, 22.3693546], [70.7343103, 22.3704286], [70.734342, 22.3707216], [70.7344229, 22.3714692], [70.7345117, 22.3720498], [70.7345514, 22.3723092], [70.7346871, 22.3730011], [70.7348553, 22.3742544], [70.7350001, 22.3752858], [70.7350012, 22.3754086], [70.734989, 22.3754932], [70.73493, 22.3756135], [70.7348467, 22.3757131], [70.7346983, 22.3758315], [70.7341614, 22.3761222], [70.7337958, 22.3763202], [70.7324671, 22.3770279], [70.732001, 22.3772507], [70.7308755, 22.3777948], [70.7308233, 22.3778281], [70.7307891, 22.3778618], [70.7307004, 22.3779654], [70.730656, 22.3780367]]}}, {"type": "Feature", "properties": {"road_type": "tertiary", "name": "Unnamed road", "major": false}, "geometry": {"type": "LineString", "coordinates": [[70.730656, 22.3780367], [70.7304015, 22.378462]]}}, {"type": "Feature", "properties": {"road_type": "tertiary", "name": "Unnamed road", "major": false}, "geometry": {"type": "LineString", "coordinates": [[70.7304015, 22.378462], [70.7300956, 22.3788744], [70.7296286, 22.3795891], [70.7289141, 22.380619], [70.7280105, 22.3819987], [70.7271263, 22.3833859], [70.7267928, 22.3838928], [70.7266891, 22.384077], [70.7266383, 22.3842123], [70.7265733, 22.3845525], [70.7265062, 22.3847912], [70.7262074, 22.3859133], [70.726059, 22.3862685], [70.7259228, 22.3865354], [70.7257744, 22.3867741], [70.725252, 22.3874808], [70.7246462, 22.3883492], [70.7240141, 22.3892758], [70.7233586, 22.3901961], [70.7226324, 22.3912129], [70.722072, 22.3918844], [70.7218432, 22.3922125], [70.7216891, 22.3924932], [70.7212384, 22.3934302], [70.7209855, 22.3939647]]}}, {"type": "Feature", "properties": {"road_type": "tertiary", "name": "Unnamed road", "major": false}, "geometry": {"type": "LineString", "coordinates": [[70.9021455, 22.3661473], [70.9008411, 22.3657041], [70.9006454, 22.3656266], [70.9003611, 22.3654703], [70.9000714, 22.3653116], [70.8988912, 22.3647312], [70.8980919, 22.3643033], [70.8975908, 22.3639875], [70.8972066, 22.3637507]]}}, {"type": "Feature", "properties": {"road_type": "tertiary", "name": "Unnamed road", "major": false}, "geometry": {"type": "LineString", "coordinates": [[70.9022781, 22.3661932], [70.9021455, 22.3661473]]}}, {"type": "Feature", "properties": {"road_type": "tertiary", "name": "Unnamed road", "major": false}, "geometry": {"type": "LineString", "coordinates": [[70.9102727, 22.3696092], [70.9101824, 22.3695588]]}}, {"type": "Feature", "properties": {"road_type": "tertiary", "name": "Unnamed road", "major": false}, "geometry": {"type": "LineString", "coordinates": [[70.9101824, 22.3695588], [70.9100921, 22.3695084], [70.9096844, 22.3693199], [70.9091104, 22.3690694], [70.9089387, 22.3689838], [70.9087671, 22.3688685], [70.9083648, 22.3685758], [70.9082984, 22.3685198], [70.907485, 22.367833], [70.9073912, 22.3677759], [70.9073166, 22.367749], [70.9072745, 22.3677407], [70.9071846, 22.3677325], [70.9063424, 22.3677138], [70.9061815, 22.3677014], [70.906089, 22.3676908], [70.9060152, 22.3676729], [70.9056289, 22.3675343], [70.9046955, 22.3671421], [70.903966, 22.3667998], [70.9036012, 22.3666508], [70.9032576, 22.3665346], [70.9022781, 22.3661932]]}}, {"type": "Feature", "properties": {"road_type": "trunk", "name": "Unnamed road", "major": true}, "geometry": {"type": "LineString", "coordinates": [[70.9250585, 22.3462029], [70.9238502, 22.3455541], [70.9231242, 22.3451566], [70.9224538, 22.3447369], [70.9215301, 22.3442011], [70.9209702, 22.3439955], [70.9197094, 22.34368], [70.9180249, 22.3432619], [70.9144374, 22.342351], [70.913173, 22.3420281], [70.9116054, 22.3416357], [70.9105602, 22.3414059], [70.9096259, 22.3412657], [70.9074353, 22.3410364], [70.9067072, 22.3409696], [70.9060189, 22.3408933], [70.9055501, 22.3407958], [70.9034833, 22.3401784], [70.9028182, 22.3399061]]}}, {"type": "Feature", "properties": {"road_type": "tertiary", "name": "Unnamed road", "major": false}, "geometry": {"type": "LineString", "coordinates": [[70.9183678, 22.3750084], [70.9182922, 22.3749893], [70.9182283, 22.3749593], [70.9177092, 22.3745358], [70.9167762, 22.3737746], [70.9163658, 22.3734274], [70.9161729, 22.3733159], [70.9159938, 22.3732242], [70.9156497, 22.3730702], [70.9155208, 22.3730245], [70.9148584, 22.3727899], [70.9144182, 22.3726108], [70.9138718, 22.3723345], [70.9134639, 22.372088], [70.9132786, 22.3719491], [70.9130158, 22.3717085], [70.9121208, 22.3709612], [70.9117202, 22.370642], [70.9108826, 22.3700073], [70.9106863, 22.3698723], [70.9104891, 22.3697366], [70.9102727, 22.3696092]]}}, {"type": "Feature", "properties": {"road_type": "tertiary", "name": "Unnamed road", "major": false}, "geometry": {"type": "LineString", "coordinates": [[70.9185549, 22.3750195], [70.9183678, 22.3750084]]}}, {"type": "Feature", "properties": {"road_type": "primary", "name": "Rajkot - Morbi Highway", "major": true}, "geometry": {"type": "LineString", "coordinates": [[70.8001695, 22.3817769], [70.8005894, 22.3805406], [70.8006734, 22.3802622], [70.800733, 22.3800289], [70.8007593, 22.3798206], [70.8007705, 22.3795247], [70.8007519, 22.379361], [70.8007356, 22.3792181], [70.8006926, 22.3789499], [70.8005701, 22.3781855]]}}, {"type": "Feature", "properties": {"road_type": "primary", "name": "Rajkot - Morbi Highway", "major": true}, "geometry": {"type": "LineString", "coordinates": [[70.8004568, 22.3776804], [70.8004271, 22.3775674], [70.80022, 22.3770572], [70.7997681, 22.3761944]]}}, {"type": "Feature", "properties": {"road_type": "primary", "name": "Rajkot - Morbi Highway", "major": true}, "geometry": {"type": "LineString", "coordinates": [[70.8005701, 22.3781855], [70.8004568, 22.3776804]]}}, {"type": "Feature", "properties": {"road_type": "primary", "name": "Rajkot - Morbi Highway", "major": true}, "geometry": {"type": "LineString", "coordinates": [[70.7996798, 22.3760258], [70.799646, 22.3759612], [70.7996087, 22.37589], [70.7993939, 22.3754217], [70.7993083, 22.3752309], [70.7992164, 22.3749502], [70.7991903, 22.3748102], [70.7991881, 22.3747756], [70.7991646, 22.3744134], [70.7991818, 22.3740483], [70.7992051, 22.3737732], [70.799267, 22.3731811], [70.7992742, 22.3731216]]}}, {"type": "Feature", "properties": {"road_type": "primary", "name": "Unnamed road", "major": true}, "geometry": {"type": "LineString", "coordinates": [[70.7997681, 22.3761944], [70.7996798, 22.3760258]]}}, {"type": "Feature", "properties": {"road_type": "primary", "name": "Rajkot - Morbi Highway", "major": true}, "geometry": {"type": "LineString", "coordinates": [[70.8010056, 22.3635653], [70.8005683, 22.3647632], [70.8001809, 22.3658245], [70.7998781, 22.3666787], [70.799773, 22.3670909], [70.7997209, 22.3674069], [70.7996864, 22.3677505], [70.7996249, 22.3684906], [70.7994113, 22.3710635], [70.799233, 22.3730013], [70.7992742, 22.3731216]]}}, {"type": "Feature", "properties": {"road_type": "primary", "name": "Unnamed road", "major": true}, "geometry": {"type": "LineString", "coordinates": [[70.8037902, 22.354511], [70.8037186, 22.3546951]]}}, {"type": "Feature", "properties": {"road_type": "primary", "name": "Rajkot - Morbi Highway", "major": true}, "geometry": {"type": "LineString", "coordinates": [[70.8079159, 22.3472937], [70.8079598, 22.3471967], [70.8080762, 22.3469109], [70.8081769, 22.346668], [70.808187, 22.3466269], [70.808212, 22.3465258], [70.8082517, 22.3463217], [70.808253, 22.3462227], [70.8082463, 22.3458523], [70.8081924, 22.3455153], [70.8081606, 22.3454443], [70.8080868, 22.3450836], [70.8079694, 22.3447345]]}}, {"type": "Feature", "properties": {"road_type": "primary", "name": "Rajkot - Morbi Highway", "major": true}, "geometry": {"type": "LineString", "coordinates": [[70.8037186, 22.3546951], [70.8036975, 22.3547494], [70.8032903, 22.3559202], [70.8029747, 22.3570975], [70.8025343, 22.3587402], [70.8023489, 22.3593786], [70.8020466, 22.360466], [70.8018505, 22.3611904], [70.8017897, 22.3613918], [70.8016607, 22.361751], [70.801085, 22.3633541]]}}, {"type": "Feature", "properties": {"road_type": "primary", "name": "Unnamed road", "major": true}, "geometry": {"type": "LineString", "coordinates": [[70.801085, 22.3633541], [70.8010056, 22.3635653]]}}, {"type": "Feature", "properties": {"road_type": "tertiary", "name": "Unnamed road", "major": false}, "geometry": {"type": "LineString", "coordinates": [[70.877093, 22.3800682], [70.8766745, 22.3785937]]}}, {"type": "Feature", "properties": {"road_type": "tertiary", "name": "Unnamed road", "major": false}, "geometry": {"type": "LineString", "coordinates": [[70.8766745, 22.3785937], [70.8766409, 22.378466]]}}, {"type": "Feature", "properties": {"road_type": "tertiary", "name": "Unnamed road", "major": false}, "geometry": {"type": "LineString", "coordinates": [[70.8766409, 22.378466], [70.8762702, 22.3769849], [70.8761192, 22.3762995], [70.8759023, 22.3752564], [70.8758271, 22.3748983], [70.8753251, 22.3726385], [70.875269, 22.3723489], [70.8752486, 22.3721296], [70.8752384, 22.3718129], [70.8752373, 22.3712399], [70.8752543, 22.3710382], [70.8752538, 22.3705675], [70.8752356, 22.3704501], [70.8752099, 22.3703681], [70.8751719, 22.3702989], [70.8750642, 22.3701888], [70.8747691, 22.3699576], [70.8739023, 22.3693126], [70.8731587, 22.3687303], [70.8728468, 22.3684575], [70.8714895, 22.3672222], [70.8711835, 22.3669255], [70.8708278, 22.3665806], [70.8701932, 22.3660361], [70.8698294, 22.3657003], [70.86954, 22.3653923], [70.8690264, 22.3648353], [70.8685611, 22.3643084], [70.8682761, 22.3639554], [70.8676504, 22.3631614], [70.866679, 22.3619148], [70.8662952, 22.3614251], [70.8657051, 22.3607351], [70.8655737, 22.360608], [70.8652464, 22.3602914], [70.8643893, 22.359454], [70.8635689, 22.3586861], [70.863043, 22.3582373]]}}, {"type": "Feature", "properties": {"road_type": "primary", "name": "Rajkot - Morbi Highway", "major": true}, "geometry": {"type": "LineString", "coordinates": [[70.7992742, 22.3731216], [70.7993297, 22.3730124], [70.7993474, 22.3728622], [70.799382, 22.3725015], [70.799508, 22.3710804], [70.7995129, 22.3710241], [70.7995527, 22.370571], [70.7996422, 22.3694977], [70.7997372, 22.3684973], [70.7997438, 22.3684281], [70.7997967, 22.3677836], [70.7998231, 22.3674618], [70.7998739, 22.367116], [70.7999796, 22.3667193], [70.8000955, 22.3663866], [70.8001641, 22.3661984], [70.8005203, 22.3652211], [70.8009736, 22.3639898], [70.8011093, 22.3636155], [70.8011182, 22.3635911]]}}, {"type": "Feature", "properties": {"road_type": "primary", "name": "Rajkot - Morbi Highway", "major": true}, "geometry": {"type": "LineString", "coordinates": [[70.8038873, 22.3545371], [70.8039455, 22.3543871], [70.8039599, 22.354355], [70.804285, 22.3535111], [70.8044557, 22.3530899], [70.804596, 22.3528286], [70.8046546, 22.3527175], [70.8051578, 22.3518921], [70.8054712, 22.3513782], [70.8056027, 22.3511625], [70.805825, 22.3508005], [70.8064879, 22.3497212], [70.8069698, 22.3489418], [70.8073462, 22.3483344], [70.8074247, 22.3482015], [70.8078783, 22.3474337], [70.8078865, 22.3474125], [70.807904, 22.3473606], [70.8079159, 22.3472937]]}}, {"type": "Feature", "properties": {"road_type": "primary", "name": "Unnamed road", "major": true}, "geometry": {"type": "LineString", "coordinates": [[70.8038109, 22.3547335], [70.8038873, 22.3545371]]}}, {"type": "Feature", "properties": {"road_type": "primary", "name": "Rajkot - Morbi Highway", "major": true}, "geometry": {"type": "LineString", "coordinates": [[70.80119, 22.3633961], [70.8013354, 22.3629972], [70.8017766, 22.3617753], [70.801929, 22.3613655], [70.8020018, 22.3611195], [70.8021648, 22.3604951], [70.8024535, 22.3594066], [70.8027787, 22.3582129], [70.8030795, 22.3571206], [70.8033845, 22.3559832], [70.8035328, 22.3554493], [70.8038109, 22.3547335]]}}, {"type": "Feature", "properties": {"road_type": "primary", "name": "Unnamed road", "major": true}, "geometry": {"type": "LineString", "coordinates": [[70.8011182, 22.3635911], [70.80119, 22.3633961]]}}, {"type": "Feature", "properties": {"road_type": "tertiary", "name": "Unnamed road", "major": false}, "geometry": {"type": "LineString", "coordinates": [[70.8608236, 22.3528499], [70.8608578, 22.3525498]]}}, {"type": "Feature", "properties": {"road_type": "tertiary", "name": "Unnamed road", "major": false}, "geometry": {"type": "LineString", "coordinates": [[70.8768399, 22.3579188], [70.8767403, 22.3578671], [70.876576, 22.3577817], [70.8764644, 22.3577346], [70.8762759, 22.3576551], [70.8757451, 22.3574955], [70.8756915, 22.3574645], [70.8756458, 22.3574273], [70.8755979, 22.3573634], [70.8755707, 22.3573272], [70.8754262, 22.3571486], [70.875353, 22.3570828]]}}, {"type": "Feature", "properties": {"road_type": "tertiary", "name": "Unnamed road", "major": false}, "geometry": {"type": "LineString", "coordinates": [[70.8774092, 22.3582721], [70.8768399, 22.3579188]]}}, {"type": "Feature", "properties": {"road_type": "tertiary", "name": "Unnamed road", "major": false}, "geometry": {"type": "LineString", "coordinates": [[70.8752395, 22.3569657], [70.8751977, 22.3569055], [70.8751783, 22.3568776], [70.8751295, 22.3567895], [70.8750607, 22.3566338], [70.8750062, 22.3564308], [70.8749919, 22.3563859], [70.8749605, 22.3563349], [70.8749359, 22.356304], [70.8744175, 22.3558313], [70.8738511, 22.3553115], [70.8734626, 22.3549641], [70.8731742, 22.3546998], [70.8729007, 22.3544332], [70.8721044, 22.3537971], [70.8720017, 22.3537119], [70.8714627, 22.3533036], [70.870923, 22.3528465], [70.8704155, 22.3523903], [70.8701372, 22.3521392], [70.8696766, 22.3517471], [70.8694382, 22.3515265], [70.8693097, 22.3513624], [70.8692286, 22.351185], [70.869177, 22.3510306], [70.8691541, 22.3508204], [70.8691616, 22.3506365], [70.8691938, 22.3503586]]}}, {"type": "Feature", "properties": {"road_type": "tertiary", "name": "Unnamed road", "major": false}, "geometry": {"type": "LineString", "coordinates": [[70.875353, 22.3570828], [70.8752395, 22.3569657]]}}, {"type": "Feature", "properties": {"road_type": "tertiary", "name": "Unnamed road", "major": false}, "geometry": {"type": "LineString", "coordinates": [[70.770039, 22.3632493], [70.7700686, 22.3633853]]}}, {"type": "Feature", "properties": {"road_type": "tertiary", "name": "Unnamed road", "major": false}, "geometry": {"type": "LineString", "coordinates": [[70.7700686, 22.3633853], [70.7700936, 22.3635084], [70.7703135, 22.3642426], [70.7703296, 22.3643036], [70.7704396, 22.3647213], [70.7704503, 22.3648156], [70.7704571, 22.3649579], [70.7703993, 22.3654208], [70.7703216, 22.3662716], [70.7702813, 22.3664998], [70.7699863, 22.367487], [70.7699741, 22.367537], [70.769794, 22.3682728], [70.7696212, 22.3687484], [70.7695744, 22.3688424], [70.7694891, 22.3689589], [70.7688955, 22.3696977], [70.768741, 22.3698255], [70.7683426, 22.3701], [70.7674746, 22.370677], [70.7663892, 22.3713932], [70.7657932, 22.3717911], [70.7656391, 22.3720305], [70.7655883, 22.3721489], [70.765574, 22.3722297], [70.7655151, 22.372944], [70.7654948, 22.3734948], [70.765486, 22.3737219], [70.7655008, 22.3737974], [70.7655212, 22.3738557], [70.7655598, 22.3739008], [70.7656248, 22.3739309], [70.7658525, 22.3739854], [70.7658911, 22.3740136], [70.7659094, 22.3740624], [70.7659033, 22.3741658], [70.7657854, 22.3751677], [70.7656105, 22.3767301], [70.7654299, 22.378276]]}}, {"type": "Feature", "properties": {"road_type": "tertiary", "name": "Unnamed road", "major": false}, "geometry": {"type": "LineString", "coordinates": [[70.8825265, 22.3597577], [70.882401, 22.3597187]]}}, {"type": "Feature", "properties": {"road_type": "tertiary", "name": "Unnamed road", "major": false}, "geometry": {"type": "LineString", "coordinates": [[70.882401, 22.3597187], [70.8811966, 22.3594214], [70.8804745, 22.3592393], [70.8795319, 22.3589822], [70.8793755, 22.3589416], [70.8788235, 22.3588402], [70.878498, 22.3587799], [70.8782322, 22.3586923], [70.8779132, 22.3585477], [70.8776262, 22.3584034], [70.8774092, 22.3582721]]}}, {"type": "Feature", "properties": {"road_type": "tertiary", "name": "Unnamed road", "major": false}, "geometry": {"type": "LineString", "coordinates": [[70.8836068, 22.3601278], [70.883451, 22.3600624], [70.8828162, 22.3598333], [70.8825265, 22.3597577]]}}, {"type": "Feature", "properties": {"road_type": "tertiary", "name": "Unnamed road", "major": false}, "geometry": {"type": "LineString", "coordinates": [[70.8837572, 22.3601911], [70.8836068, 22.3601278]]}}, {"type": "Feature", "properties": {"road_type": "tertiary", "name": "Unnamed road", "major": false}, "geometry": {"type": "LineString", "coordinates": [[70.8941802, 22.3642352], [70.8930065, 22.364994], [70.892873, 22.3650598], [70.892753, 22.3650883], [70.892572, 22.3651094], [70.8921495, 22.3651652], [70.8918658, 22.3651925], [70.89173, 22.3651953], [70.8916105, 22.3651743], [70.8914776, 22.365133], [70.8913857, 22.3650784], [70.8913019, 22.3650114], [70.8912281, 22.3649358], [70.8911772, 22.3648452], [70.8911021, 22.3646356], [70.8909948, 22.3643789], [70.8909599, 22.3643212], [70.890917, 22.3642722], [70.8908593, 22.3642437], [70.8907802, 22.3642301], [70.8906491, 22.3642413], [70.89016, 22.3642971], [70.8896453, 22.3643566]]}}, {"type": "Feature", "properties": {"road_type": "tertiary", "name": "Unnamed road", "major": false}, "geometry": {"type": "LineString", "coordinates": [[70.8943105, 22.3641509], [70.8941802, 22.3642352]]}}, {"type": "Feature", "properties": {"road_type": "tertiary", "name": "Unnamed road", "major": false}, "geometry": {"type": "LineString", "coordinates": [[70.8972066, 22.3637507], [70.8971103, 22.3636881]]}}, {"type": "Feature", "properties": {"road_type": "tertiary", "name": "Unnamed road", "major": false}, "geometry": {"type": "LineString", "coordinates": [[70.8971103, 22.3636881], [70.8969278, 22.3635951], [70.8968433, 22.3635629], [70.8967213, 22.3635381], [70.896548, 22.3635348], [70.8963747, 22.363544], [70.8958556, 22.3635678], [70.8954505, 22.3635972], [70.8952799, 22.3636121], [70.8951393, 22.363646], [70.8950059, 22.3637055], [70.8948647, 22.3637793], [70.8944453, 22.3640605], [70.8943105, 22.3641509]]}}, {"type": "Feature", "properties": {"road_type": "tertiary", "name": "Unnamed road", "major": false}, "geometry": {"type": "LineString", "coordinates": [[70.8875455, 22.3637443], [70.8874634, 22.3636558]]}}, {"type": "Feature", "properties": {"road_type": "tertiary", "name": "Unnamed road", "major": false}, "geometry": {"type": "LineString", "coordinates": [[70.8874634, 22.3636558], [70.8868642, 22.3630097], [70.8866925, 22.3627716], [70.8865423, 22.3625334], [70.8863036, 22.3621428], [70.8861024, 22.3618464], [70.8860166, 22.3617347], [70.8859224, 22.3616413], [70.8856411, 22.3614222], [70.8852656, 22.3611146], [70.8847543, 22.3607044], [70.8846625, 22.360647], [70.8844913, 22.36054], [70.8841605, 22.3603605], [70.8837572, 22.3601911]]}}, {"type": "Feature", "properties": {"road_type": "tertiary", "name": "Unnamed road", "major": false}, "geometry": {"type": "LineString", "coordinates": [[70.8895085, 22.3643823], [70.8894063, 22.3644155], [70.889293, 22.3644744], [70.8890981, 22.3645888], [70.8888557, 22.3647013], [70.8886962, 22.3647423], [70.8885875, 22.3647485], [70.8885306, 22.3647446], [70.8884857, 22.364732], [70.888436, 22.36471], [70.888377, 22.3646666], [70.8882158, 22.3644773], [70.8879805, 22.3642134], [70.8875455, 22.3637443]]}}, {"type": "Feature", "properties": {"road_type": "tertiary", "name": "Unnamed road", "major": false}, "geometry": {"type": "LineString", "coordinates": [[70.8896453, 22.3643566], [70.8895085, 22.3643823]]}}, {"type": "Feature", "properties": {"road_type": "secondary", "name": "Unnamed road", "major": true}, "geometry": {"type": "LineString", "coordinates": [[70.8494205, 22.2954777], [70.8494846, 22.2955267]]}}, {"type": "Feature", "properties": {"road_type": "secondary", "name": "Unnamed road", "major": true}, "geometry": {"type": "LineString", "coordinates": [[70.8494846, 22.2955267], [70.8496072, 22.2956355], [70.8496812, 22.295691], [70.8497359, 22.2957195], [70.8497938, 22.2957419], [70.8504729, 22.2958762], [70.8511184, 22.2960124], [70.8515143, 22.2961057], [70.8516754, 22.2961395], [70.8517942, 22.2961544], [70.8519034, 22.2961562], [70.8520213, 22.296145], [70.8520922, 22.2961358], [70.8522092, 22.2961207], [70.8525576, 22.2960479], [70.8527583, 22.2959919], [70.8530514, 22.2958986], [70.8533482, 22.2957809], [70.8536998, 22.295656], [70.8539262, 22.2955616], [70.8540483, 22.2955107], [70.8543212, 22.2954174], [70.8546495, 22.2952942], [70.8549012, 22.2952021], [70.8551072, 22.2951209], [70.8556893, 22.2949117], [70.8563225, 22.2946695], [70.8570485, 22.2944117], [70.8574923, 22.2942399], [70.8580705, 22.2940019], [70.8583712, 22.2938851], [70.8587661, 22.2937317], [70.859553, 22.2934245], [70.8596385, 22.2933915], [70.8597443, 22.2933638], [70.8598349, 22.2933531], [70.8599635, 22.2933613], [70.8600717, 22.2933874], [70.8601588, 22.2934187], [70.860208, 22.2934471], [70.860249, 22.2934881], [70.8602822, 22.2935379], [70.8603552, 22.2937282], [70.8604309, 22.2939977], [70.860522, 22.294345], [70.8605547, 22.2944575], [70.8606082, 22.2945933], [70.8606656, 22.2947053], [70.8607122, 22.2947759], [70.8607757, 22.2948441], [70.8608662, 22.2949379], [70.8610096, 22.2950503], [70.8612962, 22.2952439], [70.8615729, 22.2954095], [70.8617288, 22.2954778], [70.8619272, 22.2955573], [70.8621637, 22.2956449], [70.8623192, 22.2957014], [70.8624362, 22.2957341], [70.8625705, 22.2957639], [70.8627179, 22.29579], [70.8629055, 22.2958183], [70.8630407, 22.2958386], [70.8632433, 22.2958721], [70.8635127, 22.295934], [70.8637033, 22.2959864], [70.8637982, 22.2960154], [70.8638802, 22.2960624], [70.8639448, 22.2961258], [70.8640135, 22.2962124], [70.8643183, 22.2967279], [70.8645461, 22.2971598], [70.8645833, 22.29724], [70.8646198, 22.2973268], [70.864651, 22.2974142], [70.8646684, 22.2975108], [70.86469, 22.2976666], [70.864801, 22.2988463], [70.8648764, 22.2995646], [70.8649106, 22.299861], [70.8649697, 22.3003533], [70.8649986, 22.300533], [70.8650327, 22.3006858], [70.8651061, 22.3009626], [70.8652313, 22.3013381], [70.865305, 22.3015078], [70.8653796, 22.3016655], [70.8654621, 22.3018134], [70.8655414, 22.3019346], [70.8656375, 22.3020384], [70.8658076, 22.3022047], [70.8660278, 22.3024037], [70.8660704, 22.3024498], [70.8660962, 22.3024865], [70.8661125, 22.3025253], [70.8661178, 22.3025716], [70.8661182, 22.302669], [70.8661195, 22.3029274], [70.8661242, 22.30299], [70.866139, 22.3030686], [70.8661701, 22.3031389], [70.8662109, 22.3031923], [70.8662841, 22.303246], [70.8663546, 22.3032757], [70.8664033, 22.3032886], [70.8664742, 22.3033074], [70.8666905, 22.3033394], [70.8670492, 22.3033916], [70.8675481, 22.303442], [70.867653, 22.3034386], [70.867739, 22.3034257], [70.8678031, 22.3033908], [70.8678608, 22.3033316], [70.8680145, 22.3030791], [70.8680734, 22.3029991], [70.8681298, 22.3029466], [70.8682099, 22.3028985], [70.8683152, 22.3028674], [70.8684194, 22.3028772], [70.8686903, 22.3029319], [70.8690748, 22.3030316], [70.8691727, 22.3030599], [70.8697177, 22.3032179], [70.8702234, 22.3033635], [70.8703998, 22.3034061], [70.8705472, 22.3034212], [70.8707019, 22.3034275], [70.8710865, 22.3033977], [70.8715085, 22.3033901], [70.8723122, 22.3034176], [70.8726573, 22.303408], [70.8727075, 22.3034054], [70.8729859, 22.3033909], [70.8749586, 22.3033278], [70.8752998, 22.3033132], [70.8765544, 22.3032217], [70.8767042, 22.3032132], [70.8777281, 22.3031552], [70.8779489, 22.3031431], [70.8781688, 22.3031211], [70.8783401, 22.3030882], [70.878618, 22.3030285], [70.8791348, 22.3028878], [70.8793586, 22.3028373], [70.8795126, 22.3028067], [70.8796231, 22.3027944], [70.8797591, 22.3027889], [70.8798782, 22.3027975], [70.8800055, 22.3028146], [70.8801328, 22.3028316], [70.8806687, 22.3029541], [70.8810102, 22.3030268], [70.8811377, 22.3030485], [70.8812616, 22.3030541], [70.8818448, 22.3030157], [70.8825422, 22.3029541], [70.88393, 22.3027831], [70.8846108, 22.30272], [70.8849854, 22.3027018], [70.8855081, 22.3026763], [70.8858367, 22.3026879], [70.8862886, 22.3027142], [70.8868842, 22.302764], [70.8873621, 22.3027967], [70.8875298, 22.3028082], [70.8880193, 22.3028462], [70.8884505, 22.3028572], [70.8890163, 22.3028413], [70.8896196, 22.3028073]]}}, {"type": "Feature", "properties": {"road_type": "secondary", "name": "Unnamed road", "major": true}, "geometry": {"type": "LineString", "coordinates": [[70.8389729, 22.2999458], [70.8388946, 22.300063], [70.838861, 22.3001073], [70.8387967, 22.3001926], [70.8387011, 22.3003054], [70.8385873, 22.300375], [70.8384714, 22.3004126], [70.8383657, 22.3004239], [70.8378779, 22.3004296], [70.8377402, 22.300429], [70.8374144, 22.3004277], [70.8371908, 22.3004164], [70.8371156, 22.3003875], [70.8370932, 22.3003562], [70.8370567, 22.300281], [70.8368391, 22.2996679], [70.8367761, 22.2995569], [70.8366948, 22.2994497], [70.8365903, 22.2993592], [70.836558, 22.2993386], [70.8365178, 22.2993129], [70.8363804, 22.2992346], [70.8363248, 22.2992048], [70.8359877, 22.2990653], [70.8359305, 22.2990416], [70.8358858, 22.2990202], [70.8357284, 22.2989447], [70.8355728, 22.2988836], [70.8353979, 22.2988046], [70.8353642, 22.2987861], [70.8346418, 22.298389], [70.8345768, 22.298351], [70.8338105, 22.2979033], [70.8334657, 22.2977039]]}}, {"type": "Feature", "properties": {"road_type": "tertiary", "name": "Unnamed road", "major": false}, "geometry": {"type": "LineString", "coordinates": [[70.8872741, 22.3216189], [70.8869408, 22.3218038], [70.8869088, 22.3218227], [70.8863258, 22.3222134], [70.8859461, 22.3224793], [70.8852015, 22.3229481], [70.8849352, 22.3231157], [70.8844484, 22.3234649]]}}, {"type": "Feature", "properties": {"road_type": "tertiary", "name": "Unnamed road", "major": false}, "geometry": {"type": "LineString", "coordinates": [[70.8873633, 22.321574], [70.8872741, 22.3216189]]}}, {"type": "Feature", "properties": {"road_type": "tertiary", "name": "Unnamed road", "major": false}, "geometry": {"type": "LineString", "coordinates": [[70.8843931, 22.3235109], [70.8835962, 22.3241796], [70.8833731, 22.3244178], [70.8830813, 22.3248148], [70.8824212, 22.3259007]]}}, {"type": "Feature", "properties": {"road_type": "tertiary", "name": "Unnamed road", "major": false}, "geometry": {"type": "LineString", "coordinates": [[70.8844484, 22.3234649], [70.8843931, 22.3235109]]}}, {"type": "Feature", "properties": {"road_type": "tertiary", "name": "Unnamed road", "major": false}, "geometry": {"type": "LineString", "coordinates": [[70.8823527, 22.3260217], [70.8820955, 22.3264762], [70.8808773, 22.3286295], [70.8808395, 22.3286948]]}}, {"type": "Feature", "properties": {"road_type": "tertiary", "name": "Unnamed road", "major": false}, "geometry": {"type": "LineString", "coordinates": [[70.8824212, 22.3259007], [70.8823527, 22.3260217]]}}, {"type": "Feature", "properties": {"road_type": "tertiary", "name": "Unnamed road", "major": false}, "geometry": {"type": "LineString", "coordinates": [[70.8319902, 22.3009259], [70.8318299, 22.3013444], [70.8318166, 22.3013749]]}}, {"type": "Feature", "properties": {"road_type": "tertiary", "name": "Unnamed road", "major": false}, "geometry": {"type": "LineString", "coordinates": [[70.8330284, 22.2996095], [70.83268, 22.2996504], [70.832557, 22.2996657]]}}, {"type": "Feature", "properties": {"road_type": "primary", "name": "Ring Road -2", "major": true}, "geometry": {"type": "LineString", "coordinates": [[70.727537, 22.3020941], [70.7275521, 22.3026767]]}}, {"type": "Feature", "properties": {"road_type": "tertiary", "name": "Unnamed road", "major": false}, "geometry": {"type": "LineString", "coordinates": [[70.7432762, 22.3170128], [70.74324, 22.3167755], [70.743228, 22.3166723], [70.7432129, 22.316566], [70.7430279, 22.3152234], [70.7430131, 22.3150851], [70.7430008, 22.3149947], [70.7429758, 22.3148201], [70.7428734, 22.314012], [70.7427545, 22.3132517], [70.7427117, 22.3129431], [70.7426801, 22.3127153], [70.74266, 22.3125532], [70.7426294, 22.3123061], [70.7426153, 22.3121922], [70.7425897, 22.3120281], [70.7425766, 22.3119444], [70.7424937, 22.3113685], [70.7424052, 22.310752], [70.7423286, 22.3101466], [70.7422726, 22.3097439], [70.7422635, 22.3096781], [70.7422373, 22.3094897], [70.7421949, 22.3091546], [70.7421602, 22.3088571], [70.742075, 22.30832], [70.7420242, 22.308117], [70.7419556, 22.3079514]]}}, {"type": "Feature", "properties": {"road_type": "primary", "name": "Unnamed road", "major": true}, "geometry": {"type": "LineString", "coordinates": [[70.9081671, 22.2315799], [70.9079874, 22.2318307]]}}, {"type": "Feature", "properties": {"road_type": "primary", "name": "Unnamed road", "major": true}, "geometry": {"type": "LineString", "coordinates": [[70.9144667, 22.2257988], [70.913964, 22.2259814], [70.9136272, 22.2261037], [70.9135902, 22.2261168], [70.9129544, 22.2263408], [70.9125763, 22.2264727], [70.9123861, 22.2265374], [70.9120823, 22.2266494], [70.9118913, 22.226734], [70.9117699, 22.2268], [70.9116882, 22.2268549], [70.9116241, 22.2269009], [70.911562, 22.2269523], [70.9115102, 22.2270042], [70.9114603, 22.2270614], [70.9113343, 22.2272195], [70.9112875, 22.2272824], [70.9111922, 22.2274104], [70.9111046, 22.2275281], [70.9109578, 22.22773], [70.9108943, 22.2278173], [70.9107661, 22.2279848], [70.9107018, 22.2280723], [70.9104872, 22.2283647], [70.9103259, 22.2285821], [70.9100623, 22.2289374], [70.90994, 22.2291021], [70.9094178, 22.2298349], [70.9093972, 22.2298639], [70.9093526, 22.2299264], [70.908784, 22.2307159], [70.908333, 22.2313475], [70.9081671, 22.2315799]]}}, {"type": "Feature", "properties": {"road_type": "primary", "name": "Unnamed road", "major": true}, "geometry": {"type": "LineString", "coordinates": [[70.9080874, 22.2318634], [70.9082496, 22.2316282]]}}, {"type": "Feature", "properties": {"road_type": "primary", "name": "Unnamed road", "major": true}, "geometry": {"type": "LineString", "coordinates": [[70.9082496, 22.2316282], [70.9083208, 22.231525], [70.9084109, 22.2313981], [70.9087976, 22.2308538], [70.9094548, 22.2299558], [70.9101581, 22.2289949], [70.9103094, 22.2287855], [70.9105384, 22.2284684], [70.9107884, 22.2281223], [70.9108692, 22.2280105], [70.9109776, 22.227853], [70.9110486, 22.2277568], [70.9113042, 22.2273889], [70.9114894, 22.2271518], [70.9116438, 22.2270015], [70.9117785, 22.2268939], [70.9119362, 22.2268065], [70.9121894, 22.2267048], [70.9123829, 22.2266367], [70.9133071, 22.2263113], [70.9136166, 22.2262013], [70.9144958, 22.2258927]]}}, {"type": "Feature", "properties": {"road_type": "primary", "name": "Unnamed road", "major": true}, "geometry": {"type": "LineString", "coordinates": [[70.9067428, 22.2331938], [70.9065604, 22.233308]]}}, {"type": "Feature", "properties": {"road_type": "primary", "name": "Unnamed road", "major": true}, "geometry": {"type": "LineString", "coordinates": [[70.9079874, 22.2318307], [70.907636, 22.2323074], [70.9074053, 22.2326252], [70.907231, 22.2328288], [70.9070808, 22.2329604], [70.9067428, 22.2331938]]}}, {"type": "Feature", "properties": {"road_type": "primary", "name": "Unnamed road", "major": true}, "geometry": {"type": "LineString", "coordinates": [[70.9066261, 22.2333841], [70.9067996, 22.2332751]]}}, {"type": "Feature", "properties": {"road_type": "primary", "name": "Unnamed road", "major": true}, "geometry": {"type": "LineString", "coordinates": [[70.9067996, 22.2332751], [70.9068843, 22.2332136], [70.9072092, 22.2329708], [70.9074414, 22.2327295], [70.9080006, 22.2319892], [70.9080874, 22.2318634]]}}, {"type": "Feature", "properties": {"road_type": "secondary", "name": "Unnamed road", "major": true}, "geometry": {"type": "LineString", "coordinates": [[70.8389865, 22.3000998], [70.8390834, 22.3001093], [70.8395457, 22.3001132], [70.8396361, 22.3001124], [70.8396838, 22.3001007], [70.8397301, 22.3000756]]}}, {"type": "Feature", "properties": {"road_type": "secondary", "name": "Unnamed road", "major": true}, "geometry": {"type": "LineString", "coordinates": [[70.838994, 22.3000889], [70.8390734, 22.2999838]]}}, {"type": "Feature", "properties": {"road_type": "secondary", "name": "Unnamed road", "major": true}, "geometry": {"type": "LineString", "coordinates": [[70.8394211, 22.2992883], [70.8392241, 22.2995661]]}}, {"type": "Feature", "properties": {"road_type": "secondary", "name": "Unnamed road", "major": true}, "geometry": {"type": "LineString", "coordinates": [[70.8393356, 22.2996412], [70.8395258, 22.2994124]]}}, {"type": "Feature", "properties": {"road_type": "secondary", "name": "Unnamed road", "major": true}, "geometry": {"type": "LineString", "coordinates": [[70.8390734, 22.2999838], [70.8393356, 22.2996412]]}}, {"type": "Feature", "properties": {"road_type": "secondary", "name": "Unnamed road", "major": true}, "geometry": {"type": "LineString", "coordinates": [[70.8392241, 22.2995661], [70.8389729, 22.2999458]]}}, {"type": "Feature", "properties": {"road_type": "primary", "name": "Ring Road -2", "major": true}, "geometry": {"type": "LineString", "coordinates": [[70.7333234, 22.2884949], [70.7324566, 22.2895497]]}}, {"type": "Feature", "properties": {"road_type": "trunk", "name": "Rajkot Road", "major": true}, "geometry": {"type": "LineString", "coordinates": [[70.9002359, 22.3387139], [70.9006615, 22.3389387]]}}, {"type": "Feature", "properties": {"road_type": "trunk", "name": "Unnamed road", "major": true}, "geometry": {"type": "LineString", "coordinates": [[70.9003063, 22.3385791], [70.8984486, 22.3379482], [70.8973325, 22.3375636], [70.8961258, 22.3371514], [70.8951382, 22.3367648], [70.8939692, 22.3363636], [70.8931135, 22.3360638], [70.8912629, 22.3354864], [70.8902468, 22.3351221], [70.889563, 22.3348882], [70.8892238, 22.3347085]]}}, {"type": "Feature", "properties": {"road_type": "trunk", "name": "Unnamed road", "major": true}, "geometry": {"type": "LineString", "coordinates": [[70.9007675, 22.338845], [70.9003063, 22.3385791]]}}, {"type": "Feature", "properties": {"road_type": "trunk", "name": "Rajkot Road", "major": true}, "geometry": {"type": "LineString", "coordinates": [[70.9027519, 22.3400448], [70.9033451, 22.3402958], [70.9054608, 22.3409244], [70.9059993, 22.3410418], [70.9065664, 22.3411094], [70.9086873, 22.3413], [70.9096008, 22.3414079], [70.9105217, 22.3415694], [70.9108706, 22.3416306], [70.9117124, 22.3418071], [70.9139818, 22.3423743], [70.9178637, 22.3433519], [70.9208995, 22.3441272], [70.9213548, 22.3442936], [70.9217858, 22.3444982], [70.9225714, 22.3449741], [70.92322, 22.3453618], [70.9237838, 22.3456698], [70.9249151, 22.3462936], [70.925399, 22.3465454]]}}, {"type": "Feature", "properties": {"road_type": "tertiary", "name": "Unnamed road", "major": false}, "geometry": {"type": "LineString", "coordinates": [[70.858961, 22.3381343], [70.8589534, 22.3380747], [70.8588662, 22.3373877], [70.8588387, 22.3371711], [70.8585751, 22.3354028], [70.8585427, 22.3352192], [70.8584599, 22.3350413]]}}, {"type": "Feature", "properties": {"road_type": "tertiary", "name": "Unnamed road", "major": false}, "geometry": {"type": "LineString", "coordinates": [[70.8589985, 22.3384224], [70.858961, 22.3381343]]}}, {"type": "Feature", "properties": {"road_type": "tertiary", "name": "Unnamed road", "major": false}, "geometry": {"type": "LineString", "coordinates": [[70.8668748, 22.3476102], [70.8667896, 22.3475114], [70.866723, 22.3474199], [70.8665412, 22.3471406], [70.8663533, 22.3468811], [70.8661714, 22.3466649], [70.8660616, 22.346575], [70.8659788, 22.3465258], [70.8650454, 22.3461076], [70.8648579, 22.3459934], [70.8647817, 22.3459019], [70.8645134, 22.3455061], [70.8642799, 22.3451285], [70.8639965, 22.3446701], [70.8637594, 22.3443713], [70.8629368, 22.3433349], [70.8626344, 22.3429539], [70.8624201, 22.3427219], [70.8622574, 22.3425457], [70.8621798, 22.3424834], [70.8618251, 22.3422809], [70.8613645, 22.3420539]]}}, {"type": "Feature", "properties": {"road_type": "tertiary", "name": "Unnamed road", "major": false}, "geometry": {"type": "LineString", "coordinates": [[70.8669682, 22.347709], [70.8668748, 22.3476102]]}}, {"type": "Feature", "properties": {"road_type": "tertiary", "name": "Unnamed road", "major": false}, "geometry": {"type": "LineString", "coordinates": [[70.9091436, 22.246793], [70.9090068, 22.2467484]]}}, {"type": "Feature", "properties": {"road_type": "tertiary", "name": "gatka road", "major": false}, "geometry": {"type": "LineString", "coordinates": [[70.9090068, 22.2467484], [70.9087983, 22.2466782], [70.9083084, 22.2465134], [70.9079032, 22.2463623], [70.9070433, 22.2460417], [70.9056165, 22.2454961], [70.9054739, 22.2454415], [70.9044415, 22.2450467], [70.9042468, 22.2449581], [70.9040767, 22.244858], [70.9015563, 22.2431279], [70.9014454, 22.2430517], [70.9005469, 22.242435], [70.8998827, 22.2419956], [70.899826, 22.2419581], [70.8977146, 22.2404746], [70.8969558, 22.2399688], [70.8966489, 22.2397642], [70.8964273, 22.2396165]]}}, {"type": "Feature", "properties": {"road_type": "trunk", "name": "Jamnagar Bypass - Rajkot", "major": true}, "geometry": {"type": "LineString", "coordinates": [[70.8572674, 22.3349919], [70.8564836, 22.3350789], [70.8557554, 22.335164], [70.8554797, 22.3352], [70.8518394, 22.3356751], [70.8494979, 22.3359525], [70.8494358, 22.3359595], [70.8488599, 22.3360248], [70.847108, 22.3362358], [70.8451116, 22.3364678], [70.8421137, 22.3368163], [70.8371409, 22.3374068], [70.8333475, 22.3378717], [70.8327689, 22.3379426], [70.8299549, 22.3382653], [70.8282682, 22.3384587], [70.8263598, 22.3386919], [70.8252708, 22.3388308]]}}, {"type": "Feature", "properties": {"road_type": "trunk", "name": "Jamnagar Bypass - Rajkot", "major": true}, "geometry": {"type": "LineString", "coordinates": [[70.8575318, 22.3349611], [70.8572674, 22.3349919]]}}, {"type": "Feature", "properties": {"road_type": "trunk", "name": "Jamnagar Bypass - Rajkot", "major": true}, "geometry": {"type": "LineString", "coordinates": [[70.8572854, 22.3351448], [70.8575477, 22.3351115]]}}, {"type": "Feature", "properties": {"road_type": "trunk", "name": "Jamnagar Bypass - Rajkot", "major": true}, "geometry": {"type": "LineString", "coordinates": [[70.85852, 22.33498], [70.8600982, 22.3348007], [70.8604475, 22.3347341], [70.8609549, 22.3345928]]}}, {"type": "Feature", "properties": {"road_type": "trunk", "name": "Jamnagar Bypass - Rajkot", "major": true}, "geometry": {"type": "LineString", "coordinates": [[70.8609506, 22.3344418], [70.8605387, 22.334553], [70.8602126, 22.3346332], [70.8598902, 22.3346864], [70.858508, 22.3348549]]}}, {"type": "Feature", "properties": {"road_type": "trunk", "name": "Jamnagar Bypass - Rajkot", "major": true}, "geometry": {"type": "LineString", "coordinates": [[70.861147, 22.3343756], [70.8609506, 22.3344418]]}}, {"type": "Feature", "properties": {"road_type": "trunk", "name": "Jamnagar Bypass - Rajkot", "major": true}, "geometry": {"type": "LineString", "coordinates": [[70.8609549, 22.3345928], [70.8611885, 22.3345162]]}}, {"type": "Feature", "properties": {"road_type": "trunk", "name": "Jamnagar Bypass - Rajkot", "major": true}, "geometry": {"type": "LineString", "coordinates": [[70.8611885, 22.3345162], [70.862099, 22.3341993], [70.8623332, 22.3341078], [70.8624581, 22.334044], [70.863431, 22.333392], [70.8706945, 22.3285125], [70.8709753, 22.3282584]]}}, {"type": "Feature", "properties": {"road_type": "tertiary", "name": "Unnamed road", "major": false}, "geometry": {"type": "LineString", "coordinates": [[70.8619992, 22.3474758], [70.8619769, 22.3473683]]}}, {"type": "Feature", "properties": {"road_type": "tertiary", "name": "Unnamed road", "major": false}, "geometry": {"type": "LineString", "coordinates": [[70.8619769, 22.3473683], [70.8618629, 22.3465474], [70.8617709, 22.3461209], [70.8617189, 22.3458796], [70.8616407, 22.3454269], [70.8615309, 22.3443293], [70.8614744, 22.3435572], [70.8614405, 22.3430938], [70.8613645, 22.3420539]]}}, {"type": "Feature", "properties": {"road_type": "tertiary", "name": "Unnamed road", "major": false}, "geometry": {"type": "LineString", "coordinates": [[70.858338, 22.3348068], [70.8582375, 22.3347189], [70.8580739, 22.3345147], [70.8577965, 22.3341244], [70.8577489, 22.3340148], [70.8577215, 22.3339494], [70.857368, 22.3329727], [70.857037, 22.3320101], [70.856979, 22.3318414], [70.8568449, 22.3313055], [70.8565774, 22.3303312], [70.8563601, 22.3295023], [70.8560777, 22.3283467], [70.8559721, 22.3279498], [70.8559162, 22.3277078], [70.8557926, 22.3272484], [70.8556903, 22.3268893], [70.8556331, 22.3266953]]}}, {"type": "Feature", "properties": {"road_type": "tertiary", "name": "Unnamed road", "major": false}, "geometry": {"type": "LineString", "coordinates": [[70.8206507, 22.2938583], [70.8207626, 22.2939034], [70.8209387, 22.2939783], [70.8210092, 22.2940054], [70.8216143, 22.2942319], [70.8228373, 22.2946898], [70.8229228, 22.2947053], [70.8230124, 22.2947095], [70.8231291, 22.2946881], [70.8239483, 22.2944884], [70.8240424, 22.2944655], [70.8242355, 22.2944148], [70.8252334, 22.2941528], [70.8260447, 22.2939498], [70.8268363, 22.2937518], [70.82778, 22.2935158], [70.8287665, 22.2933099], [70.8290656, 22.293246], [70.8295847, 22.293144], [70.8301584, 22.2930295], [70.8308066, 22.2929388], [70.8310292, 22.2929055], [70.8320095, 22.2927587], [70.8321472, 22.292744], [70.8324062, 22.2927196], [70.8332774, 22.2926317], [70.8334845, 22.2926244], [70.833741, 22.2926153], [70.8341162, 22.2926121], [70.8346683, 22.2926219], [70.8348797, 22.2926343]]}}, {"type": "Feature", "properties": {"road_type": "tertiary", "name": "Unnamed road", "major": false}, "geometry": {"type": "LineString", "coordinates": [[70.834908, 22.2925321], [70.8346895, 22.2925284], [70.8343607, 22.2925302], [70.8341707, 22.2925313], [70.8339648, 22.2925361], [70.8336935, 22.2925446], [70.833464, 22.2925528], [70.8333702, 22.292556], [70.8332382, 22.2925647], [70.8331313, 22.2925681], [70.8327135, 22.2926116], [70.832421, 22.2926464], [70.8322833, 22.2926628], [70.8320583, 22.29269], [70.8310163, 22.2928229], [70.830799, 22.2928546], [70.8307734, 22.2928587], [70.8298668, 22.293006], [70.8295779, 22.2930524], [70.8290559, 22.2931576], [70.8273586, 22.2935398], [70.8268196, 22.2936802], [70.8260152, 22.2938763], [70.8249615, 22.2941561], [70.82439, 22.2942995], [70.8242726, 22.2943314], [70.8236103, 22.2944823], [70.8233704, 22.2945428], [70.8232189, 22.294581], [70.8230325, 22.2946201], [70.8229719, 22.2946242], [70.8229113, 22.2946197], [70.8228152, 22.294597], [70.8226996, 22.2945562], [70.8222106, 22.2943838], [70.8217653, 22.2942239], [70.8208068, 22.2938577], [70.8207077, 22.2938021]]}}, {"type": "Feature", "properties": {"road_type": "tertiary", "name": "Raiya Road", "major": false}, "geometry": {"type": "LineString", "coordinates": [[70.7320297, 22.3035595], [70.7321841, 22.3034513]]}}, {"type": "Feature", "properties": {"road_type": "tertiary", "name": "Raiya Road", "major": false}, "geometry": {"type": "LineString", "coordinates": [[70.7314386, 22.3039766], [70.7317932, 22.303733], [70.7320297, 22.3035595]]}}, {"type": "Feature", "properties": {"road_type": "tertiary", "name": "Raiya Road", "major": false}, "geometry": {"type": "LineString", "coordinates": [[70.7329465, 22.3027961], [70.7330961, 22.302753]]}}, {"type": "Feature", "properties": {"road_type": "tertiary", "name": "Raiya Road", "major": false}, "geometry": {"type": "LineString", "coordinates": [[70.7321841, 22.3034513], [70.732364, 22.3033271], [70.7324041, 22.3032642], [70.7324225, 22.3032003], [70.7324298, 22.3031331], [70.7323931, 22.3029231], [70.7323408, 22.3027567]]}}, {"type": "Feature", "properties": {"road_type": "tertiary", "name": "Raiya Road", "major": false}, "geometry": {"type": "LineString", "coordinates": [[70.7275476, 22.3077339], [70.7274617, 22.3077575], [70.7273959, 22.3078011], [70.7273404, 22.307866], [70.7271422, 22.3082088], [70.7269087, 22.3086092], [70.7266546, 22.3090599]]}}, {"type": "Feature", "properties": {"road_type": "tertiary", "name": "Raiya Road", "major": false}, "geometry": {"type": "LineString", "coordinates": [[70.7285094, 22.3063843], [70.7289008, 22.3058655], [70.7289959, 22.3057625], [70.7291527, 22.3056221], [70.7295167, 22.3053441]]}}, {"type": "Feature", "properties": {"road_type": "tertiary", "name": "Raiya Road", "major": false}, "geometry": {"type": "LineString", "coordinates": [[70.7295167, 22.3053441], [70.7296875, 22.3052183], [70.7300019, 22.3049918], [70.730178, 22.3048687], [70.7303609, 22.3047409], [70.7307899, 22.3044377], [70.7311094, 22.3042031], [70.7314386, 22.3039766]]}}, {"type": "Feature", "properties": {"road_type": "tertiary", "name": "Raiya Road", "major": false}, "geometry": {"type": "LineString", "coordinates": [[70.7266546, 22.3090599], [70.7261878, 22.3098598], [70.7259043, 22.3103514], [70.7256772, 22.3107736], [70.7253604, 22.3113378], [70.7248004, 22.3124391], [70.7240429, 22.3138909], [70.7237801, 22.3144239], [70.7235611, 22.3148229], [70.7234903, 22.3149601], [70.7234297, 22.315052], [70.7233202, 22.3151377], [70.723123, 22.3152188], [70.7226934, 22.3153622], [70.7219235, 22.315596], [70.7217333, 22.3156665], [70.7216746, 22.3157021]]}}, {"type": "Feature", "properties": {"road_type": "tertiary", "name": "Unnamed road", "major": false}, "geometry": {"type": "LineString", "coordinates": [[70.7232645, 22.290652], [70.7230124, 22.2906411]]}}, {"type": "Feature", "properties": {"road_type": "tertiary", "name": "Unnamed road", "major": false}, "geometry": {"type": "LineString", "coordinates": [[70.7291245, 22.2913066], [70.7290466, 22.2913027], [70.7286588, 22.2912831], [70.7285009, 22.2912635], [70.7283402, 22.2912278], [70.727862, 22.2910538], [70.7276634, 22.2910096], [70.7274898, 22.290972], [70.7264831, 22.2908562], [70.7260922, 22.2908112], [70.7251566, 22.290731], [70.7235515, 22.290664], [70.7234187, 22.2906584], [70.7232645, 22.290652]]}}, {"type": "Feature", "properties": {"road_type": "tertiary", "name": "Unnamed road", "major": false}, "geometry": {"type": "LineString", "coordinates": [[70.829107, 22.3002402], [70.8289394, 22.3002261], [70.8284474, 22.3002073], [70.8278112, 22.3002372], [70.8276665, 22.3002436], [70.8272951, 22.3002484], [70.8270806, 22.3002531], [70.8269576, 22.3002558], [70.8269272, 22.300253], [70.8263425, 22.3002], [70.8260243, 22.3001595], [70.8259227, 22.3001466], [70.8255532, 22.3000995], [70.8253921, 22.3000845], [70.8247923, 22.3000288], [70.8242064, 22.3000475], [70.8239651, 22.3000577], [70.8233862, 22.3000822], [70.8228305, 22.3000932], [70.8227366, 22.3000951], [70.8225461, 22.3000989], [70.8215739, 22.3001227], [70.8215516, 22.3001236], [70.8214691, 22.3001261], [70.8203417, 22.3001435], [70.8202459, 22.3001412], [70.8191134, 22.3001137], [70.8180324, 22.3000875], [70.8173682, 22.3000715], [70.8167748, 22.3000385], [70.8167204, 22.3000382], [70.8162472, 22.3000358], [70.8159778, 22.3000222], [70.8149166, 22.3000245], [70.8142266, 22.2999878], [70.8141512, 22.2999798]]}}, {"type": "Feature", "properties": {"road_type": "tertiary", "name": "Unnamed road", "major": false}, "geometry": {"type": "LineString", "coordinates": [[70.8141158, 22.3000756], [70.8141916, 22.3000831], [70.8151387, 22.3001107], [70.8159222, 22.3001368], [70.8159857, 22.3001388], [70.816179, 22.300145], [70.8164713, 22.3001497], [70.8166715, 22.3001474], [70.8168046, 22.3001494], [70.8170236, 22.3001421], [70.8173524, 22.3001515], [70.8179104, 22.3001758], [70.8180032, 22.3001782], [70.818269, 22.3001872], [70.818695, 22.3002047], [70.8189007, 22.3002018], [70.8191194, 22.3002096], [70.819911, 22.3002345], [70.8202671, 22.3002282], [70.8203463, 22.3002244], [70.8211812, 22.3002038], [70.8214359, 22.3001999], [70.8214749, 22.300197], [70.8215344, 22.3001909], [70.8220583, 22.3001819], [70.8227804, 22.3001804], [70.8228364, 22.3001757], [70.8232346, 22.3001608], [70.8235144, 22.3001427], [70.8238775, 22.3001202], [70.8239619, 22.3001163], [70.8247747, 22.3001102], [70.8251112, 22.3001353], [70.8253742, 22.3001523], [70.8259264, 22.3002145], [70.8260739, 22.3002294], [70.8263672, 22.3002635], [70.8266545, 22.3002959], [70.8269044, 22.3003127], [70.8270783, 22.3003191], [70.8272744, 22.3003157], [70.8274563, 22.3003237], [70.8276541, 22.3003125], [70.8281589, 22.3002819], [70.8283526, 22.3002857], [70.8284401, 22.3002762], [70.8286971, 22.3002822], [70.829088, 22.3002998]]}}, {"type": "Feature", "properties": {"road_type": "tertiary", "name": "Unnamed road", "major": false}, "geometry": {"type": "LineString", "coordinates": [[70.8319902, 22.3009259], [70.8322248, 22.3003141], [70.8323975, 22.2997892]]}}, {"type": "Feature", "properties": {"road_type": "primary", "name": "Unnamed road", "major": true}, "geometry": {"type": "LineString", "coordinates": [[70.9065604, 22.233308], [70.9061447, 22.2335761], [70.9061279, 22.233587], [70.9060982, 22.2336062], [70.9046722, 22.2345295], [70.9030897, 22.2355623], [70.9024643, 22.2359701], [70.9020007, 22.2362724], [70.9013258, 22.2366916], [70.9011933, 22.2367739], [70.9006891, 22.2371116], [70.900268, 22.2373822], [70.8999886, 22.2375545], [70.8996232, 22.2377599], [70.8995333, 22.2378104], [70.8994019, 22.2378957], [70.8992758, 22.2379696], [70.8985501, 22.2383718], [70.8974933, 22.2389422], [70.8966626, 22.2393858], [70.8963564, 22.2395591], [70.8946464, 22.2404793], [70.893719, 22.2409841], [70.8927207, 22.2415288], [70.8916793, 22.2420935], [70.8903938, 22.2427778], [70.8903195, 22.2428186], [70.8891803, 22.2434418]]}}, {"type": "Feature", "properties": {"road_type": "tertiary", "name": "Unnamed road", "major": false}, "geometry": {"type": "LineString", "coordinates": [[70.9127032, 22.3039699], [70.9124202, 22.3044382]]}}, {"type": "Feature", "properties": {"road_type": "tertiary", "name": "Unnamed road", "major": false}, "geometry": {"type": "LineString", "coordinates": [[70.9124202, 22.3044382], [70.9123212, 22.3046105], [70.9119503, 22.3052556], [70.9110033, 22.3068541], [70.9103922, 22.3078861], [70.9102273, 22.3081644], [70.909329, 22.3096526], [70.9086552, 22.3107755], [70.9084972, 22.31102], [70.908372, 22.3111744], [70.9082325, 22.3113067], [70.9080966, 22.3114061], [70.9079527, 22.3114845], [70.9066916, 22.312171], [70.906467, 22.3122933], [70.9040731, 22.3135918], [70.9031176, 22.3141137], [70.9015428, 22.3149636], [70.900771, 22.3153755], [70.9000841, 22.315758], [70.9000383, 22.3157835], [70.8985136, 22.3166128], [70.8982221, 22.3167594], [70.8977154, 22.3170098], [70.8970051, 22.3173004], [70.896782, 22.3173917], [70.8925486, 22.3190985], [70.8914771, 22.3196097], [70.8906245, 22.3200165], [70.8901412, 22.3202402]]}}, {"type": "Feature", "properties": {"road_type": "tertiary", "name": "Unnamed road", "major": false}, "geometry": {"type": "LineString", "coordinates": [[70.8964273, 22.2396165], [70.8963564, 22.2395591]]}}, {"type": "Feature", "properties": {"road_type": "primary", "name": "Unnamed road", "major": true}, "geometry": {"type": "LineString", "coordinates": [[70.8889144, 22.2435905], [70.8885921, 22.2437675], [70.888113, 22.244027], [70.8876709, 22.2442665], [70.8868883, 22.2446971], [70.8865463, 22.2448853], [70.8859943, 22.2451917], [70.8857535, 22.2453167], [70.8854402, 22.2454871], [70.8850741, 22.2456893], [70.8844697, 22.2460232], [70.8836484, 22.2464707]]}}, {"type": "Feature", "properties": {"road_type": "primary", "name": "Unnamed road", "major": true}, "geometry": {"type": "LineString", "coordinates": [[70.8891803, 22.2434418], [70.8889144, 22.2435905]]}}, {"type": "Feature", "properties": {"road_type": "primary", "name": "Unnamed road", "major": true}, "geometry": {"type": "LineString", "coordinates": [[70.8889799, 22.2436725], [70.8892649, 22.2435181]]}}, {"type": "Feature", "properties": {"road_type": "primary", "name": "Unnamed road", "major": true}, "geometry": {"type": "LineString", "coordinates": [[70.8892649, 22.2435181], [70.8896476, 22.2433107], [70.8903883, 22.2429094], [70.8916813, 22.2422035], [70.8934522, 22.2412367], [70.8939689, 22.2409545], [70.8946454, 22.2405823], [70.895371, 22.240189], [70.8964273, 22.2396165], [70.8975603, 22.2390071], [70.8993308, 22.2380416], [70.899559, 22.2379114], [70.8996772, 22.2378453], [70.8999446, 22.2376958], [70.9010576, 22.2369907], [70.9013643, 22.2367907], [70.9014994, 22.2367026], [70.902431, 22.2360951], [70.9034779, 22.235421], [70.9037514, 22.2352388], [70.905362, 22.2341991], [70.9061533, 22.2336855], [70.9066261, 22.2333841]]}}, {"type": "Feature", "properties": {"road_type": "secondary", "name": "Unnamed road", "major": true}, "geometry": {"type": "LineString", "coordinates": [[70.8399604, 22.2998948], [70.8395258, 22.2994124], [70.8394211, 22.2992883]]}}, {"type": "Feature", "properties": {"road_type": "primary", "name": "Unnamed road", "major": true}, "geometry": {"type": "LineString", "coordinates": [[70.8834941, 22.2465547], [70.8833235, 22.2466477], [70.8819771, 22.247372], [70.8807663, 22.2480479], [70.8794722, 22.2487779], [70.8791579, 22.2489403], [70.8789855, 22.2490382], [70.8788446, 22.2491143], [70.8786127, 22.2492456], [70.8784118, 22.2493537], [70.8782274, 22.2494682], [70.8780733, 22.2495633], [70.8779052, 22.2496908], [70.877702, 22.2498788], [70.8774008, 22.2501555], [70.8769968, 22.250525], [70.8765205, 22.2509616], [70.8760177, 22.2514668], [70.8758561, 22.2516256], [70.8748871, 22.2525559], [70.8742278, 22.2531729], [70.8735641, 22.253801], [70.8721234, 22.2551308], [70.8712699, 22.2559296], [70.8707584, 22.2564083], [70.870099, 22.2570246]]}}, {"type": "Feature", "properties": {"road_type": "primary", "name": "Unnamed road", "major": true}, "geometry": {"type": "LineString", "coordinates": [[70.8836484, 22.2464707], [70.8834941, 22.2465547]]}}, {"type": "Feature", "properties": {"road_type": "primary", "name": "Unnamed road", "major": true}, "geometry": {"type": "LineString", "coordinates": [[70.8835578, 22.246639], [70.8837366, 22.2465417]]}}, {"type": "Feature", "properties": {"road_type": "primary", "name": "Unnamed road", "major": true}, "geometry": {"type": "LineString", "coordinates": [[70.8837366, 22.2465417], [70.8839096, 22.2464475], [70.8842723, 22.2462501], [70.8845638, 22.2460837], [70.8849307, 22.2458742], [70.8851232, 22.2457642], [70.885244, 22.2456952], [70.8852832, 22.245674], [70.8858117, 22.2453879], [70.8860513, 22.2452628], [70.8869427, 22.2447757], [70.8878893, 22.2442633], [70.8884605, 22.2439539], [70.8889799, 22.2436725]]}}, {"type": "Feature", "properties": {"road_type": "tertiary", "name": "Unnamed road", "major": false}, "geometry": {"type": "LineString", "coordinates": [[70.9141993, 22.2852314], [70.9142157, 22.2850957], [70.9142367, 22.28496], [70.9142749, 22.2848466], [70.9143463, 22.2846966], [70.9144084, 22.2845827], [70.9145248, 22.2844099], [70.9146412, 22.284237], [70.9147417, 22.2840732], [70.9148562, 22.2838445], [70.9149448, 22.2836617], [70.9149948, 22.2835218], [70.9150167, 22.2833733], [70.915014, 22.283199], [70.9149556, 22.2821017], [70.9147768, 22.2795641], [70.9147484, 22.2792434], [70.9147269, 22.2791044], [70.9147055, 22.2789957], [70.9146704, 22.2788736], [70.914609, 22.2787699], [70.9145308, 22.2786659], [70.9144093, 22.2785231], [70.914229, 22.2783294], [70.9141263, 22.2782298], [70.914028, 22.2781344], [70.9137487, 22.2778188], [70.9134798, 22.2775149], [70.9128385, 22.2767902], [70.9127544, 22.2766951], [70.9126807, 22.2766225], [70.9124022, 22.2763478], [70.9122654, 22.2762367], [70.9121823, 22.2761835], [70.9121391, 22.2761558], [70.9120053, 22.2760954], [70.9118446, 22.2760398], [70.9115636, 22.2759819], [70.9111515, 22.2759145], [70.9107113, 22.2758645], [70.910278, 22.2758323], [70.9097513, 22.2758001], [70.9095947, 22.2758044], [70.9093446, 22.2758174], [70.9091657, 22.2758424], [70.9089761, 22.2758752], [70.9087158, 22.2759321], [70.9084461, 22.2760021], [70.9068226, 22.2764385], [70.9057262, 22.2767515], [70.9040713, 22.277264], [70.9031879, 22.277523], [70.9015202, 22.278001], [70.8989917, 22.2787967], [70.8984766, 22.2789437], [70.8982448, 22.2789945], [70.8980153, 22.2790404], [70.8977129, 22.2790728], [70.8974575, 22.2790866], [70.8965211, 22.2790951], [70.8960211, 22.279091], [70.8957246, 22.2790846], [70.8956125, 22.2790765], [70.8953541, 22.2790579], [70.8948876, 22.2790242], [70.8943867, 22.2790022], [70.8937704, 22.2789677], [70.8924732, 22.2788418], [70.8915669, 22.2787561], [70.8906335, 22.2786767], [70.8905125, 22.2786663], [70.889104, 22.2785448], [70.8886971, 22.2785221], [70.8881827, 22.278508], [70.8877014, 22.2784923], [70.8870035, 22.278475], [70.8867361, 22.2784602], [70.8865489, 22.2784267], [70.8863714, 22.2783689], [70.8862186, 22.2783043], [70.8860705, 22.2782268], [70.8858816, 22.2781139], [70.8849774, 22.2775529], [70.8836242, 22.2767133], [70.8833164, 22.2765223], [70.8829368, 22.2763062], [70.8819224, 22.2757286], [70.8809863, 22.2751771], [70.8808376, 22.2750853], [70.8807341, 22.2750068], [70.8806444, 22.2748817], [70.8805873, 22.2747652], [70.8805459, 22.2746215], [70.8805175, 22.2744281], [70.8805087, 22.2742036], [70.8804984, 22.273919], [70.8804961, 22.2736119], [70.8804986, 22.2732962], [70.8805128, 22.2728377], [70.8805074, 22.2727168], [70.880483, 22.2726221], [70.8804386, 22.2725635], [70.880372, 22.2725243], [70.8802682, 22.2725007], [70.8802285, 22.2724969], [70.8801597, 22.2724901], [70.8797123, 22.2724844], [70.8790462, 22.272476], [70.8788762, 22.2724738], [70.878625, 22.2724654], [70.8783699, 22.27243], [70.878065, 22.272369], [70.8778527, 22.2723318], [70.8776882, 22.2723127], [70.8775188, 22.2723028], [70.8772763, 22.2723036], [70.8764663, 22.2722927], [70.8757803, 22.272275], [70.8740551, 22.2723085], [70.8737989, 22.2723106], [70.8733558, 22.2723138], [70.8730178, 22.2723102], [70.8726763, 22.272306], [70.8724919, 22.2723124], [70.8722689, 22.2723398], [70.8718251, 22.2724253], [70.8710144, 22.2726441], [70.8694152, 22.2731186], [70.8687804, 22.2733235], [70.8685244, 22.2734056], [70.8682007, 22.2734811], [70.8670353, 22.2737354], [70.8661842, 22.2739352], [70.8657026, 22.2740916], [70.8654493, 22.2741776], [70.8652426, 22.2742825], [70.8648792, 22.2744953], [70.8646296, 22.2746586], [70.8644408, 22.2748183], [70.8642863, 22.2749507], [70.8641032, 22.2751263], [70.8639468, 22.2752788], [70.8638063, 22.2753783], [70.8636723, 22.2754398], [70.8635226, 22.2754771], [70.8633815, 22.2754712], [70.8632139, 22.2754439], [70.8630063, 22.2753775], [70.8628977, 22.2753387], [70.8625969, 22.2752513], [70.862364, 22.2752093], [70.8621398, 22.2751908], [70.8619151, 22.2751757], [70.8616905, 22.2751607], [70.8615443, 22.2751366], [70.8614009, 22.2750915], [70.8612375, 22.2750121], [70.8606805, 22.2746493], [70.8605996, 22.2745968]]}}, {"type": "Feature", "properties": {"road_type": "tertiary", "name": "Unnamed road", "major": false}, "geometry": {"type": "LineString", "coordinates": [[70.9142057, 22.2857252], [70.9141993, 22.2852314]]}}, {"type": "Feature", "properties": {"road_type": "tertiary", "name": "Unnamed road", "major": false}, "geometry": {"type": "LineString", "coordinates": [[70.731835, 22.225584], [70.73181, 22.2254999], [70.7312168, 22.2244476], [70.7311578, 22.2243894], [70.7310738, 22.2243436], [70.7296839, 22.223896], [70.7293351, 22.2237945]]}}, {"type": "Feature", "properties": {"road_type": "tertiary", "name": "Unnamed road", "major": false}, "geometry": {"type": "LineString", "coordinates": [[70.8715085, 22.3033901], [70.8719922, 22.3019335], [70.8724485, 22.3005415], [70.8727716, 22.2995474], [70.8732119, 22.2982638], [70.8733266, 22.2979903], [70.8734532, 22.2977111], [70.873602, 22.2974436], [70.8738176, 22.2970711], [70.8739779, 22.2968034], [70.8741382, 22.2965358], [70.8742758, 22.2962497], [70.874371, 22.2960148], [70.8744956, 22.2956468], [70.8747502, 22.2948767], [70.8748051, 22.2947171], [70.8749572, 22.2942485], [70.8750878, 22.2939091], [70.8752878, 22.2934582], [70.8757368, 22.292505], [70.8758625, 22.2922423], [70.8759565, 22.292009], [70.8760318, 22.2917707], [70.8760887, 22.2915549], [70.8761329, 22.2913892], [70.8761731, 22.2912384], [70.8761939, 22.2910688], [70.8761933, 22.2909908], [70.8761928, 22.2909319], [70.8761767, 22.2908099], [70.8761289, 22.2906092], [70.8760544, 22.2903649], [70.8759707, 22.2901022], [70.8757822, 22.2895624], [70.8755535, 22.2890521], [70.8754916, 22.288905], [70.8754696, 22.2888233], [70.8754607, 22.2887538], [70.8754696, 22.288668], [70.8754916, 22.2885862], [70.8759289, 22.2873969], [70.8762955, 22.2864732], [70.8764855, 22.2859624], [70.8769934, 22.2846504], [70.8775455, 22.2832322], [70.8780623, 22.2818385], [70.8786542, 22.2802282], [70.8791931, 22.2787363], [70.8797761, 22.2772813], [70.8807341, 22.2750068]]}}, {"type": "Feature", "properties": {"road_type": "primary", "name": "Unnamed road", "major": true}, "geometry": {"type": "LineString", "coordinates": [[70.8667165, 22.2637017], [70.8667939, 22.2630069]]}}, {"type": "Feature", "properties": {"road_type": "tertiary", "name": "Unnamed road", "major": false}, "geometry": {"type": "LineString", "coordinates": [[70.7229655, 22.2217255], [70.7229364, 22.2217165], [70.7204907, 22.2209639], [70.7201434, 22.2208626], [70.7199575, 22.2207934], [70.7199283, 22.2207791], [70.7198958, 22.2207539], [70.7198392, 22.2206763], [70.7198117, 22.2206484], [70.7197681, 22.220625], [70.7197016, 22.2206027], [70.7196525, 22.2205945], [70.7183584, 22.2203375], [70.7172346, 22.2201143], [70.7157007, 22.2197748], [70.7155891, 22.2197458], [70.7139846, 22.2191313], [70.7109213, 22.2179582], [70.7107972, 22.2178848], [70.7102479, 22.2174998], [70.7101422, 22.2174022], [70.7100307, 22.2172738], [70.709716, 22.2168557], [70.7096745, 22.2168037], [70.7096074, 22.2167575]]}}, {"type": "Feature", "properties": {"road_type": "tertiary", "name": "Unnamed road", "major": false}, "geometry": {"type": "LineString", "coordinates": [[70.7230848, 22.2217611], [70.7229655, 22.2217255]]}}, {"type": "Feature", "properties": {"road_type": "tertiary", "name": "Unnamed road", "major": false}, "geometry": {"type": "LineString", "coordinates": [[70.7293351, 22.2237945], [70.7289746, 22.223667]]}}, {"type": "Feature", "properties": {"road_type": "tertiary", "name": "Unnamed road", "major": false}, "geometry": {"type": "LineString", "coordinates": [[70.7289746, 22.223667], [70.7289018, 22.2236414], [70.7286236, 22.2235434], [70.7264877, 22.2227892], [70.723216, 22.2218007], [70.7231306, 22.2217749], [70.7230848, 22.2217611]]}}, {"type": "Feature", "properties": {"road_type": "tertiary", "name": "Unnamed road", "major": false}, "geometry": {"type": "LineString", "coordinates": [[70.6963021, 22.340634], [70.6963737, 22.3405524], [70.696429, 22.3405158], [70.6965001, 22.340492], [70.6970729, 22.3404189], [70.6971416, 22.3403956], [70.6971962, 22.3403591], [70.6972299, 22.3403167], [70.697606, 22.3398319], [70.697777, 22.3397009], [70.6980188, 22.3395469], [70.6981192, 22.3394935], [70.6983337, 22.3394046], [70.6984154, 22.3393877], [70.6984836, 22.3393786], [70.6991087, 22.3393264], [70.7001571, 22.3393189], [70.7014286, 22.3393479], [70.7015296, 22.3393416], [70.701589, 22.3393226], [70.7016483, 22.3392961], [70.7017231, 22.3392399], [70.7017746, 22.3391793], [70.7021259, 22.338615], [70.7021476, 22.3385602], [70.7021505, 22.3385153], [70.7021387, 22.3384512], [70.7021135, 22.338387], [70.701949, 22.3379458], [70.7019314, 22.3378498], [70.7019421, 22.3377853], [70.7019796, 22.3377183], [70.702095, 22.3376364], [70.7027494, 22.3372742], [70.7028996, 22.3371762], [70.703023, 22.3370782], [70.7033717, 22.3367085], [70.7040498, 22.3359704], [70.7043209, 22.3356028], [70.7048508, 22.3347193], [70.7050942, 22.3343175], [70.705162, 22.334232], [70.7052945, 22.3341151], [70.7054393, 22.3340239], [70.7057012, 22.3338928], [70.7065503, 22.3335625], [70.7066032, 22.3335419], [70.7067501, 22.3334648], [70.7080435, 22.3327099], [70.7097457, 22.331929], [70.7098244, 22.3318953], [70.7098961, 22.3318746], [70.7104258, 22.3317543], [70.7104822, 22.3317394], [70.7105184, 22.3317072], [70.7106123, 22.3315676], [70.7106438, 22.3315096], [70.7106619, 22.331464], [70.7108172, 22.3310561], [70.7108387, 22.3309793], [70.7109048, 22.3307432], [70.7109534, 22.3306527], [70.7110019, 22.3305924], [70.7110739, 22.3305322], [70.7114051, 22.3303692], [70.7118273, 22.3301924], [70.7119056, 22.3301347], [70.7119511, 22.330077], [70.7120026, 22.3300074], [70.7120353, 22.3299378], [70.7123071, 22.3292485], [70.7123272, 22.3292187], [70.7123959, 22.3291259], [70.7126992, 22.3287709], [70.7129377, 22.3284458], [70.7131094, 22.328277], [70.7132596, 22.3281877], [70.7134259, 22.3281629], [70.7135546, 22.3281828], [70.7138443, 22.3282721], [70.714032, 22.3283118], [70.7141983, 22.3282969], [70.7142515, 22.3282709], [70.7143046, 22.328232], [70.7143678, 22.32815], [70.7145025, 22.3278525], [70.7145341, 22.3277866], [70.7147716, 22.3272516], [70.7148206, 22.3271754], [70.7148766, 22.3271122], [70.7152954, 22.3267462], [70.7153866, 22.3266246], [70.7154697, 22.3264807], [70.7155287, 22.3263715], [70.7155716, 22.3262673], [70.7155957, 22.3261582], [70.715636, 22.3260912], [70.7156843, 22.326054], [70.7158962, 22.3259125], [70.7159659, 22.3258481], [70.7160075, 22.325796], [70.7160491, 22.3256992], [70.7163041, 22.3251479], [70.7164414, 22.3249079], [70.7164757, 22.324868], [70.7165182, 22.3248432], [70.7169315, 22.324618], [70.7170073, 22.3245602], [70.7170709, 22.3245043], [70.7175321, 22.3239237], [70.7177871, 22.3236027], [70.7179641, 22.3233546], [70.7180072, 22.3232632], [70.7180448, 22.3232026], [70.7180741, 22.3231753], [70.7181096, 22.3231508], [70.7186508, 22.3228684], [70.7187528, 22.3228212], [70.7190739, 22.3227235], [70.7192213, 22.32271], [70.7193426, 22.322724], [70.7200501, 22.3228288], [70.7201277, 22.3228369], [70.7202136, 22.3228459], [70.720314, 22.3228439], [70.7204082, 22.3228305], [70.7205174, 22.3227992], [70.7206304, 22.3227503], [70.7207612, 22.3226777], [70.7208826, 22.3225964], [70.7210301, 22.3224401], [70.7211486, 22.3223146], [70.7211776, 22.3222838], [70.721293, 22.3221352], [70.7214083, 22.3220208], [70.7215548, 22.3219075], [70.7217014, 22.3218074], [70.7221003, 22.3215593], [70.7223979, 22.3213647], [70.7224758, 22.3212963], [70.7225349, 22.3212108], [70.7226383, 22.3210028], [70.7228206, 22.3206363], [70.7230626, 22.3202429], [70.7233395, 22.3197926], [70.7239832, 22.3185619], [70.7241469, 22.3183231], [70.724348, 22.3180756], [70.7244417, 22.3179506], [70.7247138, 22.3175297]]}}, {"type": "Feature", "properties": {"road_type": "primary", "name": "Unnamed road", "major": true}, "geometry": {"type": "LineString", "coordinates": [[70.9148916, 22.2256427], [70.9144667, 22.2257988]]}}, {"type": "Feature", "properties": {"road_type": "tertiary", "name": "Unnamed road", "major": false}, "geometry": {"type": "LineString", "coordinates": [[70.7554966, 22.2754642], [70.7554134, 22.275519], [70.7553263, 22.2755888], [70.7552188, 22.275682], [70.7551526, 22.2757407], [70.7548304, 22.27603], [70.7546629, 22.2761804], [70.7540967, 22.2766845], [70.7539601, 22.2768135], [70.7536259, 22.2771312], [70.7527871, 22.2779055], [70.7523325, 22.2783061], [70.752065, 22.2785359], [70.7519557, 22.2786489], [70.7519001, 22.2787222], [70.7518478, 22.2788042], [70.7518099, 22.2788819], [70.75177, 22.2789801], [70.7517239, 22.2791116], [70.7516915, 22.2792305], [70.7515993, 22.27959], [70.7513643, 22.2804782], [70.7512901, 22.280706], [70.7512178, 22.2809283], [70.7511669, 22.2810619], [70.7511387, 22.2811288], [70.7511052, 22.2811856], [70.7509813, 22.2813548], [70.7506961, 22.2817382], [70.7506437, 22.2818092], [70.7504283, 22.2821013], [70.7500096, 22.2826816], [70.7500021, 22.2826919], [70.7496026, 22.2832457], [70.7495926, 22.2833382]]}}, {"type": "Feature", "properties": {"road_type": "tertiary", "name": "Unnamed road", "major": false}, "geometry": {"type": "LineString", "coordinates": [[70.7556733, 22.2755194], [70.7562867, 22.2755231], [70.7568055, 22.2755566], [70.7568395, 22.2755588], [70.7572903, 22.2756082], [70.7574351, 22.275624], [70.7578852, 22.2756892], [70.7584216, 22.2757712], [70.7585595, 22.2757932], [70.7590558, 22.2758722], [70.7594809, 22.2759389], [70.7595883, 22.2758763]]}}, {"type": "Feature", "properties": {"road_type": "tertiary", "name": "Unnamed road", "major": false}, "geometry": {"type": "LineString", "coordinates": [[70.7555762, 22.2753793], [70.7555455, 22.2753897], [70.7555203, 22.2754088], [70.7555033, 22.2754347], [70.7554966, 22.2754642], [70.7555003, 22.2754928], [70.7555136, 22.2755188], [70.7555351, 22.2755396], [70.7555626, 22.275553], [70.7555933, 22.2755577], [70.755624, 22.2755532], [70.7556516, 22.27554], [70.7556609, 22.2755311], [70.7556733, 22.2755194], [70.7556873, 22.2754921], [70.7556907, 22.275462], [70.7556832, 22.2754326], [70.7556757, 22.2754219], [70.7556655, 22.2754072], [70.7556398, 22.2753886], [70.7556088, 22.2753789], [70.7555762, 22.2753793]]}}, {"type": "Feature", "properties": {"road_type": "tertiary", "name": "Unnamed road", "major": false}, "geometry": {"type": "LineString", "coordinates": [[70.9145599, 22.2868166], [70.9143409, 22.2864057]]}}, {"type": "Feature", "properties": {"road_type": "tertiary", "name": "Unnamed road", "major": false}, "geometry": {"type": "LineString", "coordinates": [[70.9143409, 22.2864057], [70.9142871, 22.2862721], [70.9142563, 22.2861729], [70.9142395, 22.2860413], [70.9142057, 22.2857252]]}}, {"type": "Feature", "properties": {"road_type": "tertiary", "name": "Unnamed road", "major": false}, "geometry": {"type": "LineString", "coordinates": [[70.8840028, 22.1981837], [70.8841127, 22.1984017], [70.884199, 22.1985435], [70.8842922, 22.198673], [70.8844142, 22.1988072], [70.8845813, 22.1989559], [70.8848069, 22.1991205], [70.8850404, 22.1992705], [70.8851911, 22.1993686], [70.8853216, 22.1994573], [70.8854146, 22.1995297], [70.8855765, 22.1996557], [70.8857559, 22.1997999], [70.8858332, 22.199862], [70.8860272, 22.200024], [70.8861556, 22.2001501], [70.8862431, 22.2002463], [70.8863272, 22.2003534], [70.8864265, 22.2005006], [70.8866123, 22.2007823], [70.8875755, 22.2022425], [70.8882936, 22.2033577], [70.8883765, 22.2034779], [70.888456, 22.2035823], [70.8885596, 22.203707], [70.8885837, 22.2037361], [70.8886627, 22.2038311], [70.8905275, 22.2060103], [70.8910614, 22.2066266], [70.8913283, 22.2069347], [70.8913811, 22.2069954], [70.8915937, 22.2072398], [70.8918496, 22.2075408], [70.8922448, 22.2079925], [70.8925669, 22.2083777], [70.8928184, 22.2086786], [70.8935565, 22.2095305], [70.89397, 22.21002], [70.8941828, 22.2102838], [70.8942964, 22.2104246], [70.8943722, 22.2105186], [70.8945004, 22.2106985], [70.8945992, 22.210848], [70.8947013, 22.2110336], [70.8947175, 22.2110643], [70.8951631, 22.2119243], [70.8953881, 22.2123857], [70.8956249, 22.2128598], [70.8956758, 22.2129609], [70.8959082, 22.2134064], [70.8960762, 22.2137263], [70.8963164, 22.214184], [70.896509, 22.2145674], [70.8965952, 22.2147503], [70.8966159, 22.2148073], [70.8966959, 22.2150239], [70.8968326, 22.2154605], [70.8970553, 22.2162179], [70.8971573, 22.2165719], [70.8971798, 22.2166498], [70.8972962, 22.2170437], [70.8974028, 22.2173972], [70.8976114, 22.2180676], [70.8978156, 22.2187786], [70.8978853, 22.2189878], [70.8978971, 22.2190232], [70.8979704, 22.2192429], [70.8980827, 22.2195896], [70.8980981, 22.2196371], [70.8981473, 22.2198052], [70.8981725, 22.2199086], [70.8981877, 22.2200076], [70.89819, 22.220115], [70.8981851, 22.2202163], [70.898173, 22.2203414], [70.8981644, 22.220458], [70.8981633, 22.2205968], [70.8981791, 22.2207475], [70.8982035, 22.2208961], [70.8982334, 22.2210413], [70.8982589, 22.2211301], [70.8982779, 22.2211765], [70.8983059, 22.2212424], [70.8983619, 22.2213582], [70.8984105, 22.2214311], [70.8984922, 22.2215261], [70.898578, 22.2216036], [70.8987319, 22.2217124], [70.8988711, 22.2218041], [70.8990924, 22.2219587], [70.8991978, 22.2220489], [70.8992904, 22.2221476], [70.8993592, 22.2222337], [70.8994317, 22.2223386], [70.8994847, 22.2224139]]}}, {"type": "Feature", "properties": {"road_type": "tertiary", "name": "Unnamed road", "major": false}, "geometry": {"type": "LineString", "coordinates": [[70.7040931, 22.3136256], [70.7039805, 22.3137013]]}}, {"type": "Feature", "properties": {"road_type": "tertiary", "name": "Unnamed road", "major": false}, "geometry": {"type": "LineString", "coordinates": [[70.7039805, 22.3137013], [70.7036354, 22.3139262], [70.7034985, 22.3140106], [70.7028078, 22.3144339], [70.7026073, 22.3145738], [70.7022499, 22.3148134], [70.7019197, 22.3150472], [70.7017175, 22.3152117], [70.7014493, 22.3154829], [70.7009782, 22.3160139], [70.7005233, 22.3165473], [70.7002293, 22.3169047], [70.7000437, 22.3170923]]}}, {"type": "Feature", "properties": {"road_type": "tertiary", "name": "Unnamed road", "major": false}, "geometry": {"type": "LineString", "coordinates": [[70.7000437, 22.3170923], [70.699878, 22.3172831]]}}, {"type": "Feature", "properties": {"road_type": "tertiary", "name": "Unnamed road", "major": false}, "geometry": {"type": "LineString", "coordinates": [[70.9200788, 22.2492659], [70.9200363, 22.2492596], [70.9184817, 22.24903], [70.9165221, 22.2487406], [70.9154931, 22.2485886], [70.9133255, 22.2482684], [70.9129093, 22.2482069], [70.912755, 22.2481784], [70.9126302, 22.2481425], [70.9091436, 22.246793]]}}, {"type": "Feature", "properties": {"road_type": "secondary", "name": "2nd Ring Road", "major": true}, "geometry": {"type": "LineString", "coordinates": [[70.7645749, 22.2283233], [70.7645013, 22.2284696]]}}, {"type": "Feature", "properties": {"road_type": "secondary", "name": "2nd Ring Road", "major": true}, "geometry": {"type": "LineString", "coordinates": [[70.7645013, 22.2284696], [70.7640724, 22.2293126], [70.7635742, 22.2302585]]}}, {"type": "Feature", "properties": {"road_type": "tertiary", "name": "Unnamed road", "major": false}, "geometry": {"type": "LineString", "coordinates": [[70.8312722, 22.3944056], [70.8311481, 22.3939455], [70.8310223, 22.3933523], [70.8309553, 22.3930954], [70.8309184, 22.392901], [70.8308694, 22.3926431], [70.8308583, 22.3925466], [70.8308093, 22.3921193], [70.8308093, 22.3916035], [70.8308142, 22.3913904], [70.8308265, 22.3908575], [70.8310153, 22.3888338], [70.8310411, 22.3876831], [70.8311183, 22.3869053], [70.8312194, 22.3863342], [70.8312728, 22.3860324], [70.8314702, 22.3852546], [70.8315145, 22.3849878], [70.8316038, 22.3844502], [70.8317344, 22.3837721], [70.8319634, 22.3824069], [70.832013, 22.3820416], [70.8320469, 22.3817914], [70.8321054, 22.3808737], [70.8321569, 22.3798181], [70.8321655, 22.3783975], [70.8321446, 22.3775616], [70.8321311, 22.3770244], [70.832114, 22.3760958], [70.8320625, 22.3753894], [70.8319766, 22.3748101], [70.8317964, 22.3741195], [70.8315904, 22.3735163], [70.8313072, 22.3729846], [70.8309982, 22.3724131], [70.8306377, 22.3718258], [70.8297622, 22.3700637], [70.8295831, 22.3698072], [70.8294961, 22.3696827], [70.8293838, 22.369456], [70.8291278, 22.3689374], [70.8285315, 22.3677296], [70.8278747, 22.366399], [70.8262689, 22.3631662], [70.8260305, 22.3626766], [70.8247386, 22.3601504], [70.8243892, 22.3594672], [70.8240802, 22.3587528], [70.8215255, 22.3536724], [70.8212065, 22.353038], [70.8207672, 22.3521643], [70.8207578, 22.3521457], [70.8188896, 22.3484627], [70.818783, 22.3482624], [70.8187026, 22.3481135], [70.8186167, 22.348059], [70.81848, 22.3478779], [70.8182761, 22.3475231], [70.818197, 22.3473819], [70.8181197, 22.3472557], [70.8179998, 22.3470344], [70.8178925, 22.3468756], [70.8178443, 22.3468111], [70.8178014, 22.3468056], [70.8177598, 22.3468124]]}}, {"type": "Feature", "properties": {"road_type": "primary", "name": "Unnamed road", "major": true}, "geometry": {"type": "LineString", "coordinates": [[70.8667939, 22.2630069], [70.8670776, 22.2607133], [70.867159, 22.260316], [70.867265, 22.2600156], [70.8674274, 22.2597235], [70.867654, 22.2594321], [70.8681599, 22.2589598], [70.8682126, 22.2589112]]}}, {"type": "Feature", "properties": {"road_type": "primary", "name": "Unnamed road", "major": true}, "geometry": {"type": "LineString", "coordinates": [[70.8663339, 22.2662243], [70.8663232, 22.2663527]]}}, {"type": "Feature", "properties": {"road_type": "primary", "name": "Unnamed road", "major": true}, "geometry": {"type": "LineString", "coordinates": [[70.8666035, 22.263848], [70.8665157, 22.2645567], [70.8663379, 22.2661876], [70.8663339, 22.2662243]]}}, {"type": "Feature", "properties": {"road_type": "primary", "name": "Unnamed road", "major": true}, "geometry": {"type": "LineString", "coordinates": [[70.8370965, 22.2780364], [70.8374283, 22.2778361], [70.8376439, 22.2776932], [70.837926, 22.2775204], [70.8381671, 22.2773727], [70.8383199, 22.2772792], [70.8387061, 22.2770617], [70.8388003, 22.2770098], [70.8390087, 22.2768949], [70.8391889, 22.2768115], [70.8393221, 22.2767668], [70.8395044, 22.2767132], [70.8397039, 22.2766656], [70.8401116, 22.2766019], [70.8402383, 22.2765822], [70.8411266, 22.276463], [70.8421534, 22.2763111], [70.8422661, 22.2762873], [70.8423648, 22.2762624], [70.8424077, 22.2762516], [70.8425429, 22.2762069], [70.842707, 22.2761414], [70.8428332, 22.2760842], [70.8430772, 22.2759737], [70.8439817, 22.2755218], [70.8440387, 22.275494], [70.8443208, 22.2753564], [70.8445192, 22.2752597], [70.8446641, 22.2751852], [70.8447788, 22.2750986], [70.8449505, 22.2749589], [70.8450793, 22.2748338], [70.8452338, 22.2746551], [70.8453175, 22.2745359], [70.8454076, 22.2743721], [70.8455074, 22.2741576], [70.8456168, 22.2738866], [70.8458003, 22.2733594], [70.8458775, 22.2731866], [70.8459484, 22.2730615], [70.8460159, 22.2729483], [70.8461093, 22.2728262], [70.8462059, 22.2727249], [70.8463507, 22.2725968], [70.8464923, 22.2724807], [70.8466565, 22.2723675], [70.8468432, 22.2722662], [70.8470588, 22.2721709], [70.8472745, 22.2720994], [70.8475513, 22.2720279], [70.8478442, 22.2719832], [70.8480856, 22.2719713], [70.8483335, 22.2719832], [70.8485652, 22.2720249], [70.8488581, 22.2721083], [70.8491575, 22.2722186], [70.849489, 22.2723824], [70.8498109, 22.2725671], [70.8500909, 22.2727577], [70.8504289, 22.2730347], [70.8506832, 22.2732998], [70.8507141, 22.2733381], [70.8508055, 22.2734517], [70.8509053, 22.2736036], [70.8509986, 22.2737942], [70.8510598, 22.2739461], [70.8512396, 22.2744923], [70.8512816, 22.2746004], [70.851319, 22.2746913], [70.8513658, 22.2747777], [70.8514499, 22.2749075], [70.8516013, 22.2751121], [70.8517676, 22.275275], [70.8519359, 22.2754048], [70.8521712, 22.2755397], [70.8524271, 22.2756543], [70.8529636, 22.2758452], [70.8538839, 22.2761125], [70.8540985, 22.276166], [70.8542924, 22.2761889], [70.8545194, 22.2762042], [70.8549486, 22.2761889], [70.8556997, 22.2761087], [70.8565878, 22.2760243], [70.8567438, 22.2760094], [70.8580108, 22.275891], [70.8586505, 22.2758223], [70.8588568, 22.2757879], [70.8590673, 22.2757421], [70.8591829, 22.2757132], [70.8592613, 22.2756848], [70.8594635, 22.2756046], [70.8596451, 22.2755015], [70.8598101, 22.2753984], [70.8600059, 22.2752431], [70.8600701, 22.2751922], [70.860553, 22.2747721], [70.8606805, 22.2746493], [70.8608317, 22.2745037]]}}, {"type": "Feature", "properties": {"road_type": "primary", "name": "Unnamed road", "major": true}, "geometry": {"type": "LineString", "coordinates": [[70.8664304, 22.2663673], [70.8664454, 22.2662395]]}}, {"type": "Feature", "properties": {"road_type": "primary", "name": "Unnamed road", "major": true}, "geometry": {"type": "LineString", "coordinates": [[70.8666224, 22.2636954], [70.8666035, 22.263848]]}}, {"type": "Feature", "properties": {"road_type": "primary", "name": "Unnamed road", "major": true}, "geometry": {"type": "LineString", "coordinates": [[70.8667242, 22.2628738], [70.8666224, 22.2636954]]}}, {"type": "Feature", "properties": {"road_type": "primary", "name": "Unnamed road", "major": true}, "geometry": {"type": "LineString", "coordinates": [[70.8664454, 22.2662395], [70.8664875, 22.2658202], [70.8666485, 22.2643116], [70.8667001, 22.2638482]]}}, {"type": "Feature", "properties": {"road_type": "primary", "name": "Unnamed road", "major": true}, "geometry": {"type": "LineString", "coordinates": [[70.8667001, 22.2638482], [70.8667165, 22.2637017]]}}, {"type": "Feature", "properties": {"road_type": "primary", "name": "Unnamed road", "major": true}, "geometry": {"type": "LineString", "coordinates": [[70.8699917, 22.2572525], [70.8701962, 22.2570691]]}}, {"type": "Feature", "properties": {"road_type": "primary", "name": "Unnamed road", "major": true}, "geometry": {"type": "LineString", "coordinates": [[70.8701962, 22.2570691], [70.8711125, 22.2562099], [70.8743785, 22.2531479], [70.8747903, 22.2527602], [70.8755568, 22.2520385], [70.8760454, 22.2515675], [70.8769383, 22.2507263], [70.8778479, 22.2498694], [70.8780504, 22.2496923], [70.8781495, 22.2496227], [70.878238, 22.2495606], [70.8784957, 22.2494116], [70.878918, 22.249174], [70.879001, 22.2491273], [70.8792086, 22.2490134], [70.8808873, 22.2480927], [70.8835578, 22.246639]]}}, {"type": "Feature", "properties": {"road_type": "primary", "name": "Unnamed road", "major": true}, "geometry": {"type": "LineString", "coordinates": [[70.8699135, 22.257198], [70.8695106, 22.2575746], [70.8689392, 22.2581083], [70.8685124, 22.258507], [70.8683214, 22.2586867]]}}, {"type": "Feature", "properties": {"road_type": "primary", "name": "Unnamed road", "major": true}, "geometry": {"type": "LineString", "coordinates": [[70.870099, 22.2570246], [70.8699135, 22.257198]]}}, {"type": "Feature", "properties": {"road_type": "tertiary", "name": "Unnamed road", "major": false}, "geometry": {"type": "LineString", "coordinates": [[70.763366, 22.2750433], [70.7634213, 22.2749249]]}}, {"type": "Feature", "properties": {"road_type": "tertiary", "name": "Unnamed road", "major": false}, "geometry": {"type": "LineString", "coordinates": [[70.7621469, 22.2783095], [70.7621828, 22.2781672], [70.7622381, 22.2779291], [70.7623117, 22.2776771], [70.7625417, 22.2767661], [70.762578, 22.2766223], [70.7626444, 22.2763267], [70.7627352, 22.2759922]]}}, {"type": "Feature", "properties": {"road_type": "tertiary", "name": "Unnamed road", "major": false}, "geometry": {"type": "LineString", "coordinates": [[70.7633392, 22.2749054], [70.7632931, 22.2750022]]}}, {"type": "Feature", "properties": {"road_type": "tertiary", "name": "Unnamed road", "major": false}, "geometry": {"type": "LineString", "coordinates": [[70.7632931, 22.2750022], [70.7630293, 22.275389], [70.7629046, 22.275572], [70.7627524, 22.2758051], [70.7626849, 22.2759184], [70.7626437, 22.2760267], [70.7625759, 22.2763051], [70.7625025, 22.2765994], [70.7624088, 22.2770018], [70.7621981, 22.2777735], [70.7621172, 22.2781148], [70.7620796, 22.2782439]]}}, {"type": "Feature", "properties": {"road_type": "primary", "name": "Unnamed road", "major": true}, "geometry": {"type": "LineString", "coordinates": [[70.8682126, 22.2589112], [70.8683806, 22.2587531]]}}, {"type": "Feature", "properties": {"road_type": "primary", "name": "Unnamed road", "major": true}, "geometry": {"type": "LineString", "coordinates": [[70.8683806, 22.2587531], [70.8699917, 22.2572525]]}}, {"type": "Feature", "properties": {"road_type": "primary", "name": "Unnamed road", "major": true}, "geometry": {"type": "LineString", "coordinates": [[70.8683214, 22.2586867], [70.8681498, 22.2588482]]}}, {"type": "Feature", "properties": {"road_type": "primary", "name": "Unnamed road", "major": true}, "geometry": {"type": "LineString", "coordinates": [[70.8681498, 22.2588482], [70.8681057, 22.2588897], [70.8675819, 22.2593824], [70.8673878, 22.2596048], [70.8673669, 22.259641], [70.8672707, 22.2598072], [70.8671536, 22.2600525], [70.8670612, 22.2603005], [70.8670119, 22.2605515], [70.866941, 22.2610305], [70.8668147, 22.2619201], [70.8667854, 22.2622285], [70.8667242, 22.2628738]]}}, {"type": "Feature", "properties": {"road_type": "tertiary", "name": "Unnamed road", "major": false}, "geometry": {"type": "LineString", "coordinates": [[70.764375, 22.2704426], [70.7644102, 22.2704329], [70.7644415, 22.2704154], [70.7644671, 22.2703911], [70.764489, 22.270352], [70.7644959, 22.2703085], [70.7644871, 22.2702653], [70.7644636, 22.2702271], [70.7644279, 22.2701981], [70.7643839, 22.2701814], [70.7643638, 22.2701802], [70.7643386, 22.2701787], [70.7642946, 22.2701892], [70.7642563, 22.2702119], [70.7642276, 22.2702444], [70.7642134, 22.2702759], [70.7642083, 22.2703097], [70.7642126, 22.2703436], [70.7642319, 22.2703842], [70.7642645, 22.2704168], [70.7643043, 22.2704361], [70.7643368, 22.2704417], [70.764375, 22.2704426]]}}, {"type": "Feature", "properties": {"road_type": "tertiary", "name": "Unnamed road", "major": false}, "geometry": {"type": "LineString", "coordinates": [[70.7610562, 22.2703331], [70.7613235, 22.2703316], [70.7623385, 22.2703757], [70.7634779, 22.2704252], [70.7636248, 22.2704258], [70.7637603, 22.2704073], [70.7639617, 22.2703732], [70.7640968, 22.2703526], [70.7642126, 22.2703436]]}}, {"type": "Feature", "properties": {"road_type": "tertiary", "name": "Unnamed road", "major": false}, "geometry": {"type": "LineString", "coordinates": [[70.7642276, 22.2702444], [70.7641407, 22.2702563], [70.7640637, 22.270267], [70.763842, 22.2703228], [70.7636422, 22.2703539], [70.763551, 22.2703601], [70.763446, 22.2703535], [70.762344, 22.2703016], [70.761207, 22.270248], [70.7610591, 22.2702493]]}}, {"type": "Feature", "properties": {"road_type": "tertiary", "name": "Unnamed road", "major": false}, "geometry": {"type": "LineString", "coordinates": [[70.7598673, 22.2761219], [70.7598113, 22.2762457], [70.7596323, 22.2767241], [70.7593936, 22.2773421], [70.7593315, 22.2774917], [70.7593051, 22.2775556], [70.7592139, 22.2777591], [70.7589725, 22.2782803], [70.7589186, 22.2783879], [70.7588054, 22.2786139], [70.7586157, 22.2789927], [70.7585648, 22.2790919], [70.7585299, 22.2791714], [70.7585058, 22.2792607], [70.7584397, 22.2795116], [70.7583172, 22.2799759], [70.7582241, 22.2803081], [70.7581893, 22.2804074], [70.7581517, 22.2804793], [70.7580375, 22.2806671], [70.7579778, 22.2807644], [70.7579076, 22.2808814], [70.7578486, 22.2809906], [70.7577789, 22.2811271], [70.7576501, 22.2813828], [70.7573606, 22.2819531], [70.7570823, 22.2825308]]}}, {"type": "Feature", "properties": {"road_type": "tertiary", "name": "Unnamed road", "major": false}, "geometry": {"type": "LineString", "coordinates": [[70.7553515, 22.2862388], [70.7555371, 22.2863464]]}}, {"type": "Feature", "properties": {"road_type": "tertiary", "name": "Unnamed road", "major": false}, "geometry": {"type": "LineString", "coordinates": [[70.7555678, 22.2862532], [70.7553515, 22.2862388]]}}, {"type": "Feature", "properties": {"road_type": "tertiary", "name": "Unnamed road", "major": false}, "geometry": {"type": "LineString", "coordinates": [[70.7555348, 22.2862948], [70.7555312, 22.2863208], [70.7555371, 22.2863464], [70.7555511, 22.286368], [70.7555719, 22.2863844], [70.7555972, 22.2863938], [70.7556202, 22.2863955], [70.7556429, 22.2863914], [70.7556635, 22.2863818], [70.7556823, 22.2863652], [70.7556949, 22.2863441], [70.7556998, 22.2863205], [70.7556968, 22.2862966], [70.755686, 22.2862747], [70.7556685, 22.2862568], [70.7556507, 22.2862466], [70.7556306, 22.2862407], [70.7556097, 22.2862397], [70.7555878, 22.2862438], [70.7555678, 22.2862532], [70.7555475, 22.2862714], [70.7555348, 22.2862948]]}}, {"type": "Feature", "properties": {"road_type": "tertiary", "name": "Unnamed road", "major": false}, "geometry": {"type": "LineString", "coordinates": [[70.7555511, 22.286368], [70.7553901, 22.286742], [70.7552143, 22.2871869], [70.7550974, 22.2874963], [70.7550737, 22.2876508]]}}, {"type": "Feature", "properties": {"road_type": "tertiary", "name": "University Road", "major": false}, "geometry": {"type": "LineString", "coordinates": [[70.7593038, 22.2876432], [70.759132, 22.2876526], [70.7591104, 22.2876561], [70.7589914, 22.287656], [70.7584303, 22.2876696], [70.7581273, 22.2876653], [70.7577145, 22.2876582], [70.7572458, 22.2876559], [70.7567804, 22.2876567], [70.7563447, 22.287655], [70.7558893, 22.2876568], [70.7557319, 22.2876599], [70.7552023, 22.2876491], [70.7550737, 22.2876508], [70.7548488, 22.2876673], [70.7546373, 22.2876782], [70.7546176, 22.2876792], [70.7545868, 22.2876808], [70.7544185, 22.2876849], [70.7543213, 22.2876873], [70.7539513, 22.2877033], [70.7538679, 22.2877069], [70.7534821, 22.2877079], [70.7533038, 22.287697]]}}, {"type": "Feature", "properties": {"road_type": "tertiary", "name": "University Road", "major": false}, "geometry": {"type": "LineString", "coordinates": [[70.7594599, 22.2877083], [70.7595651, 22.287728], [70.7596395, 22.2877392], [70.7597668, 22.2877486], [70.7598822, 22.2877552], [70.7599206, 22.2877564], [70.7602053, 22.2877624], [70.760608, 22.2877549], [70.7609892, 22.2877558], [70.7615246, 22.2877471], [70.7619273, 22.2877429], [70.7622513, 22.2877461], [70.7623233, 22.2877468], [70.7627726, 22.2877796], [70.7629489, 22.287793], [70.7632189, 22.2878193], [70.7634272, 22.2878427], [70.7637007, 22.2878732], [70.7641697, 22.2879277], [70.7645264, 22.2879602], [70.7655888, 22.2880374], [70.7658474, 22.2880407], [70.7664563, 22.2880266], [70.7666407, 22.2880224], [70.7667057, 22.2880209], [70.7669989, 22.2880209], [70.7670705, 22.2880209], [70.7677953, 22.2881024], [70.7683209, 22.2881615], [70.7685373, 22.2881859], [70.76913, 22.2882525], [70.7697534, 22.2883226], [70.7700781, 22.2883591], [70.7703803, 22.2883931], [70.7705688, 22.2884215], [70.7707463, 22.2884482]]}}, {"type": "Feature", "properties": {"road_type": "tertiary", "name": "Unnamed road", "major": false}, "geometry": {"type": "LineString", "coordinates": [[70.7593043, 22.2876144], [70.7593038, 22.2876432], [70.7593139, 22.2876724], [70.7593342, 22.2876975], [70.7593622, 22.2877151], [70.759395, 22.2877232], [70.7594288, 22.2877208], [70.7594599, 22.2877083], [70.7594848, 22.287687], [70.7595008, 22.2876594], [70.7595061, 22.2876284], [70.7595, 22.2875975], [70.7594838, 22.2875708], [70.7594593, 22.2875503], [70.7594289, 22.2875382], [70.7593959, 22.2875358], [70.7593638, 22.2875432], [70.7593543, 22.2875489], [70.7593226, 22.2875766], [70.7593043, 22.2876144]]}}, {"type": "Feature", "properties": {"road_type": "tertiary", "name": "Unnamed road", "major": false}, "geometry": {"type": "LineString", "coordinates": [[70.7559476, 22.2864159], [70.755686, 22.2862747]]}}, {"type": "Feature", "properties": {"road_type": "tertiary", "name": "Unnamed road", "major": false}, "geometry": {"type": "LineString", "coordinates": [[70.7559476, 22.2864159], [70.7560546, 22.2864532], [70.7566591, 22.2866616], [70.756912, 22.2867511], [70.7569565, 22.2867634], [70.7572976, 22.286875], [70.7581538, 22.2871549], [70.7582057, 22.2871726], [70.758866, 22.2873758]]}}, {"type": "Feature", "properties": {"road_type": "tertiary", "name": "Unnamed road", "major": false}, "geometry": {"type": "LineString", "coordinates": [[70.7593543, 22.2875489], [70.7592995, 22.2875062], [70.7592194, 22.2874634], [70.7591146, 22.2874207], [70.7589865, 22.2873802], [70.7589393, 22.2873722], [70.758866, 22.2873758]]}}, {"type": "Feature", "properties": {"road_type": "tertiary", "name": "Unnamed road", "major": false}, "geometry": {"type": "LineString", "coordinates": [[70.758866, 22.2873758], [70.7589115, 22.2874213], [70.7590611, 22.2874813], [70.7591514, 22.2875275], [70.7593043, 22.2876144]]}}, {"type": "Feature", "properties": {"road_type": "tertiary", "name": "Rupaben Shilu Marg", "major": false}, "geometry": {"type": "LineString", "coordinates": [[70.7510413, 22.2988568], [70.751299, 22.2985157], [70.7518452, 22.2977214], [70.7519574, 22.2975777], [70.7520265, 22.2974811], [70.7520549, 22.2974414], [70.7521733, 22.297311], [70.7528173, 22.2967141], [70.7528997, 22.2966428], [70.75312, 22.2964752], [70.7532224, 22.296392], [70.7532961, 22.2962836], [70.7534469, 22.2960071], [70.7536974, 22.2955272], [70.7537622, 22.2954493], [70.7537949, 22.2954134], [70.7539082, 22.295289], [70.7541204, 22.2949965], [70.7543583, 22.2946383], [70.7544812, 22.2944394], [70.7546144, 22.2942258], [70.7549301, 22.2938055], [70.7549993, 22.2937403], [70.7552503, 22.2935037], [70.7553398, 22.2934193], [70.7554225, 22.2933413], [70.755486, 22.2932762], [70.7556084, 22.2931507], [70.7557662, 22.2929889], [70.7560598, 22.2927046], [70.756132, 22.2926196], [70.7562306, 22.2924919], [70.7563291, 22.2920968], [70.7563585, 22.2919647], [70.7564178, 22.2916987], [70.7564382, 22.2916311], [70.7564868, 22.2914708], [70.7565426, 22.291255], [70.7565984, 22.2910666], [70.7566575, 22.2908934], [70.756699, 22.2907876], [70.7567372, 22.2907254], [70.7570256, 22.2904363], [70.7570911, 22.2903706], [70.7573376, 22.2901188], [70.7576702, 22.2897789], [70.7577513, 22.289696], [70.7579055, 22.2895411], [70.7581993, 22.2892459], [70.7582505, 22.2891945], [70.7583097, 22.2891342], [70.7584115, 22.2890304], [70.7587423, 22.2884778], [70.7587831, 22.2884096], [70.7588408, 22.288322], [70.7588923, 22.2882387], [70.7590004, 22.2880407], [70.7590499, 22.2879014], [70.7590899, 22.2877694], [70.7591104, 22.2876561]]}}, {"type": "Feature", "properties": {"road_type": "tertiary", "name": "Unnamed road", "major": false}, "geometry": {"type": "LineString", "coordinates": [[70.7622555, 22.2876802], [70.7622513, 22.2877461], [70.7622473, 22.2877797], [70.7622406, 22.2878044], [70.7621472, 22.2880364], [70.7621556, 22.2880745]]}}, {"type": "Feature", "properties": {"road_type": "tertiary", "name": "Sadhu Vaswani Road", "major": false}, "geometry": {"type": "LineString", "coordinates": [[70.7621556, 22.2880745], [70.7620631, 22.2882498], [70.761805, 22.288751], [70.7616576, 22.2890639], [70.7612162, 22.28988], [70.7609662, 22.2903057], [70.7606082, 22.2909233], [70.7604155, 22.2912556], [70.7602403, 22.2915578], [70.7600268, 22.2919042], [70.7599744, 22.2919995], [70.7598137, 22.2922921], [70.7597365, 22.2924373], [70.759602, 22.2926905], [70.7594627, 22.2929562], [70.7590715, 22.2937048], [70.7588181, 22.2941228], [70.7586018, 22.2947815], [70.7582483, 22.2958688], [70.7580703, 22.2963921], [70.7580606, 22.296421], [70.7579726, 22.2966815], [70.7578955, 22.2969098], [70.757719, 22.2974525], [70.7576814, 22.2975687], [70.7576541, 22.2976887], [70.7575826, 22.2979827], [70.7575354, 22.2981771], [70.7573857, 22.298793], [70.757335, 22.2991366], [70.7572375, 22.2997976], [70.7571759, 22.3001288], [70.757159, 22.3002035], [70.7570061, 22.3008788], [70.7569705, 22.3009534]]}}, {"type": "Feature", "properties": {"road_type": "tertiary", "name": "Unnamed road", "major": false}, "geometry": {"type": "LineString", "coordinates": [[70.7732454, 22.273211], [70.7728596, 22.2729957], [70.7727726, 22.2729414], [70.7726245, 22.2728263], [70.7724226, 22.2726746], [70.7723008, 22.2726028], [70.772219, 22.2725579], [70.7721321, 22.2725161], [70.772039, 22.2724772], [70.7717219, 22.272353], [70.7713523, 22.2722016], [70.7710637, 22.2721146], [70.770733, 22.2720253], [70.7706403, 22.2720039], [70.7704192, 22.2719453], [70.770051, 22.271836], [70.7699391, 22.2718102], [70.7698496, 22.2717895], [70.7696991, 22.2717563], [70.7693737, 22.2716634], [70.7690467, 22.271568], [70.768476, 22.2713897], [70.768218, 22.2712949], [70.7679977, 22.271214], [70.7674315, 22.2710356], [70.7672997, 22.2709804], [70.7672141, 22.2709376], [70.7666295, 22.2706322], [70.7663043, 22.2704804], [70.7661705, 22.2704179], [70.7661061, 22.2703914], [70.7658482, 22.2702853], [70.7656498, 22.2702211], [70.7653394, 22.2701423], [70.7649524, 22.2700726], [70.7648606, 22.2700598], [70.764771, 22.2700505], [70.7647084, 22.270056], [70.764648, 22.2700721], [70.7645922, 22.2700893], [70.7643839, 22.2701814]]}}, {"type": "Feature", "properties": {"road_type": "tertiary", "name": "Unnamed road", "major": false}, "geometry": {"type": "LineString", "coordinates": [[70.7609848, 22.2702008], [70.7610669, 22.269973], [70.7612095, 22.2696309], [70.7613947, 22.2692254], [70.7615575, 22.2688843], [70.7617821, 22.2684156], [70.7618071, 22.2683548]]}}, {"type": "Feature", "properties": {"road_type": "tertiary", "name": "Unnamed road", "major": false}, "geometry": {"type": "LineString", "coordinates": [[70.7610096, 22.2703707], [70.7610363, 22.2703555], [70.7610562, 22.2703331], [70.7610672, 22.270306], [70.7610682, 22.2702771], [70.7610591, 22.2702493], [70.7610408, 22.2702259], [70.7610152, 22.2702091], [70.7609848, 22.2702008], [70.7609531, 22.2702022], [70.7609236, 22.270213], [70.7609117, 22.2702226], [70.7608996, 22.2702323], [70.7608837, 22.2702577], [70.7608776, 22.2702865], [70.7608821, 22.2703156], [70.7608966, 22.2703417], [70.7609196, 22.270362], [70.760948, 22.2703742], [70.7609791, 22.2703772], [70.7610096, 22.2703707]]}}, {"type": "Feature", "properties": {"road_type": "tertiary", "name": "Unnamed road", "major": false}, "geometry": {"type": "LineString", "coordinates": [[70.7618839, 22.2678193], [70.7617961, 22.2681787], [70.7617461, 22.2683235]]}}, {"type": "Feature", "properties": {"road_type": "tertiary", "name": "Unnamed road", "major": false}, "geometry": {"type": "LineString", "coordinates": [[70.7608966, 22.2703417], [70.7607304, 22.2705655], [70.7604363, 22.2709312], [70.7602119, 22.2711792], [70.7599638, 22.2714421]]}}, {"type": "Feature", "properties": {"road_type": "primary", "name": "Ring Road -2", "major": true}, "geometry": {"type": "LineString", "coordinates": [[70.7447362, 22.2726662], [70.7445013, 22.2731002]]}}, {"type": "Feature", "properties": {"road_type": "primary", "name": "Ring Road -2", "major": true}, "geometry": {"type": "LineString", "coordinates": [[70.7445013, 22.2731002], [70.7441212, 22.2738027], [70.743109, 22.2757138], [70.7429559, 22.275959], [70.7425056, 22.2765231], [70.7423853, 22.2766878], [70.7413486, 22.2781065], [70.7411714, 22.2783453], [70.7400761, 22.2798219], [70.7397309, 22.280283], [70.7394094, 22.2807285], [70.7389098, 22.2813898], [70.7382539, 22.2822349], [70.7381224, 22.2824191], [70.737561, 22.2832055], [70.7374904, 22.283296], [70.737117, 22.2837748], [70.7354111, 22.2858882], [70.7353561, 22.2859564], [70.7349081, 22.2865158], [70.7348604, 22.2865753], [70.7333234, 22.2884949]]}}, {"type": "Feature", "properties": {"road_type": "primary", "name": "Ring Road -2", "major": true}, "geometry": {"type": "LineString", "coordinates": [[70.7448696, 22.2723922], [70.7447362, 22.2726662]]}}, {"type": "Feature", "properties": {"road_type": "primary", "name": "Ring Road -2", "major": true}, "geometry": {"type": "LineString", "coordinates": [[70.7448696, 22.2723922], [70.7449313, 22.2723365], [70.7449682, 22.2722948], [70.7451193, 22.2719306], [70.7452865, 22.2715657], [70.7456636, 22.2708059], [70.7457365, 22.2706975]]}}, {"type": "Feature", "properties": {"road_type": "secondary", "name": "Ring Road -2", "major": true}, "geometry": {"type": "LineString", "coordinates": [[70.7463442, 22.2698224], [70.7468831, 22.2691418], [70.7474118, 22.268401], [70.7474604, 22.26834], [70.7481242, 22.2674228], [70.7483798, 22.2670718], [70.7488985, 22.2663594], [70.7490406, 22.2661702], [70.7497827, 22.2651712], [70.7501194, 22.264718], [70.7506742, 22.2639897], [70.7510866, 22.2634526], [70.7513163, 22.2631533], [70.7513739, 22.2630445], [70.7514203, 22.2629971], [70.751815, 22.2624704]]}}, {"type": "Feature", "properties": {"road_type": "primary", "name": "Unnamed road", "major": true}, "geometry": {"type": "LineString", "coordinates": [[70.8176723, 22.2247601], [70.8176699, 22.2248689]]}}, {"type": "Feature", "properties": {"road_type": "primary", "name": "Unnamed road", "major": true}, "geometry": {"type": "LineString", "coordinates": [[70.8176699, 22.2248689], [70.817667, 22.2249389], [70.8176627, 22.2250425], [70.8176251, 22.2262394], [70.8176096, 22.2267348], [70.8176151, 22.226945], [70.8176641, 22.2275016], [70.8177131, 22.2281223], [70.8177191, 22.22823]]}}, {"type": "Feature", "properties": {"road_type": "primary", "name": "Unnamed road", "major": true}, "geometry": {"type": "LineString", "coordinates": [[70.8178487, 22.2210906], [70.817847, 22.2211264], [70.8178065, 22.2220279], [70.8177173, 22.2238625], [70.8176891, 22.2244074], [70.8176774, 22.224654], [70.8176723, 22.2247601]]}}, {"type": "Feature", "properties": {"road_type": "primary", "name": "Unnamed road", "major": true}, "geometry": {"type": "LineString", "coordinates": [[70.8178516, 22.2210371], [70.8178487, 22.2210906]]}}, {"type": "Feature", "properties": {"road_type": "primary", "name": "Unnamed road", "major": true}, "geometry": {"type": "LineString", "coordinates": [[70.8179023, 22.2199508], [70.8178983, 22.2200311]]}}, {"type": "Feature", "properties": {"road_type": "primary", "name": "Unnamed road", "major": true}, "geometry": {"type": "LineString", "coordinates": [[70.8178983, 22.2200311], [70.8178909, 22.2201788], [70.8178536, 22.2209958], [70.8178516, 22.2210371]]}}, {"type": "Feature", "properties": {"road_type": "tertiary", "name": "Unnamed road", "major": false}, "geometry": {"type": "LineString", "coordinates": [[70.7495883, 22.3231993], [70.7490978, 22.3234196], [70.7490265, 22.3234623], [70.7489795, 22.3234976], [70.7488611, 22.3236214], [70.7487887, 22.3236726], [70.7487044, 22.3237018], [70.7485585, 22.3237367], [70.7484925, 22.3237427], [70.7484203, 22.3237402], [70.7483327, 22.3237274], [70.7478213, 22.3236187], [70.7477583, 22.3236015], [70.7477015, 22.3235814], [70.7474865, 22.3234596], [70.7473903, 22.3234226], [70.747295, 22.3234006], [70.7469369, 22.323334], [70.7468324, 22.3232985], [70.7467142, 22.3232455], [70.7463355, 22.3229817], [70.7462094, 22.3228947], [70.7460882, 22.3228296], [70.7456361, 22.3226882], [70.745278, 22.322593], [70.7452239, 22.3225834], [70.7451658, 22.322585], [70.744961, 22.3226023], [70.7448903, 22.322598], [70.7448131, 22.3225746], [70.7443112, 22.3223301], [70.7439385, 22.3222535], [70.7438349, 22.3222178], [70.7437924, 22.3221916], [70.7437683, 22.3221597], [70.7437366, 22.3220619], [70.7436994, 22.3219888], [70.7436425, 22.321942], [70.743564, 22.3219102], [70.7434305, 22.3218766], [70.7430643, 22.3218293], [70.7429336, 22.3217987], [70.7427694, 22.3217528], [70.7424792, 22.3216179], [70.7423646, 22.3215646], [70.7422496, 22.3215339], [70.741793, 22.3214501], [70.7407143, 22.3212528], [70.7404948, 22.3212119], [70.7402265, 22.3211556], [70.7397062, 22.3210879], [70.7395927, 22.3210773], [70.7394426, 22.3210882], [70.7392085, 22.3211328], [70.7389714, 22.3211766], [70.7387573, 22.3212076], [70.7383667, 22.3212476], [70.7383008, 22.3212576], [70.7381785, 22.3212718], [70.7375151, 22.3213654], [70.7373115, 22.3214252], [70.737083, 22.3215145], [70.7367665, 22.3216634], [70.7360084, 22.3219167], [70.7352966, 22.3221545], [70.735007, 22.322224], [70.7346046, 22.3222488], [70.7343739, 22.3222141], [70.7337987, 22.3220432]]}}, {"type": "Feature", "properties": {"road_type": "primary", "name": "Unnamed road", "major": true}, "geometry": {"type": "LineString", "coordinates": [[70.8177191, 22.22823], [70.817726, 22.2283641]]}}, {"type": "Feature", "properties": {"road_type": "primary", "name": "Unnamed road", "major": true}, "geometry": {"type": "LineString", "coordinates": [[70.817726, 22.2283641], [70.817736, 22.2285674], [70.8177403, 22.2286269], [70.817749, 22.229778], [70.8177697, 22.2304723], [70.8177732, 22.2305903], [70.8177969, 22.2314171], [70.8177962, 22.2315074], [70.8177939, 22.2318049], [70.8177872, 22.2319452], [70.8177791, 22.2321165], [70.8177664, 22.2323956], [70.8177556, 22.2326269], [70.8177421, 22.2329186]]}}, {"type": "Feature", "properties": {"road_type": "tertiary", "name": "Unnamed road", "major": false}, "geometry": {"type": "LineString", "coordinates": [[70.7718278, 22.2460484], [70.7717522, 22.2460606], [70.7717056, 22.2460731], [70.7716266, 22.2461027], [70.7708913, 22.2464755], [70.7685878, 22.2476954], [70.7685271, 22.2477241], [70.7676037, 22.2482098], [70.7675516, 22.2482317], [70.7673769, 22.2482963], [70.7673116, 22.2483159], [70.7671264, 22.2483715], [70.7666453, 22.2485093], [70.7658283, 22.2487434], [70.7649778, 22.2489805], [70.7648446, 22.2490172], [70.7643202, 22.2491802], [70.7642484, 22.249217], [70.7642004, 22.2492532], [70.7641324, 22.2493432]]}}, {"type": "Feature", "properties": {"road_type": "tertiary", "name": "Unnamed road", "major": false}, "geometry": {"type": "LineString", "coordinates": [[70.7813402, 22.2459539], [70.7812674, 22.2459243], [70.7804671, 22.245936], [70.7795086, 22.245935], [70.77884, 22.2459369], [70.7783567, 22.245948], [70.7772888, 22.2459823], [70.775175, 22.2460037], [70.7726476, 22.2460292], [70.7726168, 22.2460298], [70.7718278, 22.2460484]]}}, {"type": "Feature", "properties": {"road_type": "tertiary", "name": "Unnamed road", "major": false}, "geometry": {"type": "LineString", "coordinates": [[70.7644871, 22.2702653], [70.7646425, 22.2701802], [70.7647168, 22.2701502], [70.7648028, 22.2701351], [70.7649096, 22.2701416], [70.7650909, 22.2701729], [70.7652129, 22.2701896], [70.7653205, 22.270206], [70.7654993, 22.2702469], [70.7657037, 22.2703049], [70.7659019, 22.270389], [70.766132, 22.2705022], [70.7662552, 22.2705612], [70.7663658, 22.2706141], [70.7665096, 22.2706829], [70.7666985, 22.2707733], [70.7668476, 22.2708447], [70.767069, 22.2709572], [70.7672305, 22.2710392], [70.7672745, 22.2710624], [70.7673963, 22.2711083], [70.7674125, 22.2711136], [70.7679743, 22.2712971], [70.7680314, 22.2713158], [70.7682229, 22.2713794], [70.7684579, 22.2714545], [70.7686976, 22.2715312], [70.7689841, 22.2716226], [70.7690925, 22.271655], [70.7694764, 22.2717698], [70.7695258, 22.2717846], [70.7699384, 22.2718928], [70.7700862, 22.2719316], [70.7705969, 22.2720681], [70.7708792, 22.2721446], [70.7709782, 22.2721714], [70.7712164, 22.2722514], [70.7713069, 22.2722901], [70.7716999, 22.2724352], [70.7717931, 22.2724696], [70.772078, 22.2725798], [70.7722204, 22.2726425], [70.7723535, 22.2727203], [70.7725496, 22.272865], [70.7727108, 22.2729839], [70.7728625, 22.2730854], [70.7731955, 22.2732851]]}}, {"type": "Feature", "properties": {"road_type": "tertiary", "name": "Unnamed road", "major": false}, "geometry": {"type": "LineString", "coordinates": [[70.7813402, 22.2459539], [70.7814191, 22.2459523], [70.7814922, 22.2459492], [70.7815952, 22.2459363]]}}, {"type": "Feature", "properties": {"road_type": "tertiary", "name": "Unnamed road", "major": false}, "geometry": {"type": "LineString", "coordinates": [[70.7819656, 22.2459425], [70.7820577, 22.2459942], [70.7828682, 22.2459766], [70.7829462, 22.2459754], [70.7832238, 22.2459711], [70.7836941, 22.2459582], [70.7838644, 22.2459536], [70.7846366, 22.2459283], [70.7847404, 22.2459213], [70.78502, 22.2459079], [70.7853451, 22.2458869], [70.7855055, 22.2458778], [70.7856125, 22.245873], [70.7857273, 22.2458696], [70.7862388, 22.2458547]]}}, {"type": "Feature", "properties": {"road_type": "tertiary", "name": "Unnamed road", "major": false}, "geometry": {"type": "LineString", "coordinates": [[70.7817864, 22.2459285], [70.7818598, 22.2459312], [70.7819064, 22.2459347], [70.7819656, 22.2459425]]}}, {"type": "Feature", "properties": {"road_type": "tertiary", "name": "Unnamed road", "major": false}, "geometry": {"type": "LineString", "coordinates": [[70.7815952, 22.2459363], [70.7817864, 22.2459285]]}}, {"type": "Feature", "properties": {"road_type": "tertiary", "name": "Unnamed road", "major": false}, "geometry": {"type": "LineString", "coordinates": [[70.79015, 22.2456343], [70.7901059, 22.2456175], [70.7900693, 22.2456147], [70.7900002, 22.2456159], [70.789838, 22.2456172], [70.7893109, 22.2456284], [70.7889515, 22.2456408], [70.7885371, 22.2456593], [70.7881697, 22.2456764], [70.7876853, 22.245707], [70.7873332, 22.2457304], [70.7870731, 22.2457477], [70.7869799, 22.2457521], [70.7862886, 22.2457846], [70.7857694, 22.2458026], [70.7853979, 22.2458212], [70.7852012, 22.2458327], [70.7850111, 22.2458482], [70.7847759, 22.2458559], [70.7846375, 22.2458623], [70.7842562, 22.2458715], [70.7836964, 22.2458804], [70.7832259, 22.2458911], [70.7821833, 22.2459154], [70.7820583, 22.2459183], [70.7819656, 22.2459425]]}}, {"type": "Feature", "properties": {"road_type": "tertiary", "name": "Unnamed road", "major": false}, "geometry": {"type": "LineString", "coordinates": [[70.7236634, 22.3251652], [70.7251626, 22.3245549], [70.7269774, 22.3239632], [70.7272115, 22.3238869], [70.728316, 22.3234847], [70.7284373, 22.3234277], [70.7289237, 22.3231767], [70.7294225, 22.3229796], [70.7295077, 22.3229476], [70.7295867, 22.3229213], [70.7299173, 22.3228046], [70.7300157, 22.3227708]]}}, {"type": "Feature", "properties": {"road_type": "tertiary", "name": "Unnamed road", "major": false}, "geometry": {"type": "LineString", "coordinates": [[70.7728609, 22.2472435], [70.7723858, 22.2467268], [70.7721728, 22.2464951], [70.7721451, 22.246465]]}}, {"type": "Feature", "properties": {"road_type": "tertiary", "name": "Unnamed road", "major": false}, "geometry": {"type": "LineString", "coordinates": [[70.7729315, 22.2473155], [70.7728609, 22.2472435]]}}, {"type": "Feature", "properties": {"road_type": "tertiary", "name": "Raiya Road", "major": false}, "geometry": {"type": "LineString", "coordinates": [[70.7638976, 22.3014286], [70.763842, 22.301418], [70.7637092, 22.3013833], [70.763602, 22.3013522], [70.7635121, 22.3013361], [70.7633042, 22.3013088], [70.7625522, 22.3012853], [70.7624808, 22.301284], [70.7616372, 22.3012579], [70.7616144, 22.3012575], [70.7614496, 22.3012544], [70.7613515, 22.3012525], [70.7611853, 22.3012493], [70.7607575, 22.3012418], [70.7603551, 22.3012282], [70.7600968, 22.3012317], [70.7598522, 22.3012431], [70.7596028, 22.3012513], [70.7594378, 22.3012567], [70.7590234, 22.3012728], [70.7588451, 22.3012728], [70.7586412, 22.3012617], [70.7583562, 22.301241], [70.7582898, 22.3012381], [70.7582027, 22.3012307], [70.7581075, 22.3012083], [70.7579425, 22.3011599], [70.7577641, 22.3011091], [70.7575066, 22.3010383], [70.7570061, 22.3008788], [70.7565558, 22.3007181], [70.7563613, 22.3006487], [70.7560125, 22.3005132], [70.7555177, 22.3003211], [70.7553372, 22.3002592], [70.7549196, 22.3001177], [70.7544819, 22.2999724], [70.7541941, 22.2998769], [70.7533827, 22.2996015], [70.7527629, 22.2993813], [70.7525853, 22.2993187], [70.7525499, 22.2993062], [70.7524467, 22.2992714], [70.7523608, 22.2992553], [70.7522629, 22.2992441], [70.7521342, 22.2992292], [70.7519974, 22.2992156], [70.7519236, 22.2992069], [70.7518445, 22.2991846], [70.7516862, 22.29912], [70.7512061, 22.2989041], [70.7511458, 22.2989116]]}}, {"type": "Feature", "properties": {"road_type": "tertiary", "name": "Unnamed road", "major": false}, "geometry": {"type": "LineString", "coordinates": [[70.8177647, 22.2330413], [70.8178225, 22.2330493], [70.8179015, 22.2330528], [70.8184559, 22.2330595], [70.8191572, 22.233071], [70.8198227, 22.2330868], [70.8199107, 22.2330823], [70.8199767, 22.2330687], [70.8200427, 22.2330347], [70.8201258, 22.2329759], [70.8201967, 22.2329375], [70.8202798, 22.2329148], [70.8203775, 22.2329126], [70.8207549, 22.2329126], [70.8208105, 22.2329205], [70.8208624, 22.2329543], [70.8209029, 22.2330032], [70.8209325, 22.2330488], [70.821158, 22.2334924], [70.821172, 22.2335201], [70.8211994, 22.2335739], [70.8213379, 22.233822], [70.8213639, 22.2338951], [70.8213761, 22.2339485], [70.8213861, 22.2340116], [70.8213952, 22.2341427], [70.8213681, 22.2344104], [70.8213229, 22.2346251], [70.8212415, 22.2349714], [70.821236, 22.235011]]}}, {"type": "Feature", "properties": {"road_type": "tertiary", "name": "Unnamed road", "major": false}, "geometry": {"type": "LineString", "coordinates": [[70.8216787, 22.2354356], [70.8224038, 22.2359245]]}}, {"type": "Feature", "properties": {"road_type": "tertiary", "name": "Unnamed road", "major": false}, "geometry": {"type": "LineString", "coordinates": [[70.8224038, 22.2359245], [70.8225068, 22.2359809], [70.8225768, 22.2360113], [70.8226298, 22.2360344], [70.822814, 22.2360901], [70.8230958, 22.2361798], [70.8234185, 22.2363032], [70.8238181, 22.2364428], [70.8238716, 22.2364612], [70.8241063, 22.2365317], [70.8242819, 22.236583], [70.824378, 22.2366048], [70.8245089, 22.2366214], [70.8246667, 22.2366282], [70.8248267, 22.2366203], [70.8249576, 22.2366005]]}}, {"type": "Feature", "properties": {"road_type": "tertiary", "name": "Unnamed road", "major": false}, "geometry": {"type": "LineString", "coordinates": [[70.8252964, 22.2365015], [70.8253631, 22.236474], [70.8254953, 22.2364053], [70.8261941, 22.2359976], [70.8264916, 22.2358329], [70.8266243, 22.235758], [70.8267449, 22.2356877], [70.8272402, 22.2353979], [70.8276614, 22.2351478], [70.8287105, 22.234561], [70.8297017, 22.2340241], [70.8300041, 22.2338459], [70.8301343, 22.2337749], [70.8303355, 22.2336684], [70.8305511, 22.2335612], [70.8306834, 22.2334927], [70.8308402, 22.2334115], [70.83112, 22.2332724], [70.8317587, 22.2329675], [70.8319374, 22.232875], [70.832159, 22.2327539], [70.8322478, 22.232705], [70.8323617, 22.2326463], [70.8324698, 22.232604], [70.8325641, 22.2325762], [70.8326793, 22.2325517], [70.8328052, 22.2325358], [70.8329652, 22.2325269], [70.8332775, 22.2325091], [70.8336548, 22.2324935], [70.8338672, 22.2324773], [70.8339333, 22.2324594], [70.8339928, 22.2324388], [70.8341635, 22.232374], [70.8342502, 22.2323304], [70.8343143, 22.2322788], [70.8343552, 22.2322272], [70.8343873, 22.2321659], [70.8344345, 22.2320581], [70.8344817, 22.2319309], [70.8346567, 22.2313955], [70.8348966, 22.2305765], [70.8350668, 22.2300297], [70.8352374, 22.2294481], [70.8353921, 22.2289066], [70.8355729, 22.2283957], [70.8356074, 22.228297], [70.8356647, 22.2281329], [70.8357307, 22.2279309], [70.8357696, 22.2277741], [70.835856, 22.2274012], [70.8359493, 22.2270414], [70.8360458, 22.2266273], [70.8361423, 22.2261525], [70.8362538, 22.2256626], [70.8363939, 22.2250629], [70.8365399, 22.2243969], [70.8365484, 22.2243581], [70.8366709, 22.2237574], [70.836808, 22.2230809], [70.836938, 22.2224257], [70.8370573, 22.2218236], [70.8371379, 22.2214227], [70.8372008, 22.2211259], [70.8372677, 22.2208441], [70.8373045, 22.2206977], [70.8373248, 22.2206188], [70.8374946, 22.2199413], [70.8375136, 22.2198727], [70.8375394, 22.2197626], [70.8376473, 22.2193541], [70.8376615, 22.2192987], [70.837728, 22.2190402], [70.8377365, 22.2190071], [70.8378879, 22.218419], [70.8380008, 22.2179799], [70.8380602, 22.2177491], [70.8381667, 22.2173352], [70.8381799, 22.2172986], [70.8382023, 22.2172048]]}}, {"type": "Feature", "properties": {"road_type": "tertiary", "name": "Unnamed road", "major": false}, "geometry": {"type": "LineString", "coordinates": [[70.8249576, 22.2366005], [70.8252964, 22.2365015]]}}, {"type": "Feature", "properties": {"road_type": "primary", "name": "Unnamed road", "major": true}, "geometry": {"type": "LineString", "coordinates": [[70.818703, 22.2516434], [70.818736, 22.2516203], [70.8187577, 22.2515987], [70.8188326, 22.2514606], [70.8188664, 22.2513687], [70.8188801, 22.2513025], [70.8188888, 22.2512415], [70.8188847, 22.2511612], [70.8188654, 22.2510187], [70.818784, 22.2504787], [70.8186295, 22.2494317], [70.8186215, 22.2493806], [70.8185933, 22.2491997], [70.8185246, 22.2487173], [70.8184518, 22.2482228], [70.8184189, 22.2479977], [70.8183843, 22.2477607], [70.8183221, 22.2473544], [70.8183054, 22.2472456], [70.8182733, 22.2470362], [70.81823, 22.2467533], [70.8181214, 22.2460541], [70.8180536, 22.2456175], [70.8180475, 22.245576], [70.8179761, 22.2450638], [70.8179497, 22.244911], [70.8178578, 22.244282], [70.8178118, 22.2439414], [70.8178043, 22.2438899], [70.8177633, 22.2435544], [70.817699, 22.2430828], [70.8176807, 22.2429459], [70.817637, 22.2425484], [70.8176163, 22.2423602], [70.8176091, 22.2422988], [70.8175286, 22.2416057], [70.8174953, 22.2411096], [70.8174581, 22.2405521], [70.8174309, 22.2398148], [70.817429, 22.2393111], [70.8174266, 22.238646], [70.8174168, 22.2380877], [70.8174141, 22.237936], [70.8174087, 22.2376283], [70.8174144, 22.2370786], [70.8174391, 22.2366014], [70.8174525, 22.2364582], [70.8174652, 22.2362842], [70.8174828, 22.2360634], [70.8174969, 22.2359402], [70.8175293, 22.2356558], [70.8175897, 22.2351964], [70.8175976, 22.2351366], [70.8176456, 22.2347488], [70.8176506, 22.2347086], [70.8176817, 22.2343569], [70.8177308, 22.2336863], [70.8177478, 22.2333725], [70.8177647, 22.2330413], [70.8177611, 22.2329752], [70.8177542, 22.2329483], [70.8177421, 22.2329186]]}}, {"type": "Feature", "properties": {"road_type": "primary", "name": "Unnamed road", "major": true}, "geometry": {"type": "LineString", "coordinates": [[70.8177421, 22.2329186], [70.8177208, 22.2329482], [70.81771, 22.2329815], [70.8177004, 22.2330248], [70.8176832, 22.2332512], [70.8176599, 22.2335591], [70.8176177, 22.2341845], [70.8176035, 22.2343485], [70.8175972, 22.2344212], [70.8175767, 22.2346453], [70.8175664, 22.2347287], [70.8175412, 22.2349316], [70.8175323, 22.2350033], [70.817463, 22.2355085], [70.8174251, 22.235816], [70.817416, 22.2358894], [70.8173891, 22.236133], [70.8173733, 22.2362908], [70.8173568, 22.2364529], [70.817344, 22.236597], [70.8173305, 22.2369075], [70.817322, 22.2372081], [70.8173203, 22.2374676], [70.8173218, 22.2376499], [70.8173237, 22.2378947], [70.8173243, 22.2379294], [70.8173256, 22.2379957], [70.8173305, 22.2382571], [70.8173323, 22.2385078], [70.8173339, 22.2387396], [70.8173322, 22.239064], [70.8173333, 22.239282], [70.8173335, 22.2393299], [70.8173339, 22.2393978], [70.8173504, 22.2398392], [70.8173528, 22.2398946], [70.8173733, 22.2404246], [70.8173792, 22.2405486], [70.8173921, 22.2407395], [70.8174065, 22.240947], [70.8174331, 22.2413296], [70.8174524, 22.241597], [70.8174758, 22.241847], [70.8175355, 22.2423005], [70.8176347, 22.2430866], [70.8176827, 22.2434987], [70.8176926, 22.2435633], [70.8177322, 22.2438942], [70.817785, 22.2442835], [70.8178382, 22.2446537], [70.8178732, 22.2449203], [70.8179655, 22.2455845], [70.8180433, 22.2460744], [70.8181456, 22.2467593], [70.8182188, 22.2472115], [70.8182235, 22.2472412], [70.8182265, 22.2472605], [70.8182923, 22.247678], [70.8183061, 22.2477708], [70.8183544, 22.2480947], [70.818411, 22.2484702], [70.8184433, 22.2486848], [70.8184493, 22.2487277], [70.8184929, 22.2490408], [70.8185207, 22.2492124], [70.8185496, 22.249391], [70.8186159, 22.2498223], [70.8186963, 22.2503713], [70.8187139, 22.2504918], [70.8187871, 22.2509936], [70.8188048, 22.2511138], [70.8188093, 22.2511944], [70.8188072, 22.2512639], [70.8187942, 22.251339], [70.8187885, 22.251358], [70.8187733, 22.2514087], [70.8187449, 22.251481], [70.8187099, 22.2515541], [70.8186982, 22.2515769], [70.8186963, 22.2516086], [70.818703, 22.2516434]]}}, {"type": "Feature", "properties": {"road_type": "tertiary", "name": "Raiya Road", "major": false}, "geometry": {"type": "LineString", "coordinates": [[70.7395903, 22.3000694], [70.7400894, 22.2999843], [70.7409406, 22.2998649], [70.7412514, 22.2998213], [70.7421345, 22.2996588], [70.7429894, 22.2994732], [70.7433138, 22.2993897], [70.7439453, 22.2991971], [70.7442729, 22.2990959], [70.7447168, 22.2989313], [70.7449146, 22.2988643], [70.7451602, 22.2987811], [70.7455804, 22.2986245], [70.7455989, 22.2986192], [70.7459011, 22.298533], [70.7461426, 22.2984641], [70.7462084, 22.298445], [70.7463902, 22.2983956], [70.7466441, 22.2983267], [70.7469026, 22.2982618], [70.7471539, 22.2982055], [70.7472704, 22.2981925], [70.7474171, 22.2981824], [70.747485, 22.2981777], [70.7475795, 22.2981712], [70.7479298, 22.2981712], [70.7479675, 22.2981712], [70.7483671, 22.2981623], [70.7486057, 22.298157], [70.7487386, 22.2981572], [70.7488796, 22.2981721], [70.7489405, 22.2981842], [70.749159, 22.2982275], [70.7492326, 22.2982421], [70.749364, 22.2982711], [70.7495736, 22.2983239], [70.7497089, 22.298358], [70.7497972, 22.2983862], [70.7500181, 22.2984578], [70.7503822, 22.2985859], [70.7504606, 22.2986135], [70.750525, 22.2986404], [70.7507132, 22.298719], [70.7508535, 22.2987775], [70.7510413, 22.2988568], [70.7511458, 22.2989116]]}}, {"type": "Feature", "properties": {"road_type": "tertiary", "name": "Unnamed road", "major": false}, "geometry": {"type": "LineString", "coordinates": [[70.7862388, 22.2458547], [70.786738, 22.2458277], [70.787089, 22.245808], [70.7874208, 22.2457895], [70.7875267, 22.2457851], [70.7881698, 22.2457464], [70.788569, 22.2457225], [70.7891169, 22.2457002], [70.7895194, 22.2456887], [70.7900139, 22.2456669], [70.7900711, 22.2456618], [70.7901115, 22.2456552], [70.79015, 22.2456343]]}}, {"type": "Feature", "properties": {"road_type": "tertiary", "name": "Unnamed road", "major": false}, "geometry": {"type": "LineString", "coordinates": [[70.8283064, 22.2728678], [70.8291705, 22.2722378], [70.8295287, 22.271985]]}}, {"type": "Feature", "properties": {"road_type": "tertiary", "name": "Unnamed road", "major": false}, "geometry": {"type": "LineString", "coordinates": [[70.7504983, 22.3154794], [70.7504938, 22.3157595], [70.7505177, 22.3162036], [70.7505287, 22.3164085], [70.7505785, 22.3168597], [70.7506389, 22.317109], [70.7506667, 22.3172499], [70.7507167, 22.3174803], [70.7507318, 22.3177322], [70.7507318, 22.3179471], [70.7507318, 22.3180088], [70.7507318, 22.3181362], [70.7507272, 22.3186777], [70.7507496, 22.3190372], [70.7507957, 22.3197757], [70.7508105, 22.3199632], [70.7508067, 22.3201507], [70.7507551, 22.3209039], [70.7506627, 22.3219673], [70.7506559, 22.3220455], [70.7505436, 22.3224144], [70.7505042, 22.3225068], [70.7504485, 22.3226143], [70.7503075, 22.3228288], [70.7502369, 22.3228912], [70.7501383, 22.3229536], [70.7496496, 22.3231719], [70.7495883, 22.3231993]]}}, {"type": "Feature", "properties": {"road_type": "tertiary", "name": "Unnamed road", "major": false}, "geometry": {"type": "LineString", "coordinates": [[70.7676668, 22.3112018], [70.7670448, 22.3112942], [70.7664023, 22.3114102], [70.7656594, 22.3115404], [70.7653853, 22.3115903], [70.7651671, 22.311637], [70.765079, 22.3116572], [70.7644846, 22.3118016], [70.7639426, 22.3119332], [70.7636169, 22.3120123], [70.7635318, 22.3120327], [70.7630866, 22.3121401], [70.762977, 22.3121664], [70.7624515, 22.3122927], [70.762403, 22.3123044], [70.7622704, 22.3123395], [70.7613271, 22.3125892], [70.7608171, 22.3127242], [70.7606768, 22.312765], [70.7601875, 22.3129074], [70.7593154, 22.3131613], [70.7589791, 22.3132657], [70.7589192, 22.3132843], [70.7582858, 22.3134809], [70.7582558, 22.3134902], [70.7582316, 22.3134975], [70.757457, 22.3137317], [70.7569389, 22.3138884], [70.7560454, 22.3141675], [70.7558489, 22.3142281]]}}, {"type": "Feature", "properties": {"road_type": "secondary", "name": "Unnamed road", "major": true}, "geometry": {"type": "LineString", "coordinates": [[70.7818853, 22.3140336], [70.7823444, 22.3139432], [70.7826615, 22.3139056], [70.7828729, 22.3138943], [70.7830253, 22.3138906], [70.7831046, 22.3139037], [70.7831697, 22.3139263], [70.7832469, 22.3139752], [70.7837083, 22.3143626], [70.7840234, 22.3146541], [70.7840702, 22.3147048], [70.7841129, 22.3147801], [70.7841535, 22.3149023], [70.7841942, 22.3150527], [70.7842655, 22.3153204]]}}, {"type": "Feature", "properties": {"road_type": "secondary", "name": "Unnamed road", "major": true}, "geometry": {"type": "LineString", "coordinates": [[70.7843577, 22.3153096], [70.7842878, 22.3150529], [70.7842645, 22.3149497], [70.784257, 22.3149164], [70.7842262, 22.3148249], [70.7841769, 22.3147394], [70.7841214, 22.3146624], [70.7832982, 22.3139089], [70.7832488, 22.3138685], [70.7831683, 22.3138387], [70.7830637, 22.3138238], [70.7828867, 22.3138263], [70.7826694, 22.3138387], [70.7824736, 22.313866], [70.7815965, 22.3140149], [70.7806229, 22.314201], [70.7798557, 22.3143523], [70.7789035, 22.314531], [70.7779643, 22.3147326], [70.7779326, 22.3147394], [70.7762267, 22.3151513], [70.7753737, 22.3153523], [70.7749338, 22.3154416], [70.7744832, 22.3155235], [70.7743309, 22.3155409], [70.7741774, 22.3155607], [70.7740719, 22.3155697], [70.7738824, 22.315588], [70.773657, 22.3155972], [70.7730268, 22.3156228], [70.7727708, 22.3156347], [70.772493, 22.3156476], [70.7723385, 22.3156581], [70.7721631, 22.3156699], [70.7718151, 22.3157093], [70.7715274, 22.3157419], [70.7714602, 22.3157453], [70.7710339, 22.3157667], [70.7706288, 22.3157568], [70.7703754, 22.3157527], [70.7700575, 22.3157419], [70.7698994, 22.3157374], [70.7698517, 22.3157413], [70.7691885, 22.3157394], [70.7677663, 22.3157681]]}}, {"type": "Feature", "properties": {"road_type": "secondary", "name": "Unnamed road", "major": true}, "geometry": {"type": "LineString", "coordinates": [[70.7869773, 22.317135], [70.7869057, 22.317059], [70.7865538, 22.3167565], [70.7858856, 22.3161911], [70.7854115, 22.3157709], [70.7853389, 22.3157179], [70.7852939, 22.3156838], [70.7852232, 22.315681]]}}, {"type": "Feature", "properties": {"road_type": "secondary", "name": "Unnamed road", "major": true}, "geometry": {"type": "LineString", "coordinates": [[70.7852232, 22.315681], [70.7851266, 22.3156574], [70.7850489, 22.3156245], [70.7849783, 22.3155691], [70.7847459, 22.3153474], [70.7846598, 22.3152685]]}}, {"type": "Feature", "properties": {"road_type": "secondary", "name": "Unnamed road", "major": true}, "geometry": {"type": "LineString", "coordinates": [[70.7846598, 22.3152685], [70.7845471, 22.3152871], [70.7844504, 22.3153029], [70.7843577, 22.3153096], [70.7842655, 22.3153204], [70.783807, 22.315326], [70.7834513, 22.3153397], [70.7833171, 22.3153458], [70.7831827, 22.3153475], [70.7827354, 22.3153543], [70.7824674, 22.3153566], [70.7824093, 22.3153244], [70.7823746, 22.3152813], [70.7823559, 22.3152082], [70.7823559, 22.3150834], [70.7823723, 22.3147871], [70.7823606, 22.3146128], [70.7823351, 22.3145206], [70.7823048, 22.3144497], [70.7822677, 22.3143789], [70.7821771, 22.3142692], [70.7820748, 22.3141746], [70.7819796, 22.3141012], [70.7819356, 22.3140669], [70.7818853, 22.3140336]]}}, {"type": "Feature", "properties": {"road_type": "secondary", "name": "Unnamed road", "major": true}, "geometry": {"type": "LineString", "coordinates": [[70.7846598, 22.3152685], [70.7842645, 22.3149497]]}}, {"type": "Feature", "properties": {"road_type": "tertiary", "name": "Unnamed road", "major": false}, "geometry": {"type": "LineString", "coordinates": [[70.8174525, 22.2364582], [70.8173568, 22.2364529], [70.8172654, 22.2364734], [70.8171891, 22.2364995], [70.8171421, 22.2365202]]}}, {"type": "Feature", "properties": {"road_type": "tertiary", "name": "Unnamed road", "major": false}, "geometry": {"type": "LineString", "coordinates": [[70.8171421, 22.2365202], [70.816992, 22.236493], [70.8167723, 22.2364443], [70.8161712, 22.2363018], [70.8160457, 22.2362869], [70.8159757, 22.2362869], [70.815904, 22.2362911], [70.8156644, 22.2363101], [70.8154778, 22.2363263], [70.8152821, 22.2363281], [70.8152104, 22.2363295], [70.8150932, 22.2363227], [70.8150094, 22.2363178], [70.8147222, 22.236281], [70.8146421, 22.2362708], [70.8143096, 22.2362121], [70.8142697, 22.236205], [70.8139613, 22.2361678], [70.813922, 22.2361632], [70.8138721, 22.2361599], [70.8137999, 22.2361563], [70.8137229, 22.2361615], [70.8136429, 22.2361721], [70.8135583, 22.2361832], [70.8134766, 22.2361996], [70.8134016, 22.2362218], [70.8131669, 22.2363063], [70.8130567, 22.2363559], [70.8129517, 22.2364152], [70.8127846, 22.2365314], [70.8126364, 22.236631], [70.8124899, 22.2367226], [70.8124444, 22.2367478], [70.8122854, 22.2368359], [70.8121504, 22.2369045], [70.8120769, 22.2369418], [70.8119753, 22.2369851], [70.8119052, 22.2370186], [70.8117756, 22.2370647], [70.8116533, 22.2370971], [70.8115863, 22.2371106], [70.8112017, 22.2371637], [70.8111173, 22.2371758], [70.8109627, 22.2371985], [70.8108077, 22.237211], [70.8107226, 22.2372166], [70.8104064, 22.2372193], [70.8102908, 22.2372221], [70.810103, 22.2372267], [70.8100176, 22.2372284], [70.8098842, 22.2372306], [70.8095013, 22.2372369], [70.809226, 22.2372415], [70.8091493, 22.2372402], [70.8090763, 22.2372324], [70.8088939, 22.2371979], [70.8088321, 22.2371824], [70.8087915, 22.2371722], [70.8084314, 22.2370639], [70.8083231, 22.2370358], [70.8082352, 22.2370282], [70.8081843, 22.2370289], [70.8081407, 22.2370376], [70.8081056, 22.2370447], [70.8080632, 22.2370598], [70.8080202, 22.2370786], [70.8079311, 22.2371362], [70.8078647, 22.2371829], [70.8076261, 22.2373576], [70.8074543, 22.2374874], [70.8070519, 22.2378316], [70.8069265, 22.2379194], [70.8067501, 22.2380207], [70.806508, 22.2381287], [70.8063451, 22.2381978], [70.8061835, 22.2382497], [70.8060051, 22.2382971], [70.8052801, 22.2384186], [70.8045517, 22.2385342], [70.804304, 22.2385652], [70.8041574, 22.2385882], [70.8037734, 22.2386274], [70.8032379, 22.2386822], [70.8030373, 22.2387027], [70.8023198, 22.2387872], [70.8020993, 22.238822], [70.8020231, 22.238838], [70.801776, 22.2388899], [70.8015965, 22.2389272], [70.8014102, 22.2389574], [70.8009935, 22.2389954], [70.8007536, 22.2390171], [70.8005807, 22.2390399]]}}, {"type": "Feature", "properties": {"road_type": "tertiary", "name": "Unnamed road", "major": false}, "geometry": {"type": "LineString", "coordinates": [[70.7650044, 22.3117812], [70.7654704, 22.3116856]]}}, {"type": "Feature", "properties": {"road_type": "tertiary", "name": "Unnamed road", "major": false}, "geometry": {"type": "LineString", "coordinates": [[70.7654704, 22.3116856], [70.7656534, 22.3116548], [70.7664169, 22.3114976], [70.7672614, 22.3113464], [70.7677016, 22.3112727]]}}, {"type": "Feature", "properties": {"road_type": "primary", "name": "Rajkot - Morbi Highway", "major": true}, "geometry": {"type": "LineString", "coordinates": [[70.8080321, 22.3414813], [70.8083854, 22.3409681], [70.8085324, 22.3407663], [70.8086613, 22.3405857]]}}, {"type": "Feature", "properties": {"road_type": "primary", "name": "Rajkot - Morbi Highway", "major": true}, "geometry": {"type": "LineString", "coordinates": [[70.8086613, 22.3405857], [70.8089735, 22.3401535], [70.8091158, 22.3399466], [70.8091766, 22.3398581], [70.8092764, 22.3397236]]}}, {"type": "Feature", "properties": {"road_type": "primary", "name": "Unnamed road", "major": true}, "geometry": {"type": "LineString", "coordinates": [[70.8092764, 22.3397236], [70.8094908, 22.3394414], [70.8095707, 22.3393007], [70.8096566, 22.3391398], [70.8097404, 22.3389654], [70.8099068, 22.3385974], [70.8099332, 22.338539], [70.8101427, 22.3380893], [70.8103952, 22.3375636], [70.8104089, 22.337535], [70.8107609, 22.3367519], [70.8110564, 22.3360929], [70.8110761, 22.3360498], [70.8113832, 22.3353758], [70.8115823, 22.3349668], [70.8116892, 22.3347517], [70.8117709, 22.3346024], [70.8118212, 22.3345288], [70.8119134, 22.3343892], [70.8120936, 22.3341566], [70.8124205, 22.3337554], [70.8127558, 22.3333678], [70.8129219, 22.333192], [70.8132286, 22.3327895], [70.8132503, 22.3327611], [70.8136023, 22.332354]]}}, {"type": "Feature", "properties": {"road_type": "tertiary", "name": "Unnamed road", "major": false}, "geometry": {"type": "LineString", "coordinates": [[70.8232265, 22.3221662], [70.8231659, 22.3220959], [70.8226051, 22.3215788], [70.8223349, 22.3213222], [70.8220501, 22.3210496], [70.8217117, 22.3207645], [70.8215037, 22.3205833], [70.8212061, 22.3203138], [70.820984, 22.3201219], [70.8205356, 22.3197129], [70.8202264, 22.3194342], [70.8199302, 22.3191357], [70.8197112, 22.3189362], [70.8195381, 22.3187785], [70.8193426, 22.3185887], [70.8191547, 22.3184122], [70.8189745, 22.3182377], [70.8188465, 22.3181077], [70.8185658, 22.3178171], [70.8183315, 22.3175628], [70.818262, 22.3174874], [70.8180462, 22.3172607], [70.8178198, 22.3170017], [70.8178073, 22.3169874], [70.8174259, 22.316559], [70.8171661, 22.3162837], [70.8168958, 22.3160065], [70.8167554, 22.3158611], [70.8165835, 22.3156867], [70.8163908, 22.3155044], [70.8161442, 22.315287], [70.8158753, 22.3150469], [70.8156364, 22.3148415], [70.8153255, 22.3145643], [70.8151084, 22.3143626], [70.8150744, 22.314332], [70.8148695, 22.3141475], [70.8146348, 22.3139265], [70.8144378, 22.3137539], [70.8142723, 22.3136086], [70.813798, 22.3132259], [70.8131156, 22.3126664], [70.8130045, 22.3125792], [70.8129144, 22.312492], [70.8127998, 22.3123664], [70.8127321, 22.3122768], [70.8124873, 22.3119162], [70.8124052, 22.3117941], [70.81207, 22.3113269], [70.8117374, 22.3108499], [70.8116355, 22.3106941], [70.8115065, 22.3104979], [70.8113051, 22.3102355], [70.8112577, 22.3102215]]}}, {"type": "Feature", "properties": {"road_type": "tertiary", "name": "Unnamed road", "major": false}, "geometry": {"type": "LineString", "coordinates": [[70.8112577, 22.3102215], [70.8112578, 22.3102604], [70.8114354, 22.3105283], [70.8115691, 22.3107286], [70.8116808, 22.3108983], [70.8124359, 22.3119615], [70.8127451, 22.3124146], [70.8128261, 22.3125141], [70.8128995, 22.3125885], [70.8137421, 22.3132834], [70.8141117, 22.3135772], [70.8144204, 22.3138505], [70.8150246, 22.3144079], [70.8152708, 22.3146253], [70.8160824, 22.3153438], [70.8163531, 22.3155855], [70.8165308, 22.3157601], [70.8167999, 22.3160319], [70.81726, 22.3165119], [70.8177987, 22.3171083], [70.817983, 22.31732], [70.8182254, 22.3175784], [70.8182962, 22.317654], [70.818486, 22.317852], [70.8187007, 22.3180883], [70.8188354, 22.3182253], [70.8189042, 22.318296], [70.8191144, 22.3184927], [70.8192237, 22.3185954], [70.819365, 22.318731], [70.8195453, 22.3188901], [70.819692, 22.3190351], [70.8198528, 22.3191945], [70.8201799, 22.3195142], [70.8206843, 22.3199598], [70.8209124, 22.3201839], [70.8211583, 22.3204033], [70.8213863, 22.320605], [70.8216452, 22.3208295], [70.821937, 22.3210918], [70.8220233, 22.3211689], [70.8221676, 22.3213079], [70.8222656, 22.3213998], [70.8225427, 22.3216426], [70.8226682, 22.3217736], [70.8231021, 22.3221785], [70.8231608, 22.3222599]]}}, {"type": "Feature", "properties": {"road_type": "primary", "name": "Unnamed road", "major": true}, "geometry": {"type": "LineString", "coordinates": [[70.8189594, 22.327229], [70.8193316, 22.3269545], [70.8196477, 22.3267213], [70.8198237, 22.3265837], [70.8198929, 22.3265274], [70.8199767, 22.3264499], [70.8201255, 22.3263026], [70.8202596, 22.3261533], [70.8202724, 22.3261378], [70.8204817, 22.3258858], [70.8207227, 22.325566], [70.8212109, 22.3248856], [70.821586, 22.3243797], [70.8219286, 22.3239208], [70.8219485, 22.3238932], [70.8222576, 22.3234746], [70.8223278, 22.3233795], [70.8228055, 22.3227418], [70.8228436, 22.3226901], [70.8231608, 22.3222599], [70.8232265, 22.3221662], [70.8232414, 22.3221447], [70.8235159, 22.3217939], [70.823652, 22.3216142], [70.8239664, 22.3211988], [70.8240745, 22.3210506], [70.8243059, 22.3207336], [70.824572, 22.3203827], [70.8249387, 22.3199039], [70.8252321, 22.3195026], [70.8254877, 22.3191673], [70.8257538, 22.3188145], [70.8259718, 22.3185101], [70.8260559, 22.3183879], [70.8261038, 22.3183182], [70.8262379, 22.3180876], [70.8263448, 22.3178704], [70.8265019, 22.3175118], [70.8266088, 22.3172482], [70.826856, 22.3166531], [70.8269946, 22.3163402], [70.8270132, 22.3162983], [70.8270241, 22.3162724], [70.8271725, 22.3159203], [70.8273443, 22.3155094], [70.8274155, 22.3153446], [70.8275056, 22.3151178], [70.8276376, 22.3148076], [70.8278116, 22.3144122], [70.8279981, 22.3139644], [70.8281196, 22.3136619], [70.8282502, 22.3133574], [70.8285335, 22.3126993], [70.8285638, 22.3126248], [70.8285948, 22.3125522], [70.8289011, 22.3118348]]}}, {"type": "Feature", "properties": {"road_type": "primary", "name": "Unnamed road", "major": true}, "geometry": {"type": "LineString", "coordinates": [[70.813537, 22.3322996], [70.8134993, 22.3323471], [70.8131583, 22.3327499], [70.8124801, 22.333551], [70.8119468, 22.334193], [70.8117393, 22.3344809], [70.8115962, 22.3347286], [70.8115376, 22.334846], [70.8112107, 22.3355466], [70.8110208, 22.3359655], [70.8109699, 22.336077], [70.8102727, 22.3375467], [70.8100894, 22.3379644], [70.8100409, 22.3380751], [70.8098144, 22.3385726], [70.8096135, 22.3390016], [70.8095435, 22.3391317], [70.8094891, 22.3392274], [70.8094237, 22.3393232], [70.8093335, 22.3394491], [70.8091599, 22.3397134], [70.8090631, 22.3398516], [70.8089109, 22.3400942], [70.8086043, 22.3405352]]}}, {"type": "Feature", "properties": {"road_type": "primary", "name": "Rajkot - Morbi Highway Flyover", "major": true}, "geometry": {"type": "LineString", "coordinates": [[70.8136934, 22.3322394], [70.814099, 22.3317551], [70.8145558, 22.3312085], [70.8147695, 22.3309449], [70.815153, 22.3305049], [70.8156119, 22.3299661], [70.8159534, 22.3295513], [70.8160792, 22.3293826], [70.8161399, 22.329307], [70.8167539, 22.3288457], [70.8176696, 22.3281673], [70.8184659, 22.3275664], [70.8187625, 22.3273636]]}}, {"type": "Feature", "properties": {"road_type": "tertiary", "name": "Unnamed road", "major": false}, "geometry": {"type": "LineString", "coordinates": [[70.8182962, 22.317654], [70.8183315, 22.3175628], [70.8184462, 22.3172368], [70.8186556, 22.3166054], [70.8187409, 22.3163504], [70.8189623, 22.3157059], [70.8191194, 22.3152527], [70.8192542, 22.3148419], [70.8194372, 22.3142857], [70.8196447, 22.3136765], [70.8196878, 22.313554], [70.8198019, 22.3131682], [70.8199645, 22.3126665], [70.8201251, 22.3121658], [70.8202282, 22.311831], [70.8202824, 22.3116476], [70.8203443, 22.3114335], [70.8203952, 22.3112287], [70.8204058, 22.3111858], [70.8205004, 22.3107686], [70.8205482, 22.3105809], [70.8205844, 22.3104419], [70.8207331, 22.3099143], [70.8209423, 22.3092473], [70.8209433, 22.3092169], [70.8209351, 22.309194], [70.8209177, 22.3091712]]}}, {"type": "Feature", "properties": {"road_type": "tertiary", "name": "Unnamed road", "major": false}, "geometry": {"type": "LineString", "coordinates": [[70.826467, 22.3252805], [70.8264695, 22.3253483], [70.8264788, 22.3256023], [70.8265124, 22.3258756], [70.8265395, 22.3260612]]}}, {"type": "Feature", "properties": {"road_type": "tertiary", "name": "Unnamed road", "major": false}, "geometry": {"type": "LineString", "coordinates": [[70.826467, 22.3252805], [70.8265135, 22.3248238], [70.826555, 22.324506], [70.8265672, 22.3243726], [70.8265965, 22.3241189], [70.8266354, 22.3239288], [70.8267223, 22.3237082], [70.8267801, 22.32359]]}}, {"type": "Feature", "properties": {"road_type": "tertiary", "name": "Unnamed road", "major": false}, "geometry": {"type": "LineString", "coordinates": [[70.8136023, 22.332354], [70.8136525, 22.3323516], [70.8136868, 22.3323456], [70.8137083, 22.3323357], [70.8137319, 22.3323138], [70.8143376, 22.3315509], [70.8147114, 22.3311217], [70.8149992, 22.330774], [70.8161232, 22.3294587], [70.8162099, 22.3293509], [70.8162199, 22.3292959], [70.8162072, 22.3291955], [70.8161603, 22.3291214], [70.816114, 22.3291019]]}}, {"type": "Feature", "properties": {"road_type": "tertiary", "name": "Unnamed road", "major": false}, "geometry": {"type": "LineString", "coordinates": [[70.746119, 22.3167388], [70.7463448, 22.3167112], [70.7471355, 22.3166148], [70.7472932, 22.3166023], [70.747415, 22.3165728], [70.7476011, 22.3164949], [70.7492191, 22.3157683], [70.7493985, 22.315706], [70.7495612, 22.3156686], [70.7499911, 22.3155821], [70.7504983, 22.3154794]]}}, {"type": "Feature", "properties": {"road_type": "primary", "name": "Unnamed road", "major": true}, "geometry": {"type": "LineString", "coordinates": [[70.7934515, 22.3122306], [70.7932296, 22.3123851], [70.7925731, 22.3127804]]}}, {"type": "Feature", "properties": {"road_type": "tertiary", "name": "Unnamed road", "major": false}, "geometry": {"type": "LineString", "coordinates": [[70.810528, 22.3069598], [70.8104303, 22.3071399], [70.8102202, 22.3074823], [70.8098631, 22.3080502], [70.8097549, 22.3082064]]}}, {"type": "Feature", "properties": {"road_type": "tertiary", "name": "Unnamed road", "major": false}, "geometry": {"type": "LineString", "coordinates": [[70.8097549, 22.3082064], [70.8096613, 22.3083619], [70.8095979, 22.3085087], [70.809526, 22.3087003], [70.8094963, 22.3088352], [70.8094878, 22.308901], [70.8094824, 22.3089619], [70.8094758, 22.30904], [70.8094723, 22.3091868], [70.8094758, 22.3094216], [70.809468, 22.3095964], [70.8094328, 22.3098809], [70.8094302, 22.3099904], [70.8094396, 22.3100785], [70.8094586, 22.3101857], [70.8095148, 22.3105115], [70.8095147, 22.3106641], [70.8094959, 22.3107249], [70.809465, 22.3107782], [70.809427, 22.3108185], [70.8093789, 22.3108637], [70.809206, 22.311018], [70.8091079, 22.3111076], [70.8089946, 22.3112071], [70.8089539, 22.3112527]]}}, {"type": "Feature", "properties": {"road_type": "secondary", "name": "Unnamed road", "major": true}, "geometry": {"type": "LineString", "coordinates": [[70.7988559, 22.292564], [70.7990559, 22.2923546]]}}, {"type": "Feature", "properties": {"road_type": "secondary", "name": "Unnamed road", "major": true}, "geometry": {"type": "LineString", "coordinates": [[70.7988559, 22.292564], [70.7987439, 22.2929281], [70.7987046, 22.2931032], [70.798691, 22.2932005], [70.798689, 22.2932474], [70.798687, 22.2932957], [70.7987106, 22.295172], [70.7987117, 22.2952627], [70.7987184, 22.2956833], [70.7987209, 22.2961808], [70.7987286, 22.2962716], [70.7987327, 22.2963392], [70.7987293, 22.2964573], [70.7987355, 22.296764], [70.7987385, 22.2971952], [70.7987504, 22.2976054], [70.7987252, 22.2981175]]}}, {"type": "Feature", "properties": {"road_type": "tertiary", "name": "Lakhaj Rai Road", "major": false}, "geometry": {"type": "LineString", "coordinates": [[70.8016976, 22.2951759], [70.8017885, 22.2951623], [70.8020351, 22.2951732], [70.8023036, 22.295185], [70.802698, 22.2952263], [70.8027538, 22.295203]]}}, {"type": "Feature", "properties": {"road_type": "secondary", "name": "Unnamed road", "major": true}, "geometry": {"type": "LineString", "coordinates": [[70.7990875, 22.2923483], [70.7992832, 22.2924602], [70.7993813, 22.2925315], [70.7996348, 22.2927509], [70.7997058, 22.2928123], [70.8002779, 22.2933654], [70.8007146, 22.2937802], [70.8009597, 22.2940352], [70.8010977, 22.2941752], [70.8011769, 22.2942555], [70.8013006, 22.2943959], [70.801401, 22.2945213], [70.8014921, 22.2946617], [70.8015645, 22.2948], [70.8016509, 22.2949966], [70.8016789, 22.295083], [70.8016976, 22.2951759], [70.8016953, 22.2952688], [70.8016322, 22.295945], [70.8015938, 22.2962273], [70.8015855, 22.2963561], [70.8015598, 22.2967054], [70.8015386, 22.2970875], [70.8015318, 22.2972094], [70.8015013, 22.2975736], [70.8014618, 22.2979304], [70.801352, 22.2990069], [70.8013481, 22.2990757], [70.8012399, 22.300121], [70.8011883, 22.3005024], [70.8011513, 22.3008972]]}}, {"type": "Feature", "properties": {"road_type": "tertiary", "name": "Unnamed road", "major": false}, "geometry": {"type": "LineString", "coordinates": [[70.7959096, 22.2965285], [70.7959161, 22.2965692], [70.7959361, 22.296606], [70.7959704, 22.2966369], [70.796014, 22.2966552], [70.7960617, 22.2966589], [70.796108, 22.2966473], [70.7961293, 22.2966336], [70.7961473, 22.296622], [70.796175, 22.2965859], [70.7961879, 22.2965432], [70.7961844, 22.296499], [70.7961668, 22.2964612], [70.7961538, 22.2964476], [70.7961373, 22.2964304], [70.7960988, 22.2964098], [70.7960553, 22.2964014], [70.7960111, 22.2964062], [70.7959708, 22.2964236], [70.7959384, 22.2964518], [70.7959173, 22.296488], [70.7959096, 22.2965285]]}}, {"type": "Feature", "properties": {"road_type": "tertiary", "name": "Unnamed road", "major": false}, "geometry": {"type": "LineString", "coordinates": [[70.7959161, 22.2965692], [70.7958351, 22.2966828], [70.7958387, 22.2967543]]}}, {"type": "Feature", "properties": {"road_type": "tertiary", "name": "Raiya Road", "major": false}, "geometry": {"type": "LineString", "coordinates": [[70.7958387, 22.2967543], [70.7958207, 22.2967851], [70.795452, 22.2970104], [70.7952698, 22.2971047], [70.7951524, 22.2971541], [70.7950316, 22.2971904], [70.7946157, 22.2972639], [70.7945028, 22.2972788]]}}, {"type": "Feature", "properties": {"road_type": "tertiary", "name": "Raiya Road", "major": false}, "geometry": {"type": "LineString", "coordinates": [[70.7961892, 22.2954073], [70.7962181, 22.2953539], [70.7962128, 22.2952643], [70.7961429, 22.2945534], [70.7961284, 22.294412], [70.7960666, 22.2938095], [70.7960438, 22.293587], [70.7959687, 22.292763], [70.7958936, 22.2919912], [70.7958788, 22.2918419], [70.7958614, 22.2916661], [70.7958168, 22.2912219], [70.7958158, 22.2912119], [70.795797, 22.2909588], [70.7958024, 22.2908446], [70.7958182, 22.2907087]]}}, {"type": "Feature", "properties": {"road_type": "tertiary", "name": "Raiya Road", "major": false}, "geometry": {"type": "LineString", "coordinates": [[70.7961892, 22.2954073], [70.7962025, 22.2955211], [70.796228, 22.295762], [70.7962349, 22.2959114], [70.7962236, 22.2962074], [70.7962187, 22.2962607]]}}, {"type": "Feature", "properties": {"road_type": "tertiary", "name": "Raiya Road", "major": false}, "geometry": {"type": "LineString", "coordinates": [[70.7958182, 22.2907087], [70.7958264, 22.2906314]]}}, {"type": "Feature", "properties": {"road_type": "tertiary", "name": "Unnamed road", "major": false}, "geometry": {"type": "LineString", "coordinates": [[70.8014459, 22.2991052], [70.8016336, 22.299139], [70.8024703, 22.2992918], [70.8029139, 22.29936], [70.8029743, 22.2993674], [70.8030457, 22.2993768]]}}, {"type": "Feature", "properties": {"road_type": "primary", "name": "Dr. B R Ambedkar Chowk Flyover", "major": true}, "geometry": {"type": "LineString", "coordinates": [[70.8012231, 22.3012148], [70.8012733, 22.3013762], [70.8013927, 22.3018514], [70.8015052, 22.3022949], [70.801664, 22.3028184], [70.8018532, 22.3035641], [70.8018843, 22.3037355]]}}, {"type": "Feature", "properties": {"road_type": "primary", "name": "Sitaram-Pandit Road", "major": true}, "geometry": {"type": "LineString", "coordinates": [[70.7945307, 22.3026557], [70.7944574, 22.3026337], [70.7942112, 22.3026583], [70.7940727, 22.3026649], [70.793928, 22.3026487], [70.7936453, 22.3025948], [70.7933328, 22.3025131], [70.7930253, 22.3023932], [70.7927367, 22.3022621], [70.7924863, 22.3021347], [70.7923611, 22.3020511], [70.7922158, 22.3019437], [70.7921761, 22.3019033]]}}, {"type": "Feature", "properties": {"road_type": "primary", "name": "Unnamed road", "major": true}, "geometry": {"type": "LineString", "coordinates": [[70.8107376, 22.3066873], [70.8109448, 22.3066736], [70.8109746, 22.3066683], [70.8109985, 22.3066594], [70.8110536, 22.3066367], [70.8111263, 22.3065898], [70.8113182, 22.3064332], [70.8117126, 22.3059803]]}}, {"type": "Feature", "properties": {"road_type": "primary", "name": "Unnamed road", "major": true}, "geometry": {"type": "LineString", "coordinates": [[70.8106948, 22.3066042], [70.8106635, 22.3065907], [70.8106291, 22.3065877], [70.8105957, 22.3065957], [70.8105671, 22.3066136], [70.8105468, 22.3066394], [70.8105375, 22.3066674], [70.810538, 22.3066967], [70.8105482, 22.3067243], [70.8105673, 22.3067477], [70.8105932, 22.3067645], [70.8106235, 22.3067729], [70.8106552, 22.3067723], [70.810685, 22.3067626], [70.8107102, 22.3067448], [70.8107293, 22.3067183], [70.8107376, 22.3066873], [70.8107342, 22.3066555], [70.8107193, 22.3066267], [70.8106948, 22.3066042]]}}, {"type": "Feature", "properties": {"road_type": "primary", "name": "Dr. B R Ambedkar Chowk Flyover", "major": true}, "geometry": {"type": "LineString", "coordinates": [[70.8021626, 22.3039976], [70.8045239, 22.3045335]]}}, {"type": "Feature", "properties": {"road_type": "primary", "name": "Unnamed road", "major": true}, "geometry": {"type": "LineString", "coordinates": [[70.793554, 22.3121272], [70.7934515, 22.3122306]]}}, {"type": "Feature", "properties": {"road_type": "primary", "name": "Unnamed road", "major": true}, "geometry": {"type": "LineString", "coordinates": [[70.7965988, 22.3085262], [70.7957848, 22.3092269], [70.7954663, 22.3095216], [70.7953141, 22.3096853], [70.7951938, 22.3098326], [70.7950345, 22.3100291], [70.7946735, 22.3105431], [70.7941426, 22.3112733], [70.7939732, 22.3114975], [70.7937507, 22.3117919], [70.7935834, 22.3120133], [70.793554, 22.3121272]]}}, {"type": "Feature", "properties": {"road_type": "tertiary", "name": "Unnamed road", "major": false}, "geometry": {"type": "LineString", "coordinates": [[70.799348, 22.3018463], [70.7991966, 22.3017482], [70.7990714, 22.3016893]]}}, {"type": "Feature", "properties": {"road_type": "tertiary", "name": "Unnamed road", "major": false}, "geometry": {"type": "LineString", "coordinates": [[70.799348, 22.3018463], [70.7996569, 22.301939], [70.7998188, 22.3020019], [70.7999456, 22.3020719], [70.8000496, 22.302143], [70.8001259, 22.3021912], [70.800245, 22.302295], [70.8005572, 22.3025939], [70.8010653, 22.3031491], [70.8011101, 22.3031853], [70.8017201, 22.3036784], [70.8017804, 22.3037271], [70.8018198, 22.303759]]}}, {"type": "Feature", "properties": {"road_type": "primary", "name": "Sitaram-Pandit Road", "major": true}, "geometry": {"type": "LineString", "coordinates": [[70.7986783, 22.3017743], [70.7978799, 22.3019371], [70.7977839, 22.3019625], [70.7975283, 22.30203], [70.7972567, 22.3021018], [70.7971657, 22.3021274], [70.7965686, 22.3023019], [70.7962587, 22.3023758], [70.7962187, 22.3023854], [70.7961814, 22.3023943], [70.7955405, 22.3025096], [70.7954082, 22.302533], [70.7949891, 22.3025957], [70.7947878, 22.3026233], [70.7945307, 22.3026557]]}}, {"type": "Feature", "properties": {"road_type": "primary", "name": "Unnamed road", "major": true}, "geometry": {"type": "LineString", "coordinates": [[70.7988915, 22.3016779], [70.7986783, 22.3017743]]}}, {"type": "Feature", "properties": {"road_type": "primary", "name": "Kesri Pool", "major": true}, "geometry": {"type": "LineString", "coordinates": [[70.806974, 22.3053374], [70.807873, 22.3056742], [70.809365, 22.3062467]]}}, {"type": "Feature", "properties": {"road_type": "primary", "name": "Unnamed road", "major": true}, "geometry": {"type": "LineString", "coordinates": [[70.809365, 22.3062467], [70.810538, 22.3066967]]}}, {"type": "Feature", "properties": {"road_type": "tertiary", "name": "Unnamed road", "major": false}, "geometry": {"type": "LineString", "coordinates": [[70.8040681, 22.2994858], [70.804014, 22.2994411], [70.8039745, 22.2994356], [70.803055, 22.2993043]]}}, {"type": "Feature", "properties": {"road_type": "tertiary", "name": "Mahatma Gandhi Road", "major": false}, "geometry": {"type": "LineString", "coordinates": [[70.8012683, 22.2990077], [70.8009469, 22.2989581], [70.8007828, 22.2989454], [70.8005115, 22.2989244], [70.8002596, 22.2989184], [70.800017, 22.2989125], [70.7999033, 22.2989098], [70.7986999, 22.2990449]]}}, {"type": "Feature", "properties": {"road_type": "tertiary", "name": "Unnamed road", "major": false}, "geometry": {"type": "LineString", "coordinates": [[70.8012683, 22.2990077], [70.8013481, 22.2990757], [70.8014459, 22.2991052]]}}, {"type": "Feature", "properties": {"road_type": "tertiary", "name": "Dhebar Road", "major": false}, "geometry": {"type": "LineString", "coordinates": [[70.8030462, 22.2990977], [70.8030026, 22.2984236], [70.802968, 22.2979155], [70.8029589, 22.2976236], [70.8029488, 22.297297], [70.8029169, 22.2969907], [70.8028881, 22.2966991], [70.8028501, 22.2963182], [70.8028143, 22.2961836]]}}, {"type": "Feature", "properties": {"road_type": "tertiary", "name": "Dhebar Road", "major": false}, "geometry": {"type": "LineString", "coordinates": [[70.8029842, 22.2992942], [70.8029743, 22.2993674], [70.8029516, 22.3000386], [70.8029469, 22.3001924], [70.8029282, 22.3008703], [70.8029379, 22.3016944], [70.8029446, 22.3018183], [70.80296, 22.3018934], [70.8029692, 22.3019834], [70.8029993, 22.3021059], [70.8030518, 22.3022554], [70.8032987, 22.3027925], [70.8034414, 22.3031356], [70.8035631, 22.3034462], [70.803636, 22.3036653], [70.8037251, 22.3039552], [70.8037598, 22.3041254], [70.8037655, 22.304192], [70.8037726, 22.3042759]]}}, {"type": "Feature", "properties": {"road_type": "tertiary", "name": "Dhebar Road", "major": false}, "geometry": {"type": "LineString", "coordinates": [[70.8038617, 22.3042939], [70.8038508, 22.3042086], [70.8038197, 22.3040167], [70.8037613, 22.303792], [70.8037122, 22.3036408], [70.8036167, 22.3033767], [70.8035908, 22.3032973], [70.8033994, 22.3028264], [70.8033455, 22.3027021], [70.8031682, 22.3023338], [70.8031075, 22.3021912], [70.8030748, 22.3020854], [70.8030491, 22.3019709], [70.8030351, 22.3018499], [70.8030188, 22.3016879], [70.8030047, 22.3014351], [70.8029936, 22.3008639], [70.80301, 22.3001882], [70.8030141, 22.3000223], [70.8030457, 22.2993768], [70.803055, 22.2993043], [70.8030462, 22.2990977]]}}, {"type": "Feature", "properties": {"road_type": "tertiary", "name": "Raiya Road", "major": false}, "geometry": {"type": "LineString", "coordinates": [[70.795746, 22.290602], [70.7957335, 22.2906778]]}}, {"type": "Feature", "properties": {"road_type": "tertiary", "name": "Unnamed road", "major": false}, "geometry": {"type": "LineString", "coordinates": [[70.7886274, 22.306387], [70.7887174, 22.3063526]]}}, {"type": "Feature", "properties": {"road_type": "tertiary", "name": "Unnamed road", "major": false}, "geometry": {"type": "LineString", "coordinates": [[70.7882826, 22.3062646], [70.788419, 22.3063077], [70.7886274, 22.306387]]}}, {"type": "Feature", "properties": {"road_type": "tertiary", "name": "Unnamed road", "major": false}, "geometry": {"type": "LineString", "coordinates": [[70.7886215, 22.3061561], [70.7885288, 22.3061908]]}}, {"type": "Feature", "properties": {"road_type": "tertiary", "name": "Unnamed road", "major": false}, "geometry": {"type": "LineString", "coordinates": [[70.7889292, 22.3067279], [70.7888279, 22.3067614]]}}, {"type": "Feature", "properties": {"road_type": "tertiary", "name": "Unnamed road", "major": false}, "geometry": {"type": "LineString", "coordinates": [[70.7886015, 22.3068464], [70.7888802, 22.3068478], [70.7890018, 22.3068173]]}}, {"type": "Feature", "properties": {"road_type": "tertiary", "name": "Lakhaj Rai Road", "major": false}, "geometry": {"type": "LineString", "coordinates": [[70.8027538, 22.295203], [70.8026955, 22.2951533], [70.8024028, 22.2951248], [70.8020311, 22.2950887], [70.8017704, 22.2950712], [70.8016789, 22.295083]]}}, {"type": "Feature", "properties": {"road_type": "tertiary", "name": "Unnamed road", "major": false}, "geometry": {"type": "LineString", "coordinates": [[70.8040681, 22.2994858], [70.8042052, 22.2995082], [70.8043838, 22.2995389], [70.8048566, 22.2996202], [70.8049441, 22.2996487], [70.8054231, 22.2997308], [70.8060974, 22.299818], [70.8063224, 22.2998509], [70.8064464, 22.2998636], [70.8068378, 22.299929]]}}, {"type": "Feature", "properties": {"road_type": "tertiary", "name": "Unnamed road", "major": false}, "geometry": {"type": "LineString", "coordinates": [[70.7963793, 22.3081283], [70.7964268, 22.3082459], [70.796506, 22.3083725], [70.7965988, 22.3085262]]}}, {"type": "Feature", "properties": {"road_type": "tertiary", "name": "Unnamed road", "major": false}, "geometry": {"type": "LineString", "coordinates": [[70.76041, 22.2473909], [70.7605159, 22.2474505]]}}, {"type": "Feature", "properties": {"road_type": "tertiary", "name": "Unnamed road", "major": false}, "geometry": {"type": "LineString", "coordinates": [[70.7605159, 22.2474505], [70.7618896, 22.2481703], [70.7625372, 22.2485183], [70.7633159, 22.2489202], [70.764009, 22.2492724], [70.7640717, 22.2493099], [70.7641324, 22.2493432], [70.7641999, 22.2493784], [70.7655495, 22.2500759], [70.7663957, 22.2505014], [70.7669969, 22.2508008], [70.7686533, 22.2515853], [70.76884, 22.2516918], [70.7689759, 22.2517741], [70.770053, 22.2524297], [70.7702066, 22.2525135], [70.7704954, 22.2526647], [70.7705722, 22.2527016], [70.7708476, 22.2528309], [70.7717021, 22.2532325], [70.7717426, 22.2532532], [70.7720526, 22.2534118], [70.7720813, 22.2534265], [70.7721767, 22.2534753], [70.7726211, 22.2537321], [70.7729448, 22.2539468], [70.7730049, 22.2539867], [70.7730689, 22.2540334], [70.7732187, 22.2541454], [70.7733011, 22.2542053], [70.773429, 22.2543112], [70.7735017, 22.254372], [70.7735983, 22.2544726], [70.773783, 22.254685], [70.7739354, 22.2548431], [70.7740316, 22.2549277], [70.7743107, 22.2551213], [70.774552, 22.2552702], [70.7747771, 22.2553904], [70.7750454, 22.2555057], [70.775293, 22.2555927], [70.7754978, 22.2556555], [70.7755595, 22.2556747], [70.7761234, 22.255843], [70.7762056, 22.255869], [70.7764704, 22.2559529], [70.7765899, 22.2559918], [70.7768513, 22.2560769]]}}, {"type": "Feature", "properties": {"road_type": "secondary", "name": "Unnamed road", "major": true}, "geometry": {"type": "LineString", "coordinates": [[70.7561321, 22.2456098], [70.756565, 22.2447315], [70.756958, 22.243934], [70.757284, 22.2433335], [70.7574929, 22.2429487], [70.7578535, 22.2422595], [70.7580242, 22.2419331], [70.7586274, 22.2407113], [70.7588062, 22.2403491], [70.758854, 22.2402308], [70.758912, 22.2400629], [70.7595079, 22.2383364], [70.7598247, 22.237478], [70.760033, 22.2368597], [70.7601076, 22.2366551], [70.7601391, 22.2365843], [70.760245, 22.236379], [70.7607189, 22.235517], [70.7609444, 22.2350828], [70.7612294, 22.2345725], [70.7616845, 22.2337228], [70.7621371, 22.2328546], [70.7627036, 22.231834], [70.7632011, 22.2309092], [70.7633471, 22.2306415], [70.7635742, 22.2302585]]}}, {"type": "Feature", "properties": {"road_type": "tertiary", "name": "Unnamed road", "major": false}, "geometry": {"type": "LineString", "coordinates": [[70.8282316, 22.3078699], [70.827892, 22.3082856], [70.8277897, 22.3084072], [70.8274887, 22.3087953], [70.8273307, 22.3090452], [70.8270403, 22.3096835], [70.8270091, 22.3097521], [70.8269638, 22.309844], [70.8267736, 22.31023], [70.8265418, 22.3107595], [70.8265408, 22.3107847], [70.8265485, 22.3108298]]}}, {"type": "Feature", "properties": {"road_type": "tertiary", "name": "Unnamed road", "major": false}, "geometry": {"type": "LineString", "coordinates": [[70.8265485, 22.3108298], [70.826537, 22.3109002], [70.8264976, 22.3109846]]}}, {"type": "Feature", "properties": {"road_type": "tertiary", "name": "Unnamed road", "major": false}, "geometry": {"type": "LineString", "coordinates": [[70.8197806, 22.3037217], [70.8196155, 22.3036658], [70.8193585, 22.3035903], [70.8191551, 22.3035339], [70.8185619, 22.3033693], [70.8183244, 22.3033035], [70.8180791, 22.3032355], [70.817644, 22.3031148], [70.8175328, 22.303084], [70.8172982, 22.3030295], [70.8168613, 22.3029423], [70.8163952, 22.302841], [70.8158087, 22.3026785], [70.8155962, 22.3026091], [70.8153852, 22.302537], [70.8150045, 22.3023943], [70.8146598, 22.3022691], [70.8143178, 22.3021449], [70.8141563, 22.3020932], [70.8140904, 22.3020574], [70.8140272, 22.3020114], [70.8139209, 22.3019283], [70.8134649, 22.3015492], [70.8133851, 22.3014818]]}}, {"type": "Feature", "properties": {"road_type": "primary", "name": "Bhavnagar Road, Patel Vadi", "major": true}, "geometry": {"type": "LineString", "coordinates": [[70.8295056, 22.2850268], [70.8286484, 22.2856805], [70.828176, 22.2860614], [70.8276047, 22.2865407], [70.8274992, 22.2866356], [70.827294, 22.2868355], [70.8266319, 22.2875696], [70.8265101, 22.2877047], [70.8260902, 22.2881809], [70.8260415, 22.288241], [70.8252662, 22.2891394], [70.8251368, 22.2892751], [70.8248841, 22.2895401], [70.8246594, 22.2897726], [70.8245512, 22.2898893], [70.8241149, 22.290342], [70.8235087, 22.290971], [70.8230939, 22.2914049], [70.8226001, 22.2919214], [70.8225801, 22.2919416], [70.8222599, 22.2922655], [70.822218, 22.2923079], [70.8216929, 22.2928391], [70.8216203, 22.2929126], [70.8210369, 22.2934769], [70.8208605, 22.2936506], [70.8207251, 22.2937852], [70.8207077, 22.2938021], [70.8206744, 22.2938346], [70.8206507, 22.2938583], [70.8206202, 22.2938888], [70.8201858, 22.2942766], [70.8198151, 22.2946089], [70.8197672, 22.294652], [70.8194325, 22.2949921], [70.8188948, 22.2954311], [70.8186086, 22.2956505], [70.8181023, 22.2960362], [70.8174159, 22.2965172], [70.817353, 22.2965613], [70.8172698, 22.2966062], [70.8171971, 22.296647], [70.8168653, 22.2967882], [70.8165639, 22.2968883], [70.8164125, 22.2969445], [70.8157496, 22.2972621], [70.8155801, 22.2973702], [70.8154047, 22.2975233], [70.8153823, 22.2975457], [70.8153288, 22.2975992], [70.8152457, 22.2976915], [70.8149323, 22.2980696], [70.8148285, 22.298235], [70.8147696, 22.2983387], [70.8145483, 22.2989075], [70.8145003, 22.2990373], [70.8141512, 22.2999798], [70.8141158, 22.3000756], [70.8140758, 22.3001835], [70.8140266, 22.3002795], [70.8139935, 22.3003573], [70.8137434, 22.3009503], [70.8135631, 22.3012513], [70.8134373, 22.301419], [70.8133851, 22.3014818], [70.8132737, 22.3016158], [70.8131305, 22.3017881], [70.8129359, 22.3020371], [70.8125078, 22.302674], [70.8124765, 22.3027295], [70.8124389, 22.3027962], [70.8123826, 22.3029249], [70.8122617, 22.3032382], [70.8121256, 22.3035778], [70.8120797, 22.3036973], [70.8118781, 22.3042224], [70.8118331, 22.3043398], [70.8116733, 22.3051468], [70.8116635, 22.3052217], [70.8116507, 22.3053201], [70.8116442, 22.3056345], [70.8116537, 22.3057387], [70.8116604, 22.3058056]]}}, {"type": "Feature", "properties": {"road_type": "tertiary", "name": "Unnamed road", "major": false}, "geometry": {"type": "LineString", "coordinates": [[70.8318166, 22.3013749], [70.8317484, 22.3014155], [70.8317325, 22.3014341], [70.8317202, 22.3014528], [70.8316145, 22.3016931], [70.8313944, 22.3020933], [70.8311856, 22.3024729], [70.8309748, 22.302856], [70.8309101, 22.3029747], [70.8307361, 22.3032894], [70.8307007, 22.3033562], [70.830498, 22.3037428], [70.8303975, 22.3039345], [70.8302018, 22.3043077], [70.8301384, 22.3044286], [70.8296938, 22.305237], [70.8295099, 22.3055593], [70.8291433, 22.3062698], [70.8286211, 22.307232], [70.8283576, 22.3077367]]}}, {"type": "Feature", "properties": {"road_type": "tertiary", "name": "Unnamed road", "major": false}, "geometry": {"type": "LineString", "coordinates": [[70.8284056, 22.3077658], [70.8286689, 22.3073153], [70.8293754, 22.3059949], [70.8295938, 22.3055818], [70.8297482, 22.3052824], [70.8299447, 22.3049577], [70.8302702, 22.3043449]]}}, {"type": "Feature", "properties": {"road_type": "tertiary", "name": "Unnamed road", "major": false}, "geometry": {"type": "LineString", "coordinates": [[70.8197314, 22.3039421], [70.8196687, 22.3039937], [70.81965, 22.3040173], [70.8196383, 22.3040431], [70.8195593, 22.3042489], [70.8194789, 22.3044668], [70.8194273, 22.3046073], [70.8193181, 22.3049039], [70.8192812, 22.3050042], [70.819128, 22.3054185], [70.819088, 22.3055972], [70.8190715, 22.3057629], [70.8190674, 22.3061351], [70.8190525, 22.3062161], [70.8190378, 22.3062581], [70.8189966, 22.3063756], [70.8186837, 22.3072696], [70.818621, 22.307455], [70.8185101, 22.3077519], [70.8185061, 22.3077764], [70.8185249, 22.3078279]]}}, {"type": "Feature", "properties": {"road_type": "tertiary", "name": "Unnamed road", "major": false}, "geometry": {"type": "LineString", "coordinates": [[70.8185249, 22.3078279], [70.8185715, 22.307806], [70.8185866, 22.3077808], [70.8186838, 22.3074973], [70.8187549, 22.3072901], [70.8189826, 22.3066453], [70.8190737, 22.3064016], [70.8191173, 22.3062847], [70.8191486, 22.3061024], [70.8191579, 22.3059381], [70.8192171, 22.3054425], [70.8193845, 22.3049276], [70.8195554, 22.304491], [70.8197324, 22.3040544], [70.8197424, 22.3040188], [70.8197425, 22.3039929], [70.8197314, 22.3039421]]}}, {"type": "Feature", "properties": {"road_type": "tertiary", "name": "Unnamed road", "major": false}, "geometry": {"type": "LineString", "coordinates": [[70.8198448, 22.3036491], [70.819892, 22.3036116], [70.8199148, 22.3035837], [70.8200158, 22.3033762], [70.8200463, 22.3033134], [70.8202276, 22.3029779], [70.8204859, 22.3024104], [70.820619, 22.3021544], [70.8208191, 22.3017345], [70.8209966, 22.3013617], [70.8210559, 22.3012389], [70.8214927, 22.3003707], [70.8215029, 22.300341], [70.8215015, 22.3003033], [70.8214931, 22.3002493]]}}, {"type": "Feature", "properties": {"road_type": "tertiary", "name": "Unnamed road", "major": false}, "geometry": {"type": "LineString", "coordinates": [[70.8156634, 22.2920987], [70.8154988, 22.2921187]]}}, {"type": "Feature", "properties": {"road_type": "tertiary", "name": "Unnamed road", "major": false}, "geometry": {"type": "LineString", "coordinates": [[70.8172144, 22.2923109], [70.8170268, 22.2922238], [70.8168892, 22.2922095]]}}, {"type": "Feature", "properties": {"road_type": "tertiary", "name": "Unnamed road", "major": false}, "geometry": {"type": "LineString", "coordinates": [[70.8168892, 22.2922095], [70.8156634, 22.2920987]]}}, {"type": "Feature", "properties": {"road_type": "tertiary", "name": "Dhebar Road", "major": false}, "geometry": {"type": "LineString", "coordinates": [[70.8038333, 22.304556], [70.8038617, 22.3045093], [70.8038617, 22.3044209], [70.8038617, 22.3042939]]}}, {"type": "Feature", "properties": {"road_type": "tertiary", "name": "Dhebar Road", "major": false}, "geometry": {"type": "LineString", "coordinates": [[70.8037726, 22.3042759], [70.8037832, 22.3044082], [70.8037914, 22.3045115], [70.8038333, 22.304556]]}}, {"type": "Feature", "properties": {"road_type": "tertiary", "name": "Unnamed road", "major": false}, "geometry": {"type": "LineString", "coordinates": [[70.7943053, 22.2985598], [70.7943705, 22.2979896], [70.7944302, 22.2975851], [70.7945028, 22.2972788]]}}, {"type": "Feature", "properties": {"road_type": "tertiary", "name": "Unnamed road", "major": false}, "geometry": {"type": "LineString", "coordinates": [[70.7949364, 22.2999212], [70.7945405, 22.2990521], [70.7944183, 22.2988925]]}}, {"type": "Feature", "properties": {"road_type": "tertiary", "name": "Unnamed road", "major": false}, "geometry": {"type": "LineString", "coordinates": [[70.7915523, 22.3076116], [70.7915774, 22.3076748], [70.7916622, 22.3077183], [70.7917945, 22.3077355]]}}, {"type": "Feature", "properties": {"road_type": "tertiary", "name": "Unnamed road", "major": false}, "geometry": {"type": "LineString", "coordinates": [[70.796316, 22.3077166], [70.7963793, 22.3081283]]}}, {"type": "Feature", "properties": {"road_type": "tertiary", "name": "Unnamed road", "major": false}, "geometry": {"type": "LineString", "coordinates": [[70.8030457, 22.2993768], [70.8036458, 22.2994557], [70.803953, 22.2994938], [70.8040034, 22.2995001], [70.8040681, 22.2994858]]}}, {"type": "Feature", "properties": {"road_type": "tertiary", "name": "Unnamed road", "major": false}, "geometry": {"type": "LineString", "coordinates": [[70.8024771, 22.2992216], [70.8014546, 22.2990254]]}}, {"type": "Feature", "properties": {"road_type": "primary", "name": "Unnamed road", "major": true}, "geometry": {"type": "LineString", "coordinates": [[70.7445034, 22.3405418], [70.7441508, 22.3407133]]}}, {"type": "Feature", "properties": {"road_type": "primary", "name": "Unnamed road", "major": true}, "geometry": {"type": "LineString", "coordinates": [[70.7441772, 22.3407961], [70.7445431, 22.3406156]]}}, {"type": "Feature", "properties": {"road_type": "primary", "name": "Unnamed road", "major": true}, "geometry": {"type": "LineString", "coordinates": [[70.7445431, 22.3406156], [70.7453736, 22.3402261], [70.7455413, 22.3401418], [70.7459925, 22.3399362], [70.7464107, 22.3397098], [70.7467175, 22.3395621], [70.7469921, 22.3394299], [70.7471851, 22.339322], [70.7476235, 22.3390817], [70.7479523, 22.3388746], [70.7481477, 22.338749], [70.7485681, 22.3384665], [70.7493318, 22.3379534], [70.7501229, 22.3374178], [70.7504874, 22.3371842], [70.7507543, 22.3370278], [70.7510643, 22.3368704], [70.7512289, 22.3367965], [70.7512934, 22.3367675], [70.7516253, 22.3366397], [70.7521779, 22.3364745], [70.7525595, 22.3363792], [70.7533871, 22.3361528], [70.7534211, 22.3361432], [70.753489, 22.3361239], [70.7537048, 22.3360498], [70.754663, 22.3357686], [70.7548466, 22.3357277], [70.7558103, 22.3354554], [70.7562017, 22.3353548], [70.7563747, 22.3353104], [70.7569206, 22.3351639], [70.7576349, 22.334966], [70.7583398, 22.3347535], [70.7591483, 22.3345254], [70.7597046, 22.3343645], [70.7600593, 22.334264], [70.7605447, 22.3341091], [70.7609292, 22.3339922], [70.7612836, 22.3338915], [70.761618, 22.3337956], [70.7621689, 22.333632], [70.7622964, 22.3335936], [70.7623761, 22.3335696], [70.7626188, 22.3334886], [70.7629026, 22.3333826], [70.7631887, 22.3332724], [70.7632304, 22.3332519], [70.763255, 22.3332398]]}}, {"type": "Feature", "properties": {"road_type": "primary", "name": "Unnamed road", "major": true}, "geometry": {"type": "LineString", "coordinates": [[70.7632181, 22.3331467], [70.7632002, 22.3331548], [70.7628543, 22.3333117], [70.7623576, 22.3334987], [70.7622628, 22.3335275], [70.7622143, 22.3335423], [70.7613509, 22.3338053], [70.7612236, 22.3338388], [70.7600267, 22.3341873], [70.7599074, 22.3342216], [70.759678, 22.3342876], [70.758116, 22.334732], [70.757611, 22.3348771], [70.7569428, 22.3350692], [70.7569118, 22.3350781], [70.7568906, 22.3350838], [70.7554856, 22.3354593], [70.7545829, 22.3357159], [70.7538896, 22.3359115], [70.7533965, 22.3360506], [70.7530315, 22.3361535], [70.7517329, 22.3365216], [70.7513493, 22.3366626], [70.7506774, 22.3369888], [70.7502009, 22.3372775], [70.7495343, 22.337723], [70.7489214, 22.3381326], [70.7480303, 22.3387232], [70.7475657, 22.3390053], [70.746708, 22.3394637], [70.7464394, 22.3395973], [70.7458513, 22.3398899], [70.7455428, 22.3400433], [70.7453924, 22.3401148], [70.7445034, 22.3405418]]}}, {"type": "Feature", "properties": {"road_type": "tertiary", "name": "Unnamed road", "major": false}, "geometry": {"type": "LineString", "coordinates": [[70.7668295, 22.3355654], [70.7667666, 22.3353986]]}}, {"type": "Feature", "properties": {"road_type": "tertiary", "name": "Unnamed road", "major": false}, "geometry": {"type": "LineString", "coordinates": [[70.7667666, 22.3353986], [70.7667145, 22.335248], [70.766625, 22.3350052], [70.7665034, 22.334661], [70.7664132, 22.3344057], [70.766316, 22.3341305], [70.7662503, 22.3338831], [70.7661929, 22.3337134], [70.7661816, 22.3336268], [70.7661529, 22.3334056], [70.7661443, 22.3333048], [70.7661277, 22.3328238], [70.7661067, 22.3322158], [70.7660943, 22.3318572], [70.7660609, 22.3315948], [70.7660599, 22.3315223]]}}, {"type": "Feature", "properties": {"road_type": "tertiary", "name": "Unnamed road", "major": false}, "geometry": {"type": "LineString", "coordinates": [[70.8207077, 22.2938021], [70.8204314, 22.293675], [70.8203501, 22.293641], [70.8199483, 22.293474], [70.8196254, 22.2933375], [70.819569, 22.2933131], [70.8195323, 22.2932972], [70.8191607, 22.2931348], [70.8188744, 22.2930124], [70.8187615, 22.2929668], [70.8181253, 22.2927098], [70.8180294, 22.2926711], [70.8178699, 22.2926066], [70.8175903, 22.2924862], [70.8175517, 22.2924725], [70.8175313, 22.2924653], [70.8175126, 22.292459], [70.8174608, 22.2924556]]}}, {"type": "Feature", "properties": {"road_type": "tertiary", "name": "Unnamed road", "major": false}, "geometry": {"type": "LineString", "coordinates": [[70.8174608, 22.2924556], [70.8174888, 22.2924856], [70.817505, 22.2924999], [70.8175249, 22.292513], [70.817565, 22.2925352], [70.8180027, 22.2927347], [70.8180969, 22.2927698], [70.8183475, 22.2928734], [70.8187528, 22.2930329], [70.8191297, 22.2931935], [70.8195432, 22.2933779], [70.8195796, 22.293392], [70.8198998, 22.2935392], [70.8203143, 22.2937136], [70.8206507, 22.2938583]]}}, {"type": "Feature", "properties": {"road_type": "tertiary", "name": "Unnamed road", "major": false}, "geometry": {"type": "LineString", "coordinates": [[70.8214931, 22.3002493], [70.8215344, 22.3001909]]}}, {"type": "Feature", "properties": {"road_type": "tertiary", "name": "Unnamed road", "major": false}, "geometry": {"type": "LineString", "coordinates": [[70.8185249, 22.3078279], [70.8185033, 22.3078772], [70.8184603, 22.3079698]]}}, {"type": "Feature", "properties": {"road_type": "tertiary", "name": "Unnamed road", "major": false}, "geometry": {"type": "LineString", "coordinates": [[70.8105781, 22.3068674], [70.8104962, 22.3069065], [70.8102779, 22.3072799], [70.8101687, 22.3074516], [70.8098451, 22.307936]]}}, {"type": "Feature", "properties": {"road_type": "tertiary", "name": "Unnamed road", "major": false}, "geometry": {"type": "LineString", "coordinates": [[70.8209177, 22.3091712], [70.8209348, 22.3091208], [70.8209611, 22.309043]]}}, {"type": "Feature", "properties": {"road_type": "tertiary", "name": "Unnamed road", "major": false}, "geometry": {"type": "LineString", "coordinates": [[70.816891, 22.292305], [70.8170176, 22.2923254], [70.8172144, 22.2923109]]}}, {"type": "Feature", "properties": {"road_type": "tertiary", "name": "Unnamed road", "major": false}, "geometry": {"type": "LineString", "coordinates": [[70.8290186, 22.2968614], [70.8288808, 22.2962361]]}}, {"type": "Feature", "properties": {"road_type": "tertiary", "name": "Unnamed road", "major": false}, "geometry": {"type": "LineString", "coordinates": [[70.8293397, 22.3002611], [70.829107, 22.3002402]]}}, {"type": "Feature", "properties": {"road_type": "tertiary", "name": "Unnamed road", "major": false}, "geometry": {"type": "LineString", "coordinates": [[70.829088, 22.3002998], [70.8293239, 22.3003232]]}}, {"type": "Feature", "properties": {"road_type": "tertiary", "name": "Unnamed road", "major": false}, "geometry": {"type": "LineString", "coordinates": [[70.8293239, 22.3003232], [70.8294311, 22.3003239], [70.8297423, 22.3003838], [70.8298511, 22.3003796], [70.8300187, 22.3003578], [70.8301191, 22.3003369], [70.83021, 22.3003223], [70.8302881, 22.3003076], [70.8304214, 22.3002754], [70.8307547, 22.3001737], [70.8309046, 22.300128], [70.8310464, 22.3000797], [70.8311901, 22.3000426], [70.8312787, 22.3000171], [70.8313729, 22.2999916], [70.8320618, 22.2998452], [70.8322973, 22.2998041], [70.8323975, 22.2997892], [70.8325262, 22.2997665], [70.8330086, 22.2996812]]}}, {"type": "Feature", "properties": {"road_type": "tertiary", "name": "Unnamed road", "major": false}, "geometry": {"type": "LineString", "coordinates": [[70.832557, 22.2996657], [70.8314231, 22.2999021], [70.8313104, 22.299928], [70.8312017, 22.2999555], [70.830749, 22.3000897], [70.8302917, 22.3002248], [70.8302254, 22.300238], [70.830016, 22.3002797], [70.8299345, 22.300296], [70.8298689, 22.3003003], [70.8298104, 22.3003013], [70.8294406, 22.3002705], [70.8293397, 22.3002611]]}}, {"type": "Feature", "properties": {"road_type": "tertiary", "name": "Unnamed road", "major": false}, "geometry": {"type": "LineString", "coordinates": [[70.8229606, 22.3050001], [70.8231735, 22.3051178]]}}, {"type": "Feature", "properties": {"road_type": "tertiary", "name": "Unnamed road", "major": false}, "geometry": {"type": "LineString", "coordinates": [[70.8253764, 22.3063556], [70.8259526, 22.30666], [70.8262393, 22.3068027], [70.8264491, 22.3069233], [70.8270149, 22.3072127], [70.8274499, 22.307428], [70.8280569, 22.3077354], [70.8282233, 22.3078136]]}}, {"type": "Feature", "properties": {"road_type": "tertiary", "name": "Unnamed road", "major": false}, "geometry": {"type": "LineString", "coordinates": [[70.8232734, 22.3050852], [70.8231108, 22.3049877]]}}, {"type": "Feature", "properties": {"road_type": "tertiary", "name": "Unnamed road", "major": false}, "geometry": {"type": "LineString", "coordinates": [[70.8282835, 22.3077409], [70.8280406, 22.3076198], [70.827506, 22.3073543], [70.8270933, 22.3071493], [70.8266189, 22.3069136], [70.8263251, 22.3067485], [70.8260581, 22.3065984], [70.8256303, 22.3063668], [70.8254109, 22.3062622]]}}, {"type": "Feature", "properties": {"road_type": "tertiary", "name": "Unnamed road", "major": false}, "geometry": {"type": "LineString", "coordinates": [[70.8265047, 22.303037], [70.826477, 22.3031695]]}}, {"type": "Feature", "properties": {"road_type": "tertiary", "name": "Unnamed road", "major": false}, "geometry": {"type": "LineString", "coordinates": [[70.8270806, 22.3002531], [70.8270783, 22.3003191], [70.8270682, 22.3006179], [70.8270434, 22.3014893], [70.8270156, 22.3019847], [70.8270113, 22.3020982], [70.8269971, 22.3021448], [70.8269683, 22.3021883], [70.8268914, 22.3022717], [70.8267055, 22.3024572], [70.8266369, 22.3025667], [70.8265199, 22.3029777], [70.8265047, 22.303037]]}}, {"type": "Feature", "properties": {"road_type": "primary", "name": "Unnamed road", "major": true}, "geometry": {"type": "LineString", "coordinates": [[70.8191156, 22.3083663], [70.8194938, 22.3085946]]}}, {"type": "Feature", "properties": {"road_type": "primary", "name": "Unnamed road", "major": true}, "geometry": {"type": "LineString", "coordinates": [[70.8195689, 22.3085127], [70.8191693, 22.3082943]]}}, {"type": "Feature", "properties": {"road_type": "primary", "name": "Unnamed road", "major": true}, "geometry": {"type": "LineString", "coordinates": [[70.8118029, 22.3059603], [70.8133402, 22.3063275], [70.8137234, 22.306433], [70.814068, 22.306534], [70.8143089, 22.3065993], [70.81515, 22.3068275], [70.8158311, 22.3070164], [70.8164036, 22.3071956], [70.8168155, 22.307316], [70.8173301, 22.3074665], [70.8176449, 22.3075608], [70.8181038, 22.3077544], [70.8184603, 22.3079698], [70.8191156, 22.3083663]]}}, {"type": "Feature", "properties": {"road_type": "primary", "name": "Unnamed road", "major": true}, "geometry": {"type": "LineString", "coordinates": [[70.8191693, 22.3082943], [70.8185503, 22.307907], [70.8185033, 22.3078772], [70.8184763, 22.307862], [70.8183463, 22.307783], [70.8178232, 22.3075278], [70.8172678, 22.3073568], [70.8168532, 22.3072264], [70.8158694, 22.3069505], [70.8157853, 22.3069272], [70.8152257, 22.3067694], [70.8137516, 22.3063571], [70.8134287, 22.3062628], [70.8118399, 22.3058536]]}}, {"type": "Feature", "properties": {"road_type": "primary", "name": "Unnamed road", "major": true}, "geometry": {"type": "LineString", "coordinates": [[70.7013996, 22.2585678], [70.7025885, 22.258836]]}}, {"type": "Feature", "properties": {"road_type": "primary", "name": "Unnamed road", "major": true}, "geometry": {"type": "LineString", "coordinates": [[70.7025885, 22.258836], [70.702763, 22.2588735], [70.7029424, 22.258908], [70.7030713, 22.2589328], [70.7034763, 22.25901], [70.7046033, 22.2592746], [70.7048911, 22.2593345], [70.7052704, 22.2594135], [70.7064022, 22.2596539], [70.7067283, 22.2597307], [70.7077317, 22.259967], [70.7087467, 22.2602272], [70.7094577, 22.2603873], [70.709726, 22.2604477], [70.710038, 22.2605327], [70.7101559, 22.2605648], [70.7103454, 22.2606241], [70.7104522, 22.2606656], [70.7108819, 22.2608326], [70.7113539, 22.2610709], [70.7117402, 22.2612993], [70.7121081, 22.2615948], [70.7122902, 22.261748], [70.7126147, 22.2620404], [70.7126987, 22.262126], [70.7146403, 22.2640957], [70.7152181, 22.2646822], [70.7156875, 22.2651541], [70.7158604, 22.2653073], [70.7159376, 22.2653766], [70.7160432, 22.2654716], [70.7161389, 22.26555], [70.7162335, 22.2656262], [70.7164145, 22.2657422], [70.7165873, 22.2658394], [70.7167784, 22.2659398], [70.7169733, 22.2660351], [70.7171952, 22.266129], [70.7173215, 22.2661807], [70.71758, 22.2662699], [70.7178171, 22.2663336], [70.7181444, 22.2664085], [70.7183477, 22.2664242], [70.719461, 22.266607], [70.7204384, 22.2667894], [70.7209047, 22.2668708], [70.7227539, 22.2671922], [70.7238343, 22.2673585], [70.7240565, 22.2674003], [70.7246335, 22.2675248], [70.7257635, 22.2678059], [70.7258601, 22.2678319], [70.7261174, 22.2679012], [70.7279013, 22.2683814], [70.7281124, 22.2684382], [70.7294377, 22.2686716], [70.7302736, 22.268786], [70.7324036, 22.2690781], [70.7326614, 22.2691134], [70.7336898, 22.2692498], [70.7340253, 22.2692876]]}}, {"type": "Feature", "properties": {"road_type": "tertiary", "name": "Nyari Dam 1 Road", "major": false}, "geometry": {"type": "LineString", "coordinates": [[70.7230028, 22.2590507], [70.7231055, 22.2593209]]}}, {"type": "Feature", "properties": {"road_type": "tertiary", "name": "Nyari Dam 1 Road", "major": false}, "geometry": {"type": "LineString", "coordinates": [[70.7231055, 22.2593209], [70.7232853, 22.2597703], [70.7234487, 22.2601874], [70.7236869, 22.2608141], [70.7238056, 22.2611278], [70.7239951, 22.2616288], [70.7240822, 22.2618576], [70.724287, 22.2623959], [70.7246209, 22.2632603], [70.7247654, 22.2636648], [70.7248801, 22.2639972], [70.7249595, 22.264196], [70.7250038, 22.2643386], [70.7250949, 22.2646498], [70.7252023, 22.265056], [70.7253167, 22.2654731], [70.7253751, 22.2656827], [70.7253832, 22.2657196], [70.7254078, 22.2658318], [70.7254708, 22.2662207], [70.7255549, 22.2666702], [70.7256483, 22.2671672], [70.7257499, 22.2677262]]}}, {"type": "Feature", "properties": {"road_type": "tertiary", "name": "Nyari Dam 1 Road", "major": false}, "geometry": {"type": "LineString", "coordinates": [[70.7231966, 22.259282], [70.7230965, 22.2590232]]}}, {"type": "Feature", "properties": {"road_type": "tertiary", "name": "Nyari Dam 1 Road", "major": false}, "geometry": {"type": "LineString", "coordinates": [[70.7230965, 22.2590232], [70.7227931, 22.2582492], [70.7223625, 22.2571536], [70.7221635, 22.2566716]]}}, {"type": "Feature", "properties": {"road_type": "tertiary", "name": "Nyari Dam 1 Road", "major": false}, "geometry": {"type": "LineString", "coordinates": [[70.7220819, 22.2566893], [70.7224307, 22.2575359], [70.7227202, 22.2582749], [70.7230028, 22.2590507]]}}, {"type": "Feature", "properties": {"road_type": "tertiary", "name": "Unnamed road", "major": false}, "geometry": {"type": "LineString", "coordinates": [[70.7344276, 22.2630773], [70.73461, 22.2647379]]}}, {"type": "Feature", "properties": {"road_type": "tertiary", "name": "Unnamed road", "major": false}, "geometry": {"type": "LineString", "coordinates": [[70.7344229, 22.2630295], [70.7344276, 22.2630773]]}}, {"type": "Feature", "properties": {"road_type": "tertiary", "name": "Unnamed road", "major": false}, "geometry": {"type": "LineString", "coordinates": [[70.7343069, 22.2620074], [70.7343176, 22.2620819]]}}, {"type": "Feature", "properties": {"road_type": "tertiary", "name": "Unnamed road", "major": false}, "geometry": {"type": "LineString", "coordinates": [[70.7343176, 22.2620819], [70.7344149, 22.2629307], [70.7344229, 22.2630295]]}}, {"type": "Feature", "properties": {"road_type": "tertiary", "name": "Unnamed road", "major": false}, "geometry": {"type": "LineString", "coordinates": [[70.7339931, 22.2561069], [70.733977, 22.2561814]]}}, {"type": "Feature", "properties": {"road_type": "tertiary", "name": "Unnamed road", "major": false}, "geometry": {"type": "LineString", "coordinates": [[70.733977, 22.2561814], [70.733863, 22.2568891], [70.7338201, 22.2572168], [70.7338308, 22.2575544], [70.7339918, 22.2588154], [70.7341482, 22.2603431], [70.7341849, 22.260702], [70.7341922, 22.2607683], [70.7342234, 22.2610511], [70.7343069, 22.2620074]]}}, {"type": "Feature", "properties": {"road_type": "tertiary", "name": "Unnamed road", "major": false}, "geometry": {"type": "LineString", "coordinates": [[70.73461, 22.2647379], [70.7346193, 22.2648372]]}}, {"type": "Feature", "properties": {"road_type": "tertiary", "name": "Unnamed road", "major": false}, "geometry": {"type": "LineString", "coordinates": [[70.7346193, 22.2648372], [70.7347385, 22.2657214], [70.734788, 22.2660632], [70.7348663, 22.2666035], [70.7349037, 22.2669274], [70.7349497, 22.2673179], [70.7350307, 22.2677677], [70.7350767, 22.2680133], [70.7351606, 22.2685781], [70.7352278, 22.269336], [70.7352287, 22.2694487]]}}, {"type": "Feature", "properties": {"road_type": "primary", "name": "Unnamed road", "major": true}, "geometry": {"type": "LineString", "coordinates": [[70.9369374, 22.1972417], [70.9365988, 22.1978413], [70.9358804, 22.1990734], [70.935307, 22.2000761], [70.9348647, 22.2008427], [70.934408, 22.2016523], [70.9339763, 22.2024289], [70.9335728, 22.2031235], [70.9330596, 22.2040541], [70.9327455, 22.2045921], [70.9322421, 22.2054894], [70.9319908, 22.2058858], [70.9318244, 22.2061316], [70.9316899, 22.206302], [70.9314882, 22.2065051], [70.9312263, 22.2067542], [70.9308936, 22.2070589], [70.9307052, 22.2072244], [70.930614, 22.2073046], [70.9300973, 22.2077568], [70.9296797, 22.2081009], [70.9294815, 22.2082778], [70.9293187, 22.2084482], [70.9291913, 22.2086022], [70.9291099, 22.20873], [70.9290072, 22.2089266], [70.9287949, 22.209346], [70.9283879, 22.2101258], [70.9281118, 22.2106894], [70.927653, 22.2115734], [70.927634, 22.2116101], [70.9272376, 22.2124063], [70.9268023, 22.2133336], [70.9265086, 22.2139266], [70.9261582, 22.2146671], [70.9259211, 22.2151651], [70.9257229, 22.2155616], [70.9256131, 22.2157484], [70.9254716, 22.2159449], [70.9253808, 22.2160452], [70.9250115, 22.2164528], [70.9243704, 22.2171677], [70.9242329, 22.217321], [70.9237268, 22.2179043], [70.9229163, 22.218802], [70.9219218, 22.2199192], [70.9214475, 22.2204598], [70.9206595, 22.2213298], [70.9206016, 22.2213969], [70.9204838, 22.2215285], [70.9201355, 22.2219234], [70.9195257, 22.2226124], [70.9185737, 22.2236837], [70.9181336, 22.2241837], [70.9179215, 22.2244101], [70.9178646, 22.2244617], [70.9177864, 22.2245251], [70.9176841, 22.2245975], [70.9175509, 22.2246732], [70.9174363, 22.2247266], [70.9173637, 22.2247554], [70.9173314, 22.2247682], [70.9168267, 22.2249464], [70.9159588, 22.2252569], [70.9148916, 22.2256427]]}}, {"type": "Feature", "properties": {"road_type": "tertiary", "name": "Unnamed road", "major": false}, "geometry": {"type": "LineString", "coordinates": [[70.7329064, 22.2354247], [70.732879, 22.2353617]]}}, {"type": "Feature", "properties": {"road_type": "tertiary", "name": "Unnamed road", "major": false}, "geometry": {"type": "LineString", "coordinates": [[70.732879, 22.2353617], [70.7327744, 22.2350936], [70.7327662, 22.2350622], [70.7327043, 22.2347843], [70.7326601, 22.2344403], [70.7326507, 22.2343672], [70.7326185, 22.2338806], [70.7324575, 22.232371], [70.7324146, 22.2321923], [70.7323503, 22.2320334], [70.7322859, 22.231919], [70.7321331, 22.2316528], [70.731567, 22.230643]]}}, {"type": "Feature", "properties": {"road_type": "tertiary", "name": "Unnamed road", "major": false}, "geometry": {"type": "LineString", "coordinates": [[70.8157575, 22.3397197], [70.8157313, 22.3397316], [70.8156966, 22.3397368], [70.8144989, 22.3397702], [70.8141792, 22.3397765], [70.8127322, 22.3398049], [70.811527, 22.3398508], [70.8110493, 22.339869], [70.8094337, 22.3399104], [70.809326, 22.3398459]]}}, {"type": "Feature", "properties": {"road_type": "tertiary", "name": "Unnamed road", "major": false}, "geometry": {"type": "LineString", "coordinates": [[70.7976707, 22.3247831], [70.7972881, 22.3246812], [70.7971303, 22.3246434], [70.7969459, 22.3245992], [70.7968249, 22.324571], [70.7965359, 22.3245037], [70.7963704, 22.3244724], [70.796181, 22.3244367], [70.7959977, 22.3244165], [70.7959038, 22.3244044], [70.7957791, 22.3243952], [70.7957031, 22.3243999], [70.7955723, 22.3244157], [70.7954063, 22.3244547], [70.7952797, 22.3245066], [70.7947232, 22.3247348], [70.7943929, 22.3248764], [70.7943189, 22.3249042], [70.7938743, 22.3251062], [70.7935333, 22.3252491], [70.7932654, 22.32536], [70.792837, 22.32555], [70.7926583, 22.3256342], [70.7925068, 22.3256901], [70.7921117, 22.3258551], [70.7919077, 22.3259186], [70.7917039, 22.3259774], [70.7913558, 22.3260429], [70.7908035, 22.326188], [70.7899967, 22.3263755], [70.7893826, 22.3264548], [70.7888024, 22.3266324], [70.7883962, 22.3267552], [70.7878566, 22.3269679], [70.787486, 22.327109], [70.7872453, 22.3272335], [70.7869504, 22.327441], [70.7865687, 22.3277748], [70.7860976, 22.3281753], [70.7857508, 22.3284585], [70.7853484, 22.3288219], [70.7853217, 22.3288502], [70.7852365, 22.3289287]]}}, {"type": "Feature", "properties": {"road_type": "tertiary", "name": "Unnamed road", "major": false}, "geometry": {"type": "LineString", "coordinates": [[70.7845892, 22.3297934], [70.7851137, 22.3291655], [70.7852687, 22.3289944], [70.7853238, 22.328936], [70.7853541, 22.3289066], [70.7853877, 22.3288786], [70.7854982, 22.3287776], [70.7858297, 22.3284892], [70.7861835, 22.328202], [70.7867404, 22.3277289], [70.7870608, 22.3274579], [70.7872539, 22.3273239], [70.7873518, 22.3272594], [70.7875034, 22.3271763], [70.7876147, 22.3271242], [70.7878614, 22.3270411], [70.7880672, 22.3269764], [70.7884796, 22.3268417], [70.7888348, 22.3267197], [70.7890487, 22.3266564], [70.7894005, 22.3265484], [70.7896666, 22.3265169], [70.7900101, 22.3264601], [70.79032, 22.3263917], [70.7907065, 22.3263008], [70.7910746, 22.3262077], [70.7912908, 22.3261475], [70.7913759, 22.326121], [70.7917037, 22.3260492], [70.7919496, 22.3259853], [70.7920698, 22.3259454], [70.7922069, 22.3258941], [70.792424, 22.3258024], [70.7926891, 22.3256904], [70.792774, 22.3256566], [70.7931288, 22.3255022], [70.7934717, 22.3253555], [70.7938175, 22.3252115], [70.7943096, 22.3250065], [70.7943819, 22.3249751], [70.7952872, 22.3245913], [70.7954801, 22.3245176], [70.7955827, 22.3244865], [70.7956659, 22.3244751], [70.7957756, 22.3244685], [70.7959313, 22.3244832], [70.7961879, 22.3245209], [70.7976511, 22.3248507]]}}, {"type": "Feature", "properties": {"road_type": "tertiary", "name": "Unnamed road", "major": false}, "geometry": {"type": "LineString", "coordinates": [[70.7936887, 22.3300362], [70.7936552, 22.3300902], [70.7935767, 22.3301969], [70.7934067, 22.3304172], [70.7925374, 22.3315515], [70.7924632, 22.3316483], [70.7919521, 22.3323095], [70.7918998, 22.3323774], [70.7918746, 22.33241], [70.791668, 22.3326566], [70.7913504, 22.3330605], [70.7910206, 22.3334963], [70.7905126, 22.3341677], [70.7898402, 22.3349676], [70.789545, 22.3353098], [70.7894099, 22.3354645], [70.7881605, 22.3363632], [70.7875585, 22.3367336], [70.7872734, 22.3369329], [70.7864658, 22.3374744], [70.7863882, 22.3375332]]}}, {"type": "Feature", "properties": {"road_type": "tertiary", "name": "Unnamed road", "major": false}, "geometry": {"type": "LineString", "coordinates": [[70.7936887, 22.3300362], [70.7937455, 22.3299877], [70.7937958, 22.3296326], [70.7938396, 22.3292971], [70.7938945, 22.3288314], [70.7939392, 22.3284532], [70.7939865, 22.3280796], [70.7940268, 22.3277183], [70.7940767, 22.3273492], [70.7941746, 22.3265532], [70.794259, 22.3260069], [70.794342, 22.3253657], [70.7943819, 22.3249751], [70.7943929, 22.3248764]]}}, {"type": "Feature", "properties": {"road_type": "tertiary", "name": "Unnamed road", "major": false}, "geometry": {"type": "LineString", "coordinates": [[70.8002725, 22.3184457], [70.8004535, 22.318442], [70.8005203, 22.3184309], [70.8005738, 22.3184123], [70.8006463, 22.318379], [70.80069, 22.3183399], [70.8007269, 22.3182733], [70.8008658, 22.3178053], [70.800888, 22.3176873], [70.8008876, 22.3176191], [70.800872, 22.3175452], [70.8007844, 22.3174039], [70.8006674, 22.3172825]]}}, {"type": "Feature", "properties": {"road_type": "tertiary", "name": "Unnamed road", "major": false}, "geometry": {"type": "LineString", "coordinates": [[70.800022, 22.3184531], [70.8002725, 22.3184457]]}}, {"type": "Feature", "properties": {"road_type": "primary", "name": "Unnamed road", "major": true}, "geometry": {"type": "LineString", "coordinates": [[70.7922378, 22.3129952], [70.7909132, 22.3138469], [70.7907808, 22.3139457], [70.7905689, 22.3141179]]}}, {"type": "Feature", "properties": {"road_type": "primary", "name": "Unnamed road", "major": true}, "geometry": {"type": "LineString", "coordinates": [[70.7925731, 22.3127804], [70.7922378, 22.3129952]]}}, {"type": "Feature", "properties": {"road_type": "tertiary", "name": "Unnamed road", "major": false}, "geometry": {"type": "LineString", "coordinates": [[70.7884878, 22.3287425], [70.7889259, 22.3288567], [70.7892787, 22.3289502], [70.7897069, 22.3290636], [70.7902967, 22.3292199]]}}, {"type": "Feature", "properties": {"road_type": "primary", "name": "Rajkot - Morbi Highway", "major": true}, "geometry": {"type": "LineString", "coordinates": [[70.8078264, 22.3473493], [70.8078001, 22.3473868], [70.8077781, 22.3474149], [70.8076934, 22.347545], [70.8072915, 22.3481933], [70.8068487, 22.3488949], [70.8058925, 22.350471], [70.8057302, 22.3507547], [70.8053851, 22.3513453], [70.8050943, 22.351824], [70.8049646, 22.3520341], [70.8046579, 22.3525722], [70.8045833, 22.3526852], [70.8043669, 22.3530679], [70.8041853, 22.3534948], [70.8037902, 22.354511]]}}, {"type": "Feature", "properties": {"road_type": "tertiary", "name": "Unnamed road", "major": false}, "geometry": {"type": "LineString", "coordinates": [[70.7617461, 22.2683235], [70.7617036, 22.2684091], [70.761502, 22.2688152], [70.761286, 22.2692841], [70.7610723, 22.2697495], [70.7609858, 22.2699792], [70.7609498, 22.2700862], [70.7609236, 22.270213]]}}, {"type": "Feature", "properties": {"road_type": "tertiary", "name": "Unnamed road", "major": false}, "geometry": {"type": "LineString", "coordinates": [[70.7618071, 22.2683548], [70.7618594, 22.2681968], [70.7619116, 22.2680216], [70.7619421, 22.2679216], [70.7619644, 22.2678314]]}}, {"type": "Feature", "properties": {"road_type": "tertiary", "name": "Unnamed road", "major": false}, "geometry": {"type": "LineString", "coordinates": [[70.7619644, 22.2678314], [70.762035, 22.2672167], [70.762172, 22.2666697], [70.7622886, 22.2662326]]}}, {"type": "Feature", "properties": {"road_type": "tertiary", "name": "Unnamed road", "major": false}, "geometry": {"type": "LineString", "coordinates": [[70.7624367, 22.2649014], [70.7624874, 22.264854], [70.7626459, 22.2640351], [70.7627013, 22.2637439], [70.7627186, 22.2636471], [70.7628092, 22.2631912], [70.7629008, 22.2627308], [70.762915, 22.2626073], [70.7629488, 22.2619845], [70.7629524, 22.2616401], [70.7629435, 22.2615445], [70.7629114, 22.2614292], [70.7626769, 22.2606678], [70.7625002, 22.2600732], [70.7624099, 22.2597803], [70.7623915, 22.2597207], [70.7623311, 22.2595245], [70.7622957, 22.2593507], [70.7622919, 22.2592691], [70.7623079, 22.2591373], [70.7623648, 22.258816], [70.76252, 22.2580084], [70.7627014, 22.2570563], [70.7627617, 22.2567475], [70.762899, 22.2560446], [70.7631251, 22.2548253], [70.763301, 22.2539328]]}}, {"type": "Feature", "properties": {"road_type": "tertiary", "name": "Unnamed road", "major": false}, "geometry": {"type": "LineString", "coordinates": [[70.7632024, 22.2539066], [70.7627592, 22.2562642], [70.7626656, 22.2567343], [70.7624251, 22.2579928], [70.7621954, 22.2591958], [70.7621929, 22.2592787], [70.7621967, 22.2593615], [70.7622553, 22.2595902], [70.762338, 22.2599035], [70.7625715, 22.260685], [70.7626563, 22.2609286], [70.7628524, 22.261542], [70.762869, 22.2616341], [70.7628404, 22.2625225], [70.7628152, 22.2627152], [70.7627267, 22.2631615], [70.7626604, 22.2634959], [70.7626198, 22.2637303], [70.7624083, 22.2648421], [70.7624367, 22.2649014]]}}, {"type": "Feature", "properties": {"road_type": "tertiary", "name": "Unnamed road", "major": false}, "geometry": {"type": "LineString", "coordinates": [[70.7622068, 22.2662162], [70.7621014, 22.2665762], [70.7619477, 22.2672123], [70.7618839, 22.2678193]]}}, {"type": "Feature", "properties": {"road_type": "tertiary", "name": "Unnamed road", "major": false}, "geometry": {"type": "LineString", "coordinates": [[70.8017029, 22.2244765], [70.8017832, 22.2244826]]}}, {"type": "Feature", "properties": {"road_type": "tertiary", "name": "Unnamed road", "major": false}, "geometry": {"type": "LineString", "coordinates": [[70.7648158, 22.2645921], [70.7647622, 22.2646331], [70.7643082, 22.2650361], [70.7637785, 22.2655164], [70.7637301, 22.2655503], [70.7636653, 22.2655844], [70.7636055, 22.2656008], [70.7630945, 22.2656455], [70.7624495, 22.2656373]]}}, {"type": "Feature", "properties": {"road_type": "tertiary", "name": "Unnamed road", "major": false}, "geometry": {"type": "LineString", "coordinates": [[70.7641999, 22.2493784], [70.7642601, 22.2493115], [70.7643378, 22.2492647], [70.7644159, 22.2492295], [70.7645281, 22.2491982], [70.7652217, 22.2489892], [70.7657864, 22.2488263], [70.7664603, 22.2486389], [70.766812, 22.2485379], [70.7673347, 22.2483879], [70.7675492, 22.2483224], [70.7676362, 22.2482905], [70.7677536, 22.2482343], [70.7685773, 22.2478035], [70.7688662, 22.2476545], [70.7690914, 22.2475384], [70.7694092, 22.2473745], [70.7701519, 22.246968], [70.7708097, 22.246614], [70.7716802, 22.2461666], [70.7717683, 22.2461418], [70.7718786, 22.2461247], [70.7719762, 22.2461113], [70.7720507, 22.2461037], [70.7721535, 22.246097], [70.7726328, 22.2460922], [70.7730886, 22.2460876], [70.7740924, 22.2460839], [70.7752218, 22.2460689], [70.776598, 22.2460502], [70.7772971, 22.2460535]]}}, {"type": "Feature", "properties": {"road_type": "tertiary", "name": "Unnamed road", "major": false}, "geometry": {"type": "LineString", "coordinates": [[70.763301, 22.2539328], [70.7633161, 22.2538557], [70.7634512, 22.2531681], [70.7635007, 22.2529073], [70.7637322, 22.2517374], [70.7639565, 22.2505494], [70.76413, 22.2496521], [70.7641725, 22.2494399], [70.7641999, 22.2493784]]}}, {"type": "Feature", "properties": {"road_type": "primary", "name": "Ring Road -2", "major": true}, "geometry": {"type": "LineString", "coordinates": [[70.7456065, 22.2706752], [70.7455236, 22.2707942], [70.7454038, 22.2710614], [70.7451915, 22.2715601], [70.7450505, 22.2718984], [70.7448732, 22.2723116], [70.7448696, 22.2723922]]}}, {"type": "Feature", "properties": {"road_type": "secondary", "name": "Ring Road -2", "major": true}, "geometry": {"type": "LineString", "coordinates": [[70.7457365, 22.2706975], [70.7460754, 22.2702414], [70.7463382, 22.269901], [70.7463442, 22.2698224]]}}, {"type": "Feature", "properties": {"road_type": "secondary", "name": "Unnamed road", "major": true}, "geometry": {"type": "LineString", "coordinates": [[70.8294823, 22.2849263], [70.8284001, 22.28474], [70.8281494, 22.2846952], [70.8279817, 22.2846653], [70.8277737, 22.2846281], [70.8270706, 22.2844964], [70.8256545, 22.2842306], [70.8252965, 22.2841702], [70.8231465, 22.2838017], [70.8229859, 22.2837766], [70.8229423, 22.2837698], [70.8227889, 22.2837459], [70.8224228, 22.2836909], [70.8223091, 22.2836701], [70.8208796, 22.2834087], [70.820503, 22.2833399], [70.8201048, 22.2832734], [70.8196217, 22.2831927], [70.819368, 22.2831503]]}}, {"type": "Feature", "properties": {"road_type": "secondary", "name": "Unnamed road", "major": true}, "geometry": {"type": "LineString", "coordinates": [[70.8171752, 22.2827645], [70.8165259, 22.2826512], [70.8155777, 22.2824857], [70.8150079, 22.2823906], [70.8149212, 22.2823763], [70.8144569, 22.2822996], [70.8140357, 22.28223], [70.8135848, 22.2821554], [70.8131649, 22.282086], [70.812859, 22.2820355], [70.8127333, 22.2820116], [70.8121567, 22.281902], [70.8115691, 22.2817903], [70.8109498, 22.2816726]]}}, {"type": "Feature", "properties": {"road_type": "secondary", "name": "Unnamed road", "major": true}, "geometry": {"type": "LineString", "coordinates": [[70.819368, 22.2831503], [70.8171752, 22.2827645]]}}, {"type": "Feature", "properties": {"road_type": "primary", "name": "Unnamed road", "major": true}, "geometry": {"type": "LineString", "coordinates": [[70.8297373, 22.2849426], [70.8298154, 22.2848785], [70.8298777, 22.2848267], [70.8299381, 22.2847838], [70.830864, 22.2838931], [70.8309663, 22.2837954], [70.8313769, 22.2834033], [70.8317232, 22.2830725], [70.8325933, 22.282258], [70.8326754, 22.2821752], [70.8328435, 22.2820176], [70.8331949, 22.2816885], [70.8337957, 22.2811256], [70.8338863, 22.2810407], [70.834612, 22.280352], [70.8346963, 22.2802721], [70.8349666, 22.2800155], [70.8352598, 22.2797423], [70.8355183, 22.2795014]]}}, {"type": "Feature", "properties": {"road_type": "primary", "name": "Unnamed road", "major": true}, "geometry": {"type": "LineString", "coordinates": [[70.8355183, 22.2795014], [70.8356256, 22.2793826]]}}, {"type": "Feature", "properties": {"road_type": "secondary", "name": "Unnamed road", "major": true}, "geometry": {"type": "LineString", "coordinates": [[70.8296687, 22.28506], [70.8307862, 22.2852447], [70.8314054, 22.2853528], [70.831747, 22.2854161], [70.8320012, 22.2854632], [70.8344637, 22.2858712], [70.8368267, 22.2862984]]}}, {"type": "Feature", "properties": {"road_type": "tertiary", "name": "Unnamed road", "major": false}, "geometry": {"type": "LineString", "coordinates": [[70.8282624, 22.2729097], [70.8281464, 22.2729492], [70.8281173, 22.2729662], [70.8273116, 22.2735458], [70.8265431, 22.2741109], [70.8247621, 22.2753941], [70.8247192, 22.2754487], [70.8247037, 22.2755004], [70.8247031, 22.275548], [70.8247565, 22.2758474], [70.824909, 22.2767032], [70.8249254, 22.2767953], [70.8250496, 22.2775108], [70.8250755, 22.2776604], [70.8252036, 22.2784456], [70.8252427, 22.2786854], [70.8252691, 22.2788562], [70.8252724, 22.2789014], [70.8252695, 22.2789272], [70.8252664, 22.2789541], [70.8252197, 22.279065], [70.8252018, 22.2791093], [70.8251656, 22.279171], [70.8248494, 22.2797002], [70.8248203, 22.2797403], [70.8247589, 22.2798249], [70.8243143, 22.2803883], [70.8242089, 22.2805255], [70.8235304, 22.2814089], [70.8227767, 22.2824388], [70.822582, 22.2827099], [70.8225459, 22.2827863], [70.8225132, 22.2828776], [70.8223091, 22.2836701], [70.8222905, 22.283757]]}}, {"type": "Feature", "properties": {"road_type": "secondary", "name": "Unnamed road", "major": true}, "geometry": {"type": "LineString", "coordinates": [[70.810547, 22.2816172], [70.8100336, 22.2815314], [70.8085594, 22.281285], [70.8071068, 22.2810266], [70.8065666, 22.2809395], [70.8063874, 22.2809106], [70.8057578, 22.280809], [70.8055707, 22.2807788], [70.8045808, 22.2806022], [70.8043035, 22.2805528], [70.803043, 22.2803171], [70.8022659, 22.2801911]]}}, {"type": "Feature", "properties": {"road_type": "tertiary", "name": "Unnamed road", "major": false}, "geometry": {"type": "LineString", "coordinates": [[70.8195211, 22.2763577], [70.8193742, 22.2763034], [70.8189652, 22.2761652], [70.8185827, 22.2760003], [70.8181415, 22.275819], [70.8173141, 22.275479], [70.8168758, 22.2752974], [70.8158805, 22.2748875], [70.8146763, 22.2743568], [70.8145957, 22.2743153], [70.8139905, 22.2740969], [70.8131313, 22.2737417], [70.81265, 22.2735647], [70.8125593, 22.2735257]]}}, {"type": "Feature", "properties": {"road_type": "tertiary", "name": "Unnamed road", "major": false}, "geometry": {"type": "LineString", "coordinates": [[70.8146301, 22.2744677], [70.8146763, 22.2743568], [70.814941, 22.2735834], [70.8150174, 22.2733302], [70.8150291, 22.2732432], [70.815044, 22.273054], [70.8150828, 22.2724404], [70.8152068, 22.2718943], [70.815246, 22.2717519], [70.8153417, 22.2712945], [70.815405, 22.2709945], [70.8155467, 22.2704388], [70.8156446, 22.2700254], [70.8156471, 22.2699943], [70.8156367, 22.2699703], [70.8156081, 22.2699517], [70.8155499, 22.269944], [70.8155296, 22.2699484], [70.8155118, 22.269961]]}}, {"type": "Feature", "properties": {"road_type": "tertiary", "name": "Unnamed road", "major": false}, "geometry": {"type": "LineString", "coordinates": [[70.8252695, 22.2789272], [70.8253858, 22.2789252], [70.8265369, 22.2789006], [70.8271319, 22.2789613], [70.8272121, 22.278974], [70.827673, 22.279047], [70.8280432, 22.2791057], [70.8290285, 22.2792642], [70.8300173, 22.2794233], [70.830285, 22.2796737], [70.8313186, 22.2806066], [70.8319713, 22.2812002], [70.8326308, 22.2817999], [70.8327901, 22.2819602], [70.8328435, 22.2820176]]}}, {"type": "Feature", "properties": {"road_type": "tertiary", "name": "Unnamed road", "major": false}, "geometry": {"type": "LineString", "coordinates": [[70.8282624, 22.2729097], [70.8283064, 22.2728678]]}}, {"type": "Feature", "properties": {"road_type": "secondary", "name": "Unnamed road", "major": true}, "geometry": {"type": "LineString", "coordinates": [[70.8145138, 22.2884932], [70.8144714, 22.2886547]]}}, {"type": "Feature", "properties": {"road_type": "secondary", "name": "Unnamed road", "major": true}, "geometry": {"type": "LineString", "coordinates": [[70.8144714, 22.2886547], [70.8144283, 22.2888806]]}}, {"type": "Feature", "properties": {"road_type": "tertiary", "name": "Unnamed road", "major": false}, "geometry": {"type": "LineString", "coordinates": [[70.7779604, 22.2904949], [70.7780951, 22.2905418], [70.7781438, 22.2905555], [70.7782058, 22.2905679], [70.7782873, 22.2905876], [70.7784332, 22.2906096]]}}, {"type": "Feature", "properties": {"road_type": "trunk", "name": "Unnamed road", "major": true}, "geometry": {"type": "LineString", "coordinates": [[70.7803152, 22.2710943], [70.7802961, 22.2710658], [70.780272, 22.2710409], [70.780232, 22.2710276], [70.7801974, 22.2710248], [70.7801655, 22.2710321], [70.780124, 22.2710551], [70.7800967, 22.2710872], [70.7800786, 22.2711315], [70.7800815, 22.2711829], [70.7800991, 22.2712108], [70.7801363, 22.271242], [70.7801854, 22.2712541], [70.7802363, 22.2712507], [70.780287, 22.2712226], [70.7803176, 22.2711712]]}}, {"type": "Feature", "properties": {"road_type": "trunk", "name": "Unnamed road", "major": true}, "geometry": {"type": "LineString", "coordinates": [[70.7803152, 22.2710943], [70.7805735, 22.2706916], [70.780755, 22.2703868], [70.780774, 22.2703561], [70.7808691, 22.2702027], [70.7809747, 22.270031], [70.7813506, 22.2695023], [70.7817307, 22.2689854], [70.7820606, 22.2685433], [70.782286, 22.2682325], [70.7823357, 22.2681648], [70.7824672, 22.2679516]]}}, {"type": "Feature", "properties": {"road_type": "tertiary", "name": "Unnamed road", "major": false}, "geometry": {"type": "LineString", "coordinates": [[70.8080632, 22.2370598], [70.8081266, 22.2371644], [70.8081502, 22.2372082], [70.8081602, 22.2372486], [70.8081627, 22.2372924], [70.8081609, 22.2373845], [70.8081451, 22.2377369], [70.8081252, 22.2382786], [70.808121, 22.2383935], [70.8080935, 22.2389046], [70.8080626, 22.2394081], [70.8080292, 22.2399437], [70.808028, 22.2399637], [70.8080125, 22.2401985], [70.8080125, 22.240272], [70.8080144, 22.2403383], [70.8080202, 22.2404064], [70.8080745, 22.2407505], [70.8080899, 22.2408563], [70.8080977, 22.2409961], [70.8080996, 22.2411269], [70.8080938, 22.2412327], [70.8080861, 22.2413133], [70.8080643, 22.2415185], [70.8080435, 22.2416826], [70.808026, 22.2418134], [70.8080028, 22.2419927], [70.8079886, 22.2420792], [70.8079729, 22.2421968], [70.8079394, 22.2424451], [70.8079072, 22.2427194], [70.8078509, 22.243283], [70.807808, 22.2436812], [70.8077884, 22.2438539], [70.8077627, 22.2440794]]}}, {"type": "Feature", "properties": {"road_type": "tertiary", "name": "Unnamed road", "major": false}, "geometry": {"type": "LineString", "coordinates": [[70.8060084, 22.2495657], [70.8063559, 22.2492124], [70.8065625, 22.2490039], [70.806738, 22.2488112], [70.8068344, 22.2487049], [70.8069151, 22.2486085], [70.8069897, 22.2485093], [70.807072, 22.2483943], [70.8071371, 22.2482901], [70.8072008, 22.248175], [70.8072571, 22.2480573], [70.8072848, 22.2479843], [70.8073097, 22.2479112], [70.8073453, 22.2477938], [70.8074153, 22.2475618], [70.8075178, 22.2472254], [70.8076343, 22.2468516], [70.8077074, 22.246623], [70.8077331, 22.2465308], [70.8077571, 22.2464447], [70.8077726, 22.246357], [70.8077819, 22.2462866], [70.8077835, 22.2462175], [70.8077819, 22.2461155], [70.8077695, 22.245848], [70.8077462, 22.2453563], [70.8077322, 22.2450041], [70.8077307, 22.2449221], [70.8077338, 22.2448545], [70.8077493, 22.2446791], [70.8077804, 22.2444174], [70.8078194, 22.2440826], [70.8078456, 22.2438409], [70.807886, 22.2435275], [70.8079204, 22.2432047], [70.8079604, 22.2429047], [70.8079652, 22.242853], [70.807999, 22.2425177], [70.8080341, 22.2422113], [70.8080579, 22.242054], [70.8080742, 22.2419467], [70.8081076, 22.2416821], [70.8081237, 22.2415236], [70.8081411, 22.2413525], [70.8081517, 22.2411301], [70.8081571, 22.2409935], [70.808149, 22.2408694], [70.808137, 22.2407614], [70.8081061, 22.2405653], [70.8080833, 22.2404238], [70.8080739, 22.2403505], [70.8080713, 22.2402959], [70.808078, 22.2401234], [70.808089, 22.2399348], [70.8081008, 22.2397174], [70.8081325, 22.2391437], [70.8081581, 22.2386135], [70.8081706, 22.2382705], [70.808201, 22.2374593], [70.8081975, 22.2372868], [70.8081952, 22.2372278], [70.8081998, 22.2371764], [70.8082102, 22.2371346], [70.8082284, 22.2370795], [70.8082352, 22.2370282]]}}, {"type": "Feature", "properties": {"road_type": "tertiary", "name": "Unnamed road", "major": false}, "geometry": {"type": "LineString", "coordinates": [[70.8047566, 22.261069], [70.8049046, 22.2610918], [70.8051853, 22.2611588], [70.8053063, 22.2611817], [70.8056151, 22.2612522], [70.805765, 22.2612792], [70.8059924, 22.2613328], [70.8060708, 22.2613491], [70.8063092, 22.2613887], [70.80641, 22.261414], [70.8065784, 22.2614617], [70.8068724, 22.2615471], [70.8075101, 22.2617323], [70.8077174, 22.2617861], [70.8080533, 22.2618799], [70.8083748, 22.2619656], [70.8086693, 22.2620299], [70.8088164, 22.2620673], [70.8090152, 22.2621093], [70.8094367, 22.2622135], [70.8097827, 22.262304], [70.8101508, 22.2624071], [70.8104823, 22.2624876], [70.8107797, 22.2625435]]}}, {"type": "Feature", "properties": {"road_type": "tertiary", "name": "Unnamed road", "major": false}, "geometry": {"type": "LineString", "coordinates": [[70.8046507, 22.2610988], [70.8047239, 22.2616811], [70.8047449, 22.2618421], [70.8048496, 22.2627558], [70.8048641, 22.2628217], [70.8048975, 22.2628828]]}}, {"type": "Feature", "properties": {"road_type": "tertiary", "name": "Unnamed road", "major": false}, "geometry": {"type": "LineString", "coordinates": [[70.804709, 22.2611001], [70.8047244, 22.2610931], [70.8047355, 22.2610881], [70.8047566, 22.261069], [70.8047702, 22.2610448], [70.804775, 22.2610178], [70.8047703, 22.2609909], [70.8047553, 22.2609649], [70.8047317, 22.2609451], [70.8047023, 22.2609338], [70.8046705, 22.2609323], [70.8046401, 22.2609409], [70.8046145, 22.2609585], [70.8046034, 22.2609739], [70.8045969, 22.260983], [70.8045892, 22.2610116], [70.8045924, 22.2610409], [70.8046047, 22.2610657], [70.8046248, 22.2610857], [70.8046507, 22.2610988], [70.8046797, 22.2611038], [70.804709, 22.2611001]]}}, {"type": "Feature", "properties": {"road_type": "tertiary", "name": "Unnamed road", "major": false}, "geometry": {"type": "LineString", "coordinates": [[70.8047023, 22.2609338], [70.8046071, 22.2602286], [70.8045724, 22.2599536], [70.8045464, 22.2597467], [70.8045048, 22.2591212], [70.8045061, 22.2590677], [70.8045089, 22.2589354], [70.8045025, 22.2587735], [70.8045014, 22.2583479], [70.804498, 22.2578399], [70.8044634, 22.2574261], [70.8044508, 22.2572758], [70.8043586, 22.2564234], [70.804341, 22.2562821], [70.804281, 22.2557999], [70.8042371, 22.2553368], [70.8042207, 22.2551757], [70.8041764, 22.2547424], [70.8041565, 22.2545534], [70.8041269, 22.254273], [70.8041161, 22.2541664], [70.8040994, 22.2540004], [70.804083, 22.253838], [70.8040313, 22.2533654], [70.804009, 22.2531614], [70.8039886, 22.2529751], [70.8039871, 22.2528056], [70.8039865, 22.2527436], [70.8039892, 22.2527187], [70.8040527, 22.2524953], [70.8041764, 22.2521258], [70.8043349, 22.2516386], [70.8043552, 22.2516033], [70.8044449, 22.2514654], [70.8046498, 22.2511706], [70.8049246, 22.2507977], [70.8051518, 22.2505038], [70.805345, 22.2502423], [70.8054897, 22.2500824], [70.805813, 22.2497948]]}}, {"type": "Feature", "properties": {"road_type": "tertiary", "name": "Unnamed road", "major": false}, "geometry": {"type": "LineString", "coordinates": [[70.8046034, 22.2609739], [70.8039987, 22.2609744], [70.8031268, 22.2609665], [70.8025578, 22.2609734], [70.8021774, 22.2609812], [70.801958, 22.2610189], [70.801378, 22.2611833], [70.800696, 22.2613632]]}}, {"type": "Feature", "properties": {"road_type": "tertiary", "name": "Unnamed road", "major": false}, "geometry": {"type": "LineString", "coordinates": [[70.8048975, 22.2628828], [70.8049195, 22.2628182], [70.8049167, 22.262777], [70.8049077, 22.2626403], [70.8048325, 22.2621017], [70.8048083, 22.2618526], [70.8047907, 22.2616704], [70.8047244, 22.2610931]]}}, {"type": "Feature", "properties": {"road_type": "tertiary", "name": "Unnamed road", "major": false}, "geometry": {"type": "LineString", "coordinates": [[70.8107935, 22.2624597], [70.8104995, 22.2623961], [70.8104116, 22.2623783], [70.8101299, 22.262307], [70.8099414, 22.2622594], [70.8098171, 22.2622259], [70.809537, 22.2621665], [70.8094785, 22.2621456], [70.8092528, 22.2620843], [70.8090164, 22.2620295], [70.8088693, 22.2619954], [70.8086746, 22.2619471], [70.8085861, 22.2619267], [70.8083567, 22.261874], [70.8083342, 22.2618688], [70.8080856, 22.2618116], [70.8080237, 22.2617988], [70.8077099, 22.2617173], [70.8076634, 22.2617052], [70.8074978, 22.261658], [70.8072496, 22.2615873], [70.8071567, 22.2615611], [70.8068943, 22.2614871], [70.8066101, 22.261407], [70.80656, 22.2613929], [70.8064366, 22.2613604], [70.8063242, 22.2613307], [70.8061587, 22.2612981], [70.8060904, 22.2612829], [70.8058133, 22.2612212], [70.8058024, 22.2612188], [70.8053887, 22.2611245], [70.8052883, 22.261097], [70.8049719, 22.2610322], [70.8047703, 22.2609909]]}}, {"type": "Feature", "properties": {"road_type": "tertiary", "name": "Unnamed road", "major": false}, "geometry": {"type": "LineString", "coordinates": [[70.8108785, 22.2624279], [70.8108839, 22.2623474], [70.8109768, 22.2619121]]}}, {"type": "Feature", "properties": {"road_type": "tertiary", "name": "Unnamed road", "major": false}, "geometry": {"type": "LineString", "coordinates": [[70.8109341, 22.2624546], [70.8114463, 22.2623523], [70.8115751, 22.2623482], [70.8117425, 22.2623327], [70.8118129, 22.2623303], [70.8119816, 22.2623152], [70.8121449, 22.2622918], [70.812202, 22.2622833], [70.8124511, 22.2622555], [70.8125231, 22.2622512], [70.8128763, 22.2622179], [70.8130688, 22.2621913], [70.8132715, 22.262167], [70.813433, 22.2622045], [70.8134783, 22.262215], [70.8135202, 22.2622247], [70.8135764, 22.262248], [70.8137442, 22.2623928], [70.8139705, 22.2625658], [70.8139976, 22.2625869], [70.8142823, 22.2627555], [70.8145962, 22.2629142], [70.8147103, 22.2629626]]}}, {"type": "Feature", "properties": {"road_type": "tertiary", "name": "Unnamed road", "major": false}, "geometry": {"type": "LineString", "coordinates": [[70.808288, 22.2558538], [70.8082961, 22.2559022], [70.8082723, 22.2562282], [70.8081943, 22.2573616]]}}, {"type": "Feature", "properties": {"road_type": "tertiary", "name": "Unnamed road", "major": false}, "geometry": {"type": "LineString", "coordinates": [[70.8075216, 22.2652218], [70.8074745, 22.2651507], [70.8063972, 22.2644988], [70.8059071, 22.2642156], [70.8053003, 22.2638688], [70.8051653, 22.2637917]]}}, {"type": "Feature", "properties": {"road_type": "tertiary", "name": "Unnamed road", "major": false}, "geometry": {"type": "LineString", "coordinates": [[70.8052088, 22.2639251], [70.8063503, 22.2645667], [70.8069509, 22.2648904], [70.8071456, 22.2650016], [70.8072213, 22.2650448], [70.8074468, 22.2651915], [70.8075216, 22.2652218]]}}, {"type": "Feature", "properties": {"road_type": "tertiary", "name": "Unnamed road", "major": false}, "geometry": {"type": "LineString", "coordinates": [[70.8014607, 22.2456858], [70.80128, 22.2455278], [70.8012175, 22.2454649], [70.8011579, 22.2454042], [70.8011376, 22.2453735], [70.8011173, 22.245339], [70.8010971, 22.2452918], [70.8010864, 22.2452517], [70.8010815, 22.2452009], [70.8010778, 22.2450285], [70.8011048, 22.2443765], [70.8011292, 22.2437858], [70.8011783, 22.2431986], [70.8012026, 22.2430055], [70.8012315, 22.242834], [70.801296, 22.2425409]]}}, {"type": "Feature", "properties": {"road_type": "tertiary", "name": "Unnamed road", "major": false}, "geometry": {"type": "LineString", "coordinates": [[70.8010239, 22.2339807], [70.8011317, 22.2325986], [70.8013261, 22.2304535], [70.801482, 22.2285843], [70.8015887, 22.2273384], [70.8016255, 22.2269086], [70.8016332, 22.2268186], [70.8016865, 22.2261968], [70.8016923, 22.2261152], [70.8017657, 22.2250894], [70.801772, 22.2248705], [70.8017832, 22.2244826], [70.8017884, 22.2243037], [70.8017932, 22.224139], [70.8017938, 22.2241169], [70.8017875, 22.2239337], [70.8017396, 22.2225388], [70.8017256, 22.2221321], [70.8017034, 22.2214263], [70.801685, 22.2208437], [70.8016515, 22.2197812], [70.8016372, 22.2192643], [70.8016081, 22.2182134], [70.801619, 22.2178001], [70.8016063, 22.2175232], [70.8016081, 22.2172039], [70.8015894, 22.2168139], [70.8015763, 22.2164231], [70.8015811, 22.216316], [70.8015795, 22.2162274]]}}, {"type": "Feature", "properties": {"road_type": "secondary", "name": "Unnamed road", "major": true}, "geometry": {"type": "LineString", "coordinates": [[70.7860953, 22.2903789], [70.7859536, 22.2901564]]}}, {"type": "Feature", "properties": {"road_type": "tertiary", "name": "Unnamed road", "major": false}, "geometry": {"type": "LineString", "coordinates": [[70.7780183, 22.275968], [70.7781103, 22.2760231], [70.7789793, 22.2765434], [70.7793525, 22.2767551], [70.7797242, 22.2769671], [70.7799145, 22.2770699], [70.7804817, 22.277404], [70.7806622, 22.2775214], [70.7807383, 22.2775808], [70.7812369, 22.2779751], [70.7813721, 22.2780752], [70.7817394, 22.278312], [70.7819276, 22.2784272], [70.7820535, 22.2785084], [70.7822574, 22.2786396], [70.7822968, 22.2786627], [70.7831722, 22.2792192], [70.7833187, 22.2793181], [70.7834477, 22.279401], [70.783769, 22.2795994], [70.7842618, 22.2798946]]}}, {"type": "Feature", "properties": {"road_type": "tertiary", "name": "Unnamed road", "major": false}, "geometry": {"type": "LineString", "coordinates": [[70.7842973, 22.2798408], [70.7833579, 22.2792545], [70.7823036, 22.2785622], [70.7821009, 22.278432], [70.7819793, 22.2783528], [70.781794, 22.2782322], [70.7812887, 22.2779053], [70.780692, 22.2774154], [70.7799343, 22.2769743], [70.7797646, 22.2768772], [70.7796323, 22.2768015], [70.7784446, 22.2761222], [70.7781553, 22.2759581], [70.77806, 22.275904]]}}, {"type": "Feature", "properties": {"road_type": "tertiary", "name": "Unnamed road", "major": false}, "geometry": {"type": "LineString", "coordinates": [[70.7778088, 22.2757843], [70.7777823, 22.2758316], [70.7774412, 22.2764945], [70.7771282, 22.2771727], [70.7766241, 22.2783227], [70.7764567, 22.2787125], [70.7760938, 22.2795059]]}}, {"type": "Feature", "properties": {"road_type": "tertiary", "name": "Unnamed road", "major": false}, "geometry": {"type": "LineString", "coordinates": [[70.7791581, 22.273753], [70.7793383, 22.2733684], [70.779649, 22.2727055], [70.779817, 22.2723418], [70.780187, 22.2715182], [70.7802256, 22.271445], [70.7801983, 22.2713311]]}}, {"type": "Feature", "properties": {"road_type": "tertiary", "name": "Unnamed road", "major": false}, "geometry": {"type": "LineString", "coordinates": [[70.7751694, 22.289688], [70.775419, 22.2897552], [70.7758544, 22.2898798], [70.7759466, 22.2898755]]}}, {"type": "Feature", "properties": {"road_type": "tertiary", "name": "Unnamed road", "major": false}, "geometry": {"type": "LineString", "coordinates": [[70.7759466, 22.2898755], [70.7761149, 22.28993], [70.7767647, 22.2901057], [70.7769152, 22.2901572], [70.7773688, 22.2903122], [70.7779604, 22.2904949]]}}, {"type": "Feature", "properties": {"road_type": "tertiary", "name": "Unnamed road", "major": false}, "geometry": {"type": "LineString", "coordinates": [[70.771428, 22.2885061], [70.7717061, 22.2872999], [70.7718079, 22.2869525], [70.7718353, 22.2868693], [70.7720481, 22.2865077], [70.7721042, 22.2864417]]}}, {"type": "Feature", "properties": {"road_type": "tertiary", "name": "Unnamed road", "major": false}, "geometry": {"type": "LineString", "coordinates": [[70.7737322, 22.2836934], [70.773529, 22.2839731], [70.7732605, 22.2843472], [70.7729927, 22.2847235], [70.7726964, 22.2851399], [70.7722815, 22.2856926], [70.7719919, 22.2860502], [70.7718187, 22.2862584]]}}, {"type": "Feature", "properties": {"road_type": "tertiary", "name": "Unnamed road", "major": false}, "geometry": {"type": "LineString", "coordinates": [[70.7718187, 22.2862584], [70.7716331, 22.2864914], [70.7715706, 22.2866082], [70.7715179, 22.2867066], [70.7714141, 22.2869907], [70.7713667, 22.2872121], [70.7712967, 22.2875526], [70.7712291, 22.2880006], [70.7711283, 22.2884132]]}}, {"type": "Feature", "properties": {"road_type": "tertiary", "name": "Unnamed road", "major": false}, "geometry": {"type": "LineString", "coordinates": [[70.7703055, 22.2920455], [70.7704305, 22.2918981], [70.7705756, 22.2915332], [70.77073, 22.2909997], [70.7707889, 22.2907961], [70.770923, 22.2904564], [70.7710383, 22.29015], [70.7710507, 22.2900842], [70.7711273, 22.2897356], [70.7712391, 22.2891034], [70.771287, 22.2888612], [70.7714053, 22.2885914], [70.771428, 22.2885061]]}}, {"type": "Feature", "properties": {"road_type": "tertiary", "name": "Unnamed road", "major": false}, "geometry": {"type": "LineString", "coordinates": [[70.7711283, 22.2884132], [70.7710898, 22.2885012], [70.7710371, 22.2886618], [70.7709581, 22.2889605], [70.7709084, 22.2892739], [70.770844, 22.2895871], [70.7708023, 22.2897898], [70.7707639, 22.2899841], [70.7706747, 22.2902543], [70.7705033, 22.290792], [70.7704072, 22.2910651], [70.7702899, 22.2914347], [70.7701924, 22.2917616], [70.7701532, 22.291981]]}}, {"type": "Feature", "properties": {"road_type": "tertiary", "name": "Unnamed road", "major": false}, "geometry": {"type": "LineString", "coordinates": [[70.7901574, 22.2845892], [70.7901058, 22.2845358], [70.7899246, 22.28421], [70.7896683, 22.283672], [70.789547, 22.2834918], [70.7891165, 22.283221], [70.7887185, 22.2829807], [70.7883215, 22.282741], [70.7881402, 22.2826315], [70.7879136, 22.2824723], [70.7875229, 22.2821612], [70.7874675, 22.2821137], [70.7872712, 22.2819514], [70.7862568, 22.2811418], [70.7856573, 22.2807164], [70.7853139, 22.280479], [70.7850071, 22.2802669], [70.7843708, 22.2798742]]}}, {"type": "Feature", "properties": {"road_type": "tertiary", "name": "Unnamed road", "major": false}, "geometry": {"type": "LineString", "coordinates": [[70.7843281, 22.2799397], [70.7846538, 22.2801749], [70.7849749, 22.2804269], [70.785183, 22.2805539], [70.7852272, 22.280578], [70.7855892, 22.2807941], [70.786213, 22.2812089], [70.7870383, 22.2818945], [70.787232, 22.2820566], [70.7874813, 22.282255], [70.78787, 22.2825429], [70.7881007, 22.2826725], [70.7881644, 22.282708], [70.7882911, 22.2827839], [70.7886763, 22.2830338], [70.7890832, 22.2832866], [70.7894841, 22.2835692], [70.7895662, 22.2837253], [70.7898746, 22.284357], [70.7900828, 22.2846691]]}}, {"type": "Feature", "properties": {"road_type": "tertiary", "name": "Unnamed road", "major": false}, "geometry": {"type": "LineString", "coordinates": [[70.7781103, 22.2760231], [70.7781553, 22.2759581]]}}, {"type": "Feature", "properties": {"road_type": "tertiary", "name": "Unnamed road", "major": false}, "geometry": {"type": "LineString", "coordinates": [[70.7775091, 22.2771244], [70.7778166, 22.2765261], [70.7781103, 22.2760231]]}}, {"type": "Feature", "properties": {"road_type": "tertiary", "name": "Unnamed road", "major": false}, "geometry": {"type": "LineString", "coordinates": [[70.7722771, 22.286246], [70.7724921, 22.28597], [70.772744, 22.2855904], [70.7729361, 22.2853154], [70.7734166, 22.2846637], [70.7739167, 22.2839914], [70.774049, 22.2838139], [70.7740711, 22.2836278]]}}, {"type": "Feature", "properties": {"road_type": "secondary", "name": "Unnamed road", "major": true}, "geometry": {"type": "LineString", "coordinates": [[70.7999992, 22.2451946], [70.8000747, 22.2451254], [70.8001589, 22.2451099], [70.800223, 22.2450833], [70.8003025, 22.2450366], [70.800418, 22.2449514], [70.800498, 22.2448893], [70.8005415, 22.2448436], [70.8005705, 22.2447892], [70.800585, 22.2447291], [70.8005988, 22.2446851]]}}, {"type": "Feature", "properties": {"road_type": "tertiary", "name": "Unnamed road", "major": false}, "geometry": {"type": "LineString", "coordinates": [[70.8000284, 22.2620965], [70.7999495, 22.2620934], [70.7996091, 22.2620874], [70.7992279, 22.26208], [70.799047, 22.2620766], [70.7989533, 22.2620706], [70.7986285, 22.2620593], [70.7981553, 22.2620368], [70.7975322, 22.2620125], [70.7971426, 22.2620005], [70.7967234, 22.2619951], [70.7966597, 22.2619928], [70.7961089, 22.2619697], [70.7957643, 22.2619596], [70.7957241, 22.2619579], [70.7953868, 22.2619464], [70.7950368, 22.2619306], [70.7947422, 22.2619173], [70.7947145, 22.261916], [70.7943774, 22.2619006], [70.7938909, 22.2618784]]}}, {"type": "Feature", "properties": {"road_type": "primary", "name": "Unnamed road", "major": true}, "geometry": {"type": "LineString", "coordinates": [[70.8292182, 22.3107366], [70.8291819, 22.3108541], [70.8291351, 22.3110268], [70.8290376, 22.3112865], [70.8288629, 22.3115537]]}}, {"type": "Feature", "properties": {"road_type": "trunk", "name": "Unnamed road", "major": true}, "geometry": {"type": "LineString", "coordinates": [[70.8086658, 22.3395423], [70.8082433, 22.3393389]]}}, {"type": "Feature", "properties": {"road_type": "trunk", "name": "Unnamed road", "major": true}, "geometry": {"type": "LineString", "coordinates": [[70.8081803, 22.3394493], [70.8085866, 22.3396502]]}}, {"type": "Feature", "properties": {"road_type": "trunk", "name": "Unnamed road", "major": true}, "geometry": {"type": "LineString", "coordinates": [[70.8085866, 22.3396502], [70.8087035, 22.3397004], [70.8088971, 22.339797], [70.8089745, 22.3398272], [70.8090631, 22.3398516]]}}, {"type": "Feature", "properties": {"road_type": "trunk", "name": "Unnamed road", "major": true}, "geometry": {"type": "LineString", "coordinates": [[70.8091599, 22.3397134], [70.8089992, 22.3396818], [70.8089081, 22.3396562], [70.8086658, 22.3395423]]}}, {"type": "Feature", "properties": {"road_type": "secondary", "name": "Unnamed road", "major": true}, "geometry": {"type": "LineString", "coordinates": [[70.7953996, 22.2737177], [70.795289, 22.2736901]]}}, {"type": "Feature", "properties": {"road_type": "secondary", "name": "Swami Vivekananda Flyover", "major": true}, "geometry": {"type": "LineString", "coordinates": [[70.7988312, 22.2753145], [70.7968486, 22.2743694], [70.7954804, 22.2737544]]}}, {"type": "Feature", "properties": {"road_type": "secondary", "name": "Unnamed road", "major": true}, "geometry": {"type": "LineString", "coordinates": [[70.7929954, 22.2726273], [70.7927168, 22.272505], [70.7925614, 22.2724172], [70.7921309, 22.2721417], [70.7913463, 22.2716105], [70.7910386, 22.2713861], [70.7909027, 22.2712796], [70.7904908, 22.2709532], [70.790055, 22.2706078], [70.7899418, 22.270521], [70.7895402, 22.2701754], [70.7893236, 22.2699971], [70.7889028, 22.2696151], [70.7884877, 22.2692382], [70.7879568, 22.2686821], [70.7878398, 22.2685487], [70.7874376, 22.2680631], [70.7871775, 22.2677504], [70.7870065, 22.2675475], [70.786492, 22.266973], [70.7861839, 22.2666324], [70.7858978, 22.2663161], [70.7853416, 22.2656788], [70.7852943, 22.2656232], [70.7850734, 22.2653597], [70.7849669, 22.2652326], [70.7847296, 22.2649264]]}}, {"type": "Feature", "properties": {"road_type": "secondary", "name": "Unnamed road", "major": true}, "geometry": {"type": "LineString", "coordinates": [[70.7828517, 22.266974], [70.7829064, 22.2669395], [70.7829416, 22.2669103], [70.7829715, 22.2668667], [70.7831164, 22.2665697], [70.7831665, 22.2664791], [70.7832165, 22.266394], [70.7832733, 22.2662945], [70.7833352, 22.2662032], [70.7833809, 22.2661424], [70.7834422, 22.2660677], [70.7834779, 22.2660314], [70.7835191, 22.2659896], [70.7835901, 22.2659308], [70.7837008, 22.2658386]]}}, {"type": "Feature", "properties": {"road_type": "secondary", "name": "Unnamed road", "major": true}, "geometry": {"type": "LineString", "coordinates": [[70.7844733, 22.264835], [70.7843574, 22.2649132], [70.7841747, 22.2650847], [70.7840118, 22.2652199], [70.7837643, 22.2654073], [70.7836064, 22.265518], [70.7834545, 22.26563], [70.7833472, 22.2657229], [70.7832537, 22.265811], [70.7831799, 22.2658918], [70.7830876, 22.2660064], [70.7830643, 22.2660391], [70.7828939, 22.2663021], [70.7828264, 22.2664287], [70.7827797, 22.2665184], [70.7827468, 22.2666016], [70.7826871, 22.2667839], [70.7826771, 22.2668142], [70.7826588, 22.2668827], [70.7826571, 22.2669146], [70.782676, 22.2669641]]}}, {"type": "Feature", "properties": {"road_type": "tertiary", "name": "Unnamed road", "major": false}, "geometry": {"type": "LineString", "coordinates": [[70.7805374, 22.2544385], [70.780504, 22.2544226], [70.7802576, 22.2543387], [70.7799735, 22.2542277], [70.7795941, 22.2540592]]}}, {"type": "Feature", "properties": {"road_type": "tertiary", "name": "Unnamed road", "major": false}, "geometry": {"type": "LineString", "coordinates": [[70.7815665, 22.2600409], [70.7816285, 22.2598844], [70.7817543, 22.2595711], [70.7818941, 22.2592231], [70.781925, 22.2591374], [70.7819789, 22.2589784], [70.7821259, 22.2585513], [70.7823033, 22.2581057], [70.7825235, 22.2575099], [70.7827586, 22.2568822], [70.7829658, 22.2563436], [70.7830092, 22.2562252], [70.7830637, 22.2560824], [70.7830953, 22.2559641], [70.7831166, 22.2558409], [70.7831272, 22.2557315], [70.7831332, 22.2555918], [70.7831332, 22.2555116], [70.7831227, 22.2554397], [70.7831078, 22.2553913], [70.7830749, 22.255347], [70.7830166, 22.2553111], [70.7828164, 22.2552226], [70.7821335, 22.2549487], [70.7818093, 22.2548298], [70.7817757, 22.2548185], [70.7814877, 22.2547215], [70.7813789, 22.254686], [70.7805892, 22.2544339], [70.7805374, 22.2544385]]}}, {"type": "Feature", "properties": {"road_type": "trunk", "name": "Unnamed road", "major": true}, "geometry": {"type": "LineString", "coordinates": [[70.7824528, 22.2678192], [70.7824226, 22.2678085], [70.7823903, 22.2678083], [70.78236, 22.2678188], [70.7823384, 22.2678354], [70.7823233, 22.2678573], [70.7823159, 22.2678894], [70.7823222, 22.267921], [70.782341, 22.2679481], [70.7823694, 22.2679666], [70.7824033, 22.2679737], [70.7824376, 22.2679684], [70.7824672, 22.2679516], [70.7824884, 22.2679239], [70.7824959, 22.2678951], [70.782492, 22.2678657], [70.782477, 22.2678391], [70.7824528, 22.2678192]]}}, {"type": "Feature", "properties": {"road_type": "trunk", "name": "Unnamed road", "major": true}, "geometry": {"type": "LineString", "coordinates": [[70.7815726, 22.2689004], [70.7813421, 22.2692381], [70.7811474, 22.2695055], [70.7808441, 22.2699413], [70.7805286, 22.2704379], [70.7801655, 22.2710321]]}}, {"type": "Feature", "properties": {"road_type": "trunk", "name": "Flyover", "major": true}, "geometry": {"type": "LineString", "coordinates": [[70.7828517, 22.266974], [70.7829605, 22.2667079], [70.783022, 22.266589], [70.7831153, 22.2664058], [70.783212, 22.2662509], [70.7832975, 22.2661246], [70.7833391, 22.2660739]]}}, {"type": "Feature", "properties": {"road_type": "tertiary", "name": "Unnamed road", "major": false}, "geometry": {"type": "LineString", "coordinates": [[70.7903309, 22.2844735], [70.7903542, 22.2844641]]}}, {"type": "Feature", "properties": {"road_type": "primary", "name": "Unnamed road", "major": true}, "geometry": {"type": "LineString", "coordinates": [[70.7856625, 22.2952053], [70.7856969, 22.2952645], [70.7859047, 22.2956217], [70.7860873, 22.295928], [70.7863629, 22.2963748], [70.786548, 22.2966439], [70.7865621, 22.2966609], [70.7866425, 22.2967115]]}}, {"type": "Feature", "properties": {"road_type": "tertiary", "name": "Unnamed road", "major": false}, "geometry": {"type": "LineString", "coordinates": [[70.7823615, 22.2534358], [70.7823621, 22.2533935], [70.7824959, 22.2529581], [70.7825882, 22.2526603], [70.7827013, 22.2524044], [70.7827813, 22.2522529], [70.7828684, 22.2521337], [70.782945, 22.2520411], [70.7831006, 22.2518859]]}}, {"type": "Feature", "properties": {"road_type": "tertiary", "name": "Unnamed road", "major": false}, "geometry": {"type": "LineString", "coordinates": [[70.7992593, 22.2698359], [70.7993814, 22.2698533], [70.800305, 22.2698739], [70.8005365, 22.2698795]]}}, {"type": "Feature", "properties": {"road_type": "tertiary", "name": "Unnamed road", "major": false}, "geometry": {"type": "LineString", "coordinates": [[70.7932109, 22.2717124], [70.7932085, 22.271057]]}}, {"type": "Feature", "properties": {"road_type": "tertiary", "name": "Unnamed road", "major": false}, "geometry": {"type": "LineString", "coordinates": [[70.779355, 22.253953], [70.7788008, 22.2537236], [70.7785216, 22.2536089], [70.7782012, 22.2534838]]}}, {"type": "Feature", "properties": {"road_type": "tertiary", "name": "Unnamed road", "major": false}, "geometry": {"type": "LineString", "coordinates": [[70.7795941, 22.2540592], [70.779355, 22.253953]]}}, {"type": "Feature", "properties": {"road_type": "tertiary", "name": "Unnamed road", "major": false}, "geometry": {"type": "LineString", "coordinates": [[70.7785742, 22.2542391], [70.7785047, 22.2540759], [70.7783986, 22.2538396], [70.7783357, 22.2537164], [70.7782012, 22.2534838], [70.7781683, 22.2534351], [70.7779356, 22.2530906], [70.7777191, 22.2527701], [70.777324, 22.2521851], [70.7769213, 22.251593], [70.7765784, 22.2510889], [70.7764456, 22.2509173], [70.7762969, 22.2507252], [70.7762715, 22.2506957], [70.775998, 22.2503776], [70.7756252, 22.249982], [70.7752712, 22.2496445], [70.775144, 22.2495261], [70.7749128, 22.249297], [70.7744677, 22.2488559], [70.7742076, 22.2485982], [70.7733854, 22.2477717], [70.7729315, 22.2473155]]}}, {"type": "Feature", "properties": {"road_type": "tertiary", "name": "Unnamed road", "major": false}, "geometry": {"type": "LineString", "coordinates": [[70.778653, 22.2544111], [70.7785742, 22.2542391]]}}, {"type": "Feature", "properties": {"road_type": "tertiary", "name": "Unnamed road", "major": false}, "geometry": {"type": "LineString", "coordinates": [[70.7848856, 22.3072911], [70.7846589, 22.3072621]]}}, {"type": "Feature", "properties": {"road_type": "tertiary", "name": "Unnamed road", "major": false}, "geometry": {"type": "LineString", "coordinates": [[70.7848856, 22.3072911], [70.7848627, 22.3073055], [70.7848498, 22.3073224], [70.7848374, 22.3073584], [70.7848426, 22.3073918], [70.7848724, 22.3074187]]}}, {"type": "Feature", "properties": {"road_type": "tertiary", "name": "Unnamed road", "major": false}, "geometry": {"type": "LineString", "coordinates": [[70.7849887, 22.3074082], [70.7850002, 22.3073793], [70.7850033, 22.3073511], [70.7849931, 22.3073182], [70.7849636, 22.3072956], [70.7849262, 22.3072859], [70.7848856, 22.3072911]]}}, {"type": "Feature", "properties": {"road_type": "tertiary", "name": "Unnamed road", "major": false}, "geometry": {"type": "LineString", "coordinates": [[70.7846589, 22.3072621], [70.784719, 22.3073138], [70.7847526, 22.3073354], [70.7848374, 22.3073584]]}}, {"type": "Feature", "properties": {"road_type": "tertiary", "name": "Unnamed road", "major": false}, "geometry": {"type": "LineString", "coordinates": [[70.7852402, 22.307308], [70.7849931, 22.3073182]]}}, {"type": "Feature", "properties": {"road_type": "tertiary", "name": "Unnamed road", "major": false}, "geometry": {"type": "LineString", "coordinates": [[70.7849887, 22.3074082], [70.7850451, 22.307389], [70.7852402, 22.307308]]}}, {"type": "Feature", "properties": {"road_type": "tertiary", "name": "Unnamed road", "major": false}, "geometry": {"type": "LineString", "coordinates": [[70.7848724, 22.3074187], [70.7849013, 22.307429], [70.7849369, 22.3074317], [70.7849651, 22.3074228], [70.7849887, 22.3074082]]}}, {"type": "Feature", "properties": {"road_type": "tertiary", "name": "Unnamed road", "major": false}, "geometry": {"type": "LineString", "coordinates": [[70.7846589, 22.3072621], [70.7846329, 22.307248], [70.7843353, 22.3071224], [70.783777, 22.3068998], [70.7832282, 22.3066781], [70.7831247, 22.3066502], [70.7827685, 22.306554], [70.7824407, 22.3064654], [70.7823623, 22.3064432], [70.7820576, 22.306357], [70.7814924, 22.3062336], [70.7813444, 22.3062116], [70.7809632, 22.3061551], [70.7806649, 22.306132], [70.7805196, 22.3061207], [70.7804335, 22.306114], [70.7801665, 22.306106], [70.779958, 22.3061015], [70.7797519, 22.3060913], [70.7796479, 22.3060863], [70.7794733, 22.3060789], [70.7792159, 22.306055], [70.7788239, 22.3059964], [70.7783109, 22.3058697], [70.7779545, 22.305787], [70.7777103, 22.3057021], [70.777579, 22.3056299], [70.7768213, 22.3050514], [70.7767685, 22.3050111], [70.7766497, 22.3048679], [70.7765896, 22.3047954], [70.7764328, 22.3046375], [70.7763459, 22.30455], [70.7762018, 22.3043503], [70.7761633, 22.3042786], [70.7760525, 22.304006], [70.7757561, 22.3031765], [70.7756919, 22.3029901], [70.7755766, 22.3026551], [70.7755515, 22.3025469], [70.7754324, 22.302074], [70.7753938, 22.301932], [70.7753735, 22.3016113], [70.7754115, 22.3012318], [70.7754415, 22.3010075], [70.7755144, 22.3007522], [70.775528, 22.3006103], [70.7755187, 22.3003445]]}}, {"type": "Feature", "properties": {"road_type": "tertiary", "name": "Unnamed road", "major": false}, "geometry": {"type": "LineString", "coordinates": [[70.8003169, 22.2774352], [70.8004479, 22.2773369], [70.8004681, 22.2773278], [70.8004899, 22.2773243], [70.8006898, 22.2773223], [70.8008506, 22.2773206], [70.8008883, 22.2773197], [70.8009151, 22.2773145], [70.8009694, 22.2772853]]}}, {"type": "Feature", "properties": {"road_type": "tertiary", "name": "Unnamed road", "major": false}, "geometry": {"type": "LineString", "coordinates": [[70.8009694, 22.2772853], [70.8010235, 22.2772858], [70.8013547, 22.2772887], [70.801527, 22.2772902], [70.8021056, 22.2772952], [70.8024469, 22.2772982], [70.8026061, 22.2772995], [70.8027641, 22.2773009], [70.8030837, 22.2773037], [70.8034408, 22.2773068], [70.8035498, 22.2773077], [70.8038807, 22.2773106], [70.8040205, 22.2773118], [70.8045095, 22.2773172], [70.8050909, 22.2773212], [70.8057426, 22.2773268], [70.8063265, 22.2773319]]}}, {"type": "Feature", "properties": {"road_type": "secondary", "name": "Unnamed road", "major": true}, "geometry": {"type": "LineString", "coordinates": [[70.7881283, 22.2913786], [70.7885764, 22.2908127], [70.7889144, 22.2904269], [70.7894044, 22.289812], [70.7894524, 22.2897557], [70.7899671, 22.2891515], [70.7901127, 22.2889805], [70.7909758, 22.2879815], [70.7915851, 22.2872249], [70.7916673, 22.2871215], [70.7919177, 22.2868075], [70.7919856, 22.2867296]]}}, {"type": "Feature", "properties": {"road_type": "secondary", "name": "Unnamed road", "major": true}, "geometry": {"type": "LineString", "coordinates": [[70.7922239, 22.2863531], [70.7923902, 22.2860917], [70.7927968, 22.2856472], [70.793363, 22.2849183], [70.793576, 22.2846172], [70.7937615, 22.2843623], [70.7942192, 22.2837526], [70.7946325, 22.2832246], [70.7946828, 22.2831505]]}}, {"type": "Feature", "properties": {"road_type": "tertiary", "name": "Unnamed road", "major": false}, "geometry": {"type": "LineString", "coordinates": [[70.7771146, 22.2561582], [70.7771455, 22.2561684], [70.7772621, 22.2561985], [70.7773931, 22.2562209], [70.7776038, 22.2562451], [70.7777423, 22.2562575], [70.7779467, 22.256267], [70.7781079, 22.256276], [70.7782852, 22.2562789], [70.778595, 22.2562693], [70.7786897, 22.2562664], [70.7788987, 22.2562673], [70.7793293, 22.2562711]]}}, {"type": "Feature", "properties": {"road_type": "tertiary", "name": "Unnamed road", "major": false}, "geometry": {"type": "LineString", "coordinates": [[70.7768513, 22.2560769], [70.7771146, 22.2561582]]}}, {"type": "Feature", "properties": {"road_type": "tertiary", "name": "Unnamed road", "major": false}, "geometry": {"type": "LineString", "coordinates": [[70.7745329, 22.2586549], [70.7745684, 22.258672], [70.7747625, 22.2587656], [70.7748044, 22.2587825], [70.7749734, 22.2588589], [70.7752118, 22.2589577], [70.775403, 22.259037], [70.7755603, 22.2591062], [70.77589, 22.2592431], [70.7761686, 22.2593654], [70.776353, 22.2594502], [70.7765019, 22.2595164], [70.7765884, 22.2595494], [70.7766747, 22.2595719], [70.7767749, 22.2595844], [70.7771043, 22.2595947], [70.7771787, 22.2595974], [70.7776534, 22.2596091], [70.7780418, 22.2596121]]}}, {"type": "Feature", "properties": {"road_type": "tertiary", "name": "Unnamed road", "major": false}, "geometry": {"type": "LineString", "coordinates": [[70.8022471, 22.2801346], [70.8027756, 22.2796145], [70.8033534, 22.2789862], [70.8037073, 22.2785146], [70.8038421, 22.27831], [70.8038864, 22.2782427], [70.8043733, 22.2776013], [70.8043895, 22.2775742], [70.804401, 22.2775449], [70.8044081, 22.2774928]]}}, {"type": "Feature", "properties": {"road_type": "tertiary", "name": "Unnamed road", "major": false}, "geometry": {"type": "LineString", "coordinates": [[70.7688418, 22.2983503], [70.7687356, 22.2984906], [70.7686947, 22.2985624], [70.7686325, 22.2988219], [70.7684643, 22.2996094], [70.768453, 22.2996588], [70.7683613, 22.3000581], [70.7681281, 22.3011762], [70.7681155, 22.3012575]]}}, {"type": "Feature", "properties": {"road_type": "tertiary", "name": "Unnamed road", "major": false}, "geometry": {"type": "LineString", "coordinates": [[70.7684879, 22.3012434], [70.7684967, 22.301092], [70.7685975, 22.300676], [70.7687621, 22.2998442], [70.7689999, 22.2987157], [70.7690081, 22.2986574], [70.7689822, 22.29838]]}}, {"type": "Feature", "properties": {"road_type": "trunk", "name": "150 Foot Ring Road", "major": true}, "geometry": {"type": "LineString", "coordinates": [[70.7689822, 22.29838], [70.7690623, 22.2980152], [70.7691538, 22.2975485], [70.7692212, 22.297206], [70.76933, 22.2966426], [70.7695886, 22.2956328], [70.7698722, 22.294617]]}}, {"type": "Feature", "properties": {"road_type": "trunk", "name": "Unnamed road", "major": true}, "geometry": {"type": "LineString", "coordinates": [[70.7682931, 22.3046913], [70.7683022, 22.3048157], [70.7683431, 22.3052568]]}}, {"type": "Feature", "properties": {"road_type": "tertiary", "name": "Unnamed road", "major": false}, "geometry": {"type": "LineString", "coordinates": [[70.774991, 22.3131584], [70.7750618, 22.3131107], [70.7751484, 22.3129877], [70.7751937, 22.3128927], [70.775235, 22.3127915], [70.7752768, 22.3126292], [70.7753674, 22.3122625], [70.7755697, 22.3114443], [70.7756719, 22.3108695], [70.7756972, 22.3107239], [70.7757978, 22.3100738], [70.7758259, 22.3098058], [70.7758232, 22.309719], [70.7758118, 22.3096525], [70.7757978, 22.3096272], [70.7757669, 22.3096061], [70.7756998, 22.3095949], [70.7755714, 22.3096108], [70.774364, 22.3097805], [70.7736853, 22.3098886], [70.7732693, 22.3099549], [70.7727782, 22.3100395], [70.7723424, 22.3101105], [70.7714216, 22.3103247], [70.770475, 22.3105581], [70.7702995, 22.3105958], [70.7697041, 22.3107238], [70.7694315, 22.3107798], [70.7680753, 22.3110454], [70.7678866, 22.311113]]}}, {"type": "Feature", "properties": {"road_type": "tertiary", "name": "Unnamed road", "major": false}, "geometry": {"type": "LineString", "coordinates": [[70.7648465, 22.2646361], [70.7649262, 22.264586], [70.7649887, 22.2645565], [70.76505, 22.2645347], [70.7651419, 22.2645085], [70.7652397, 22.2644878], [70.7654118, 22.2644638], [70.7655697, 22.2644474], [70.7656852, 22.264442], [70.7657689, 22.2644453], [70.7658939, 22.2644573], [70.765958, 22.2644658], [70.7666105, 22.2645761], [70.7666835, 22.2645838], [70.766733, 22.2645805], [70.7667873, 22.2645718], [70.7668427, 22.2645554], [70.7669087, 22.2645249], [70.7670112, 22.2644638], [70.7672434, 22.2642936], [70.7677184, 22.2639588], [70.7679823, 22.2637778], [70.7680841, 22.2637052], [70.7681596, 22.2636415], [70.7682229, 22.2635828], [70.7685326, 22.2632395], [70.7688169, 22.2629213], [70.7689173, 22.2628016], [70.7690007, 22.2626961], [70.7690704, 22.2626032], [70.7691453, 22.2624803], [70.7692971, 22.2622305], [70.769341, 22.2621574], [70.7695861, 22.2617668], [70.7697614, 22.2615133], [70.7698017, 22.2614712], [70.7698313, 22.2614543], [70.7698565, 22.261448], [70.7698975, 22.2614471], [70.7703724, 22.2614881], [70.7705306, 22.2614928], [70.7706821, 22.2614928], [70.7707638, 22.2614818], [70.7708489, 22.2614566], [70.7709101, 22.2614266], [70.7709901, 22.2613731], [70.7710956, 22.2612739], [70.7712607, 22.2611038], [70.7713084, 22.2610534], [70.7713441, 22.2610061], [70.7713765, 22.2609526], [70.7714088, 22.2608785], [70.7715926, 22.2603666], [70.7717832, 22.2597555], [70.771805, 22.2596946], [70.7718564, 22.2595508], [70.771872, 22.2595194], [70.7719112, 22.2594417], [70.7719256, 22.2594133], [70.7719398, 22.2593838], [70.7719636, 22.2593413], [70.7720129, 22.2592688], [70.7721253, 22.2591271], [70.7722376, 22.2590074], [70.7723233, 22.2589264], [70.7724792, 22.2587908], [70.7727878, 22.258516], [70.7729881, 22.2583317], [70.7730713, 22.2582587], [70.7731515, 22.2581994], [70.7732104, 22.2581483], [70.7732122, 22.2581067]]}}, {"type": "Feature", "properties": {"road_type": "tertiary", "name": "Unnamed road", "major": false}, "geometry": {"type": "LineString", "coordinates": [[70.7732069, 22.2579659], [70.7731629, 22.2579078], [70.7730272, 22.2578475], [70.7726657, 22.2577118], [70.7723382, 22.2575857], [70.7722694, 22.2575597], [70.7721559, 22.2575079], [70.7721203, 22.2574874], [70.7720926, 22.2574656], [70.7720379, 22.2574237], [70.7720229, 22.2574107], [70.7719608, 22.2573324]]}}, {"type": "Feature", "properties": {"road_type": "tertiary", "name": "Unnamed road", "major": false}, "geometry": {"type": "LineString", "coordinates": [[70.7732069, 22.2579659], [70.7733073, 22.2580164], [70.7734633, 22.2580922], [70.7736012, 22.2581592], [70.7739109, 22.2583314], [70.774097, 22.2584249]]}}, {"type": "Feature", "properties": {"road_type": "tertiary", "name": "Unnamed road", "major": false}, "geometry": {"type": "LineString", "coordinates": [[70.7719162, 22.2573752], [70.771992, 22.2574591], [70.7720245, 22.2574849], [70.7720561, 22.2575078], [70.7720821, 22.257524], [70.772133, 22.2575549], [70.7722195, 22.2575934], [70.7723205, 22.2576318], [70.7726502, 22.2577563], [70.7730119, 22.2578964], [70.7731365, 22.2579564], [70.7732069, 22.2579659]]}}, {"type": "Feature", "properties": {"road_type": "tertiary", "name": "Unnamed road", "major": false}, "geometry": {"type": "LineString", "coordinates": [[70.7720379, 22.2574237], [70.7720245, 22.2574849], [70.7719568, 22.2580092], [70.7718426, 22.2589638], [70.771809, 22.2593058], [70.7718161, 22.2593512], [70.7719112, 22.2594417], [70.7719605, 22.2594431]]}}, {"type": "Feature", "properties": {"road_type": "tertiary", "name": "Unnamed road", "major": false}, "geometry": {"type": "LineString", "coordinates": [[70.7719605, 22.2594431], [70.7719398, 22.2593838], [70.7718813, 22.2592827], [70.7718844, 22.2592471], [70.7719299, 22.2587796], [70.771996, 22.2581509], [70.7720374, 22.2578421], [70.7720821, 22.257524], [70.7720926, 22.2574656]]}}, {"type": "Feature", "properties": {"road_type": "tertiary", "name": "Unnamed road", "major": false}, "geometry": {"type": "LineString", "coordinates": [[70.7681155, 22.3012575], [70.7681139, 22.3013666]]}}, {"type": "Feature", "properties": {"road_type": "tertiary", "name": "Unnamed road", "major": false}, "geometry": {"type": "LineString", "coordinates": [[70.7681139, 22.3013666], [70.7681145, 22.3019448], [70.7681026, 22.3026433], [70.7681112, 22.3030498], [70.7681494, 22.3038236], [70.7681655, 22.3040332], [70.7682024, 22.304413], [70.7682201, 22.3045112], [70.7682931, 22.3046913]]}}, {"type": "Feature", "properties": {"road_type": "tertiary", "name": "Unnamed road", "major": false}, "geometry": {"type": "LineString", "coordinates": [[70.7684573, 22.3046759], [70.768502, 22.3045563], [70.7685144, 22.304481], [70.7684937, 22.303853], [70.7684583, 22.3032207], [70.7684436, 22.3024034], [70.7684819, 22.3013332]]}}, {"type": "Feature", "properties": {"road_type": "tertiary", "name": "Unnamed road", "major": false}, "geometry": {"type": "LineString", "coordinates": [[70.7684819, 22.3013332], [70.7684879, 22.3012434]]}}, {"type": "Feature", "properties": {"road_type": "tertiary", "name": "Unnamed road", "major": false}, "geometry": {"type": "LineString", "coordinates": [[70.778497, 22.2997646], [70.778493, 22.2996874], [70.7784925, 22.2995061], [70.7784795, 22.2993585], [70.7784976, 22.2991349], [70.7785085, 22.2989742], [70.7785244, 22.2988569], [70.7785855, 22.2986026], [70.7786132, 22.2984773], [70.778818, 22.2976853], [70.7789126, 22.2974011], [70.7789292, 22.2973454], [70.7791389, 22.2967413], [70.7791833, 22.2964413], [70.779243, 22.2960376], [70.7793055, 22.2951632], [70.7793924, 22.2948083]]}}, {"type": "Feature", "properties": {"road_type": "tertiary", "name": "Unnamed road", "major": false}, "geometry": {"type": "LineString", "coordinates": [[70.7714216, 22.3103247], [70.7717748, 22.3094765], [70.7720495, 22.30878], [70.772129, 22.308568], [70.7723757, 22.3080634], [70.772672, 22.3072559], [70.772721, 22.307138], [70.7727991, 22.3069503], [70.7731912, 22.3060822]]}}, {"type": "Feature", "properties": {"road_type": "tertiary", "name": "Unnamed road", "major": false}, "geometry": {"type": "LineString", "coordinates": [[70.7755167, 22.3002411], [70.7755187, 22.3003445]]}}, {"type": "Feature", "properties": {"road_type": "tertiary", "name": "Chudasama Plot Main Road", "major": false}, "geometry": {"type": "LineString", "coordinates": [[70.7858202, 22.306466], [70.7858125, 22.3063982], [70.7857869, 22.3062129], [70.7857326, 22.3056407], [70.7856748, 22.3049434], [70.7856215, 22.3045076], [70.7856083, 22.3043992], [70.785559, 22.3039794], [70.7855102, 22.3035635], [70.7854262, 22.30265], [70.7853818, 22.3019383], [70.785364, 22.3016518], [70.7852967, 22.3009428], [70.7852946, 22.3009164], [70.7852378, 22.300191], [70.7852266, 22.3000487], [70.7851849, 22.2996582], [70.7851671, 22.2994916], [70.7851402, 22.2992544], [70.7851125, 22.2990281], [70.7850608, 22.2986071]]}}, {"type": "Feature", "properties": {"road_type": "tertiary", "name": "Chudasama Plot Main Road", "major": false}, "geometry": {"type": "LineString", "coordinates": [[70.785834, 22.3065879], [70.7858202, 22.306466]]}}, {"type": "Feature", "properties": {"road_type": "tertiary", "name": "Adarsh Society Main Road", "major": false}, "geometry": {"type": "LineString", "coordinates": [[70.7862817, 22.3065477], [70.7862623, 22.3064018], [70.7862491, 22.3062488], [70.7861971, 22.3057289], [70.7861857, 22.3055786], [70.7861674, 22.3053349], [70.7861104, 22.3047508], [70.7860862, 22.3044517], [70.7860609, 22.3041393], [70.7860332, 22.3039303], [70.7859668, 22.3034292], [70.7859645, 22.3034084], [70.7859074, 22.3029046], [70.7858554, 22.3022976], [70.7858484, 22.3022502], [70.7857787, 22.3017801], [70.7857112, 22.3013244], [70.7856663, 22.3010234], [70.7856549, 22.3009468], [70.7856373, 22.3007543], [70.7855884, 22.3002179], [70.7854558, 22.2992355]]}}, {"type": "Feature", "properties": {"road_type": "tertiary", "name": "Adarsh Society Main Road", "major": false}, "geometry": {"type": "LineString", "coordinates": [[70.7863003, 22.3066815], [70.7862817, 22.3065477]]}}, {"type": "Feature", "properties": {"road_type": "tertiary", "name": "Unnamed road", "major": false}, "geometry": {"type": "LineString", "coordinates": [[70.7876245, 22.3065514], [70.7877403, 22.306423], [70.7878698, 22.3063549], [70.7879477, 22.3063331], [70.7879854, 22.3063225], [70.7881591, 22.3062816], [70.7882826, 22.3062646]]}}, {"type": "Feature", "properties": {"road_type": "tertiary", "name": "Unnamed road", "major": false}, "geometry": {"type": "LineString", "coordinates": [[70.7875598, 22.3066858], [70.7876245, 22.3065514]]}}, {"type": "Feature", "properties": {"road_type": "secondary", "name": "Unnamed road", "major": true}, "geometry": {"type": "LineString", "coordinates": [[70.7860953, 22.2903789], [70.7863995, 22.2905413], [70.7864485, 22.2905674], [70.7867077, 22.2907042], [70.78685, 22.2907817], [70.7869987, 22.2908611], [70.7873099, 22.2910272], [70.7874969, 22.291127], [70.7876849, 22.291225], [70.7877249, 22.291243]]}}, {"type": "Feature", "properties": {"road_type": "secondary", "name": "Amin Marg", "major": true}, "geometry": {"type": "LineString", "coordinates": [[70.7768428, 22.2848178], [70.7767657, 22.2847511], [70.776562, 22.2846657], [70.776084, 22.2844524], [70.7756885, 22.2842712], [70.7752894, 22.2840968], [70.7748614, 22.2839073], [70.7742211, 22.2835927], [70.7741389, 22.2835415]]}}, {"type": "Feature", "properties": {"road_type": "secondary", "name": "Amin Marg", "major": true}, "geometry": {"type": "LineString", "coordinates": [[70.7740711, 22.2836278], [70.7741522, 22.2836753], [70.7744536, 22.2838191], [70.7748209, 22.2839844], [70.7752543, 22.2841656], [70.7756477, 22.2843529], [70.7760435, 22.2845371], [70.7765239, 22.284743], [70.7767423, 22.2848229], [70.7768428, 22.2848178]]}}, {"type": "Feature", "properties": {"road_type": "secondary", "name": "Unnamed road", "major": true}, "geometry": {"type": "LineString", "coordinates": [[70.7853492, 22.2909004], [70.7853905, 22.2908778], [70.7858011, 22.2903595], [70.7859536, 22.2901564]]}}, {"type": "Feature", "properties": {"road_type": "tertiary", "name": "Unnamed road", "major": false}, "geometry": {"type": "LineString", "coordinates": [[70.8050134, 22.2661171], [70.8049771, 22.2661827], [70.8050365, 22.2667955], [70.8050414, 22.2668692], [70.8050706, 22.2673071], [70.8050943, 22.2676628], [70.8051097, 22.2677328], [70.8051982, 22.2682168], [70.8052932, 22.2687234], [70.8053264, 22.2688284], [70.8053679, 22.268889]]}}, {"type": "Feature", "properties": {"road_type": "tertiary", "name": "Unnamed road", "major": false}, "geometry": {"type": "LineString", "coordinates": [[70.8053679, 22.268889], [70.8053911, 22.2687932], [70.8053809, 22.2687265], [70.80529, 22.2682198], [70.8052087, 22.2677315], [70.8051667, 22.2673043], [70.8051305, 22.2669917], [70.805109, 22.2668685], [70.8050784, 22.266547], [70.8050596, 22.2661921], [70.8050134, 22.2661171]]}}, {"type": "Feature", "properties": {"road_type": "tertiary", "name": "Unnamed road", "major": false}, "geometry": {"type": "LineString", "coordinates": [[70.8053679, 22.268889], [70.805413, 22.2690164], [70.8055211, 22.269465], [70.8055572, 22.2697849], [70.8055801, 22.2698619], [70.8058646, 22.2708183], [70.8059064, 22.2709588], [70.8059322, 22.2710454], [70.8059726, 22.2712472], [70.8060978, 22.2718726], [70.8061316, 22.2723086], [70.8061871, 22.2730642], [70.8061911, 22.2731525], [70.8062051, 22.2734607], [70.8062314, 22.2738811], [70.8062337, 22.274674], [70.8062665, 22.2755473], [70.8062922, 22.2758216], [70.8062939, 22.2760306], [70.8062961, 22.2763884], [70.8063392, 22.2768264], [70.8063304, 22.2771263], [70.8063265, 22.2773319]]}}, {"type": "Feature", "properties": {"road_type": "tertiary", "name": "Unnamed road", "major": false}, "geometry": {"type": "LineString", "coordinates": [[70.7796748, 22.2930935], [70.7797847, 22.2929332]]}}, {"type": "Feature", "properties": {"road_type": "tertiary", "name": "Unnamed road", "major": false}, "geometry": {"type": "LineString", "coordinates": [[70.8119706, 22.268032], [70.8125406, 22.2682906]]}}, {"type": "Feature", "properties": {"road_type": "tertiary", "name": "Nana Mava Main Road", "major": false}, "geometry": {"type": "LineString", "coordinates": [[70.7731955, 22.2732851], [70.7737265, 22.2735651], [70.7743572, 22.2739352], [70.7751415, 22.2743841], [70.7756977, 22.2747143], [70.7764047, 22.2751014], [70.7769278, 22.2753842], [70.777208, 22.2755357], [70.7774506, 22.2756607], [70.7777823, 22.2758316], [70.7779283, 22.2759068]]}}, {"type": "Feature", "properties": {"road_type": "tertiary", "name": "Unnamed road", "major": false}, "geometry": {"type": "LineString", "coordinates": [[70.8094439, 22.2786011], [70.8095061, 22.2779415], [70.8095163, 22.2778333], [70.8095833, 22.2773636], [70.8096247, 22.2769562], [70.8096381, 22.2765416], [70.8096957, 22.275931]]}}, {"type": "Feature", "properties": {"road_type": "tertiary", "name": "Unnamed road", "major": false}, "geometry": {"type": "LineString", "coordinates": [[70.8063312, 22.278075], [70.8065928, 22.2780971], [70.806868, 22.2781204]]}}, {"type": "Feature", "properties": {"road_type": "tertiary", "name": "Unnamed road", "major": false}, "geometry": {"type": "LineString", "coordinates": [[70.792983, 22.2727757], [70.7930388, 22.2728996], [70.7931451, 22.2730572], [70.7932029, 22.2731117]]}}, {"type": "Feature", "properties": {"road_type": "tertiary", "name": "Unnamed road", "major": false}, "geometry": {"type": "LineString", "coordinates": [[70.7932029, 22.2731117], [70.7932107, 22.2730396], [70.7930987, 22.2727935]]}}, {"type": "Feature", "properties": {"road_type": "secondary", "name": "Unnamed road", "major": true}, "geometry": {"type": "LineString", "coordinates": [[70.7931566, 22.2727443], [70.7931652, 22.2726973], [70.7931494, 22.2726521], [70.7931126, 22.2726188], [70.7930633, 22.2726052], [70.7930128, 22.2726143], [70.7929954, 22.2726273], [70.7929727, 22.2726441], [70.7929522, 22.2726878], [70.7929559, 22.2727352], [70.7929587, 22.2727394], [70.792983, 22.2727757], [70.7930273, 22.2727998], [70.7930787, 22.2728021], [70.7930987, 22.2727935], [70.7931253, 22.2727821], [70.7931566, 22.2727443]]}}, {"type": "Feature", "properties": {"road_type": "tertiary", "name": "Unnamed road", "major": false}, "geometry": {"type": "LineString", "coordinates": [[70.8162855, 22.2670213], [70.8162956, 22.2669753], [70.816529, 22.2659163], [70.8166125, 22.2654939], [70.8166646, 22.2652305], [70.8167803, 22.2646485], [70.816851, 22.2642924], [70.8168956, 22.2640617], [70.8170153, 22.2634428], [70.8170528, 22.2632489], [70.8170751, 22.2630924]]}}, {"type": "Feature", "properties": {"road_type": "tertiary", "name": "Unnamed road", "major": false}, "geometry": {"type": "LineString", "coordinates": [[70.813837, 22.2666663], [70.8139469, 22.2666766], [70.8144347, 22.2667377], [70.8149899, 22.2668317], [70.8155479, 22.2669068], [70.8161996, 22.2670085], [70.8162855, 22.2670213], [70.8167652, 22.267096], [70.8171382, 22.267146], [70.8174814, 22.2672028], [70.8177001, 22.2672457]]}}, {"type": "Feature", "properties": {"road_type": "tertiary", "name": "Unnamed road", "major": false}, "geometry": {"type": "LineString", "coordinates": [[70.8167803, 22.2646485], [70.8172483, 22.264714], [70.8173353, 22.2647266], [70.8176199, 22.2647541], [70.8178391, 22.2647871], [70.8179475, 22.2648114]]}}, {"type": "Feature", "properties": {"road_type": "tertiary", "name": "Unnamed road", "major": false}, "geometry": {"type": "LineString", "coordinates": [[70.8169604, 22.2630774], [70.8170751, 22.2630924]]}}, {"type": "Feature", "properties": {"road_type": "tertiary", "name": "Unnamed road", "major": false}, "geometry": {"type": "LineString", "coordinates": [[70.8177001, 22.2672457], [70.8178217, 22.267258], [70.8180443, 22.2672991], [70.8181837, 22.2673173], [70.8186607, 22.2673722]]}}, {"type": "Feature", "properties": {"road_type": "tertiary", "name": "Unnamed road", "major": false}, "geometry": {"type": "LineString", "coordinates": [[70.8187067, 22.2649392], [70.8183162, 22.2648725]]}}, {"type": "Feature", "properties": {"road_type": "tertiary", "name": "Unnamed road", "major": false}, "geometry": {"type": "LineString", "coordinates": [[70.8107935, 22.2624597], [70.8107784, 22.2624856], [70.8107736, 22.2625147], [70.8107797, 22.2625435], [70.8107944, 22.262567], [70.8108163, 22.262585], [70.8108431, 22.2625958], [70.8108723, 22.2625983], [70.8109131, 22.2625889], [70.8109259, 22.2625783], [70.810945, 22.2625577], [70.8109562, 22.2625326], [70.8109584, 22.2625056], [70.8109513, 22.2624793], [70.8109341, 22.2624546], [70.8109088, 22.2624368], [70.8108785, 22.2624279], [70.8108467, 22.2624291], [70.8108172, 22.2624401], [70.8107935, 22.2624597]]}}, {"type": "Feature", "properties": {"road_type": "primary", "name": "Unnamed road", "major": true}, "geometry": {"type": "LineString", "coordinates": [[70.8184696, 22.2522186], [70.8183548, 22.2525016]]}}, {"type": "Feature", "properties": {"road_type": "primary", "name": "Unnamed road", "major": true}, "geometry": {"type": "LineString", "coordinates": [[70.8183548, 22.2525016], [70.8180479, 22.2532433], [70.8180154, 22.2533219]]}}, {"type": "Feature", "properties": {"road_type": "primary", "name": "Unnamed road", "major": true}, "geometry": {"type": "LineString", "coordinates": [[70.8180154, 22.2533219], [70.8179361, 22.2533869], [70.8176908, 22.2539834], [70.8171813, 22.2552636], [70.8169451, 22.2558715], [70.8168504, 22.2560753], [70.8167096, 22.2564262], [70.8165183, 22.2569029], [70.8164128, 22.2571324], [70.8163547, 22.2572575], [70.8160593, 22.2580084], [70.8160408, 22.2580546]]}}, {"type": "Feature", "properties": {"road_type": "primary", "name": "Unnamed road", "major": true}, "geometry": {"type": "LineString", "coordinates": [[70.8161082, 22.2581089], [70.8161915, 22.257888], [70.8162051, 22.2578477], [70.8165384, 22.2570974], [70.8166073, 22.2569327], [70.8168054, 22.2564597], [70.8169437, 22.2561293], [70.8170384, 22.2558996], [70.8172131, 22.255476], [70.8172813, 22.2552936], [70.8177517, 22.2541402], [70.8178062, 22.25402], [70.8180292, 22.2534088], [70.8180154, 22.2533219]]}}, {"type": "Feature", "properties": {"road_type": "primary", "name": "Unnamed road", "major": true}, "geometry": {"type": "LineString", "coordinates": [[70.8167096, 22.2564262], [70.8168054, 22.2564597]]}}, {"type": "Feature", "properties": {"road_type": "tertiary", "name": "Unnamed road", "major": false}, "geometry": {"type": "LineString", "coordinates": [[70.8084543, 22.2559482], [70.8084811, 22.2560003], [70.8085526, 22.2562406]]}}, {"type": "Feature", "properties": {"road_type": "tertiary", "name": "Unnamed road", "major": false}, "geometry": {"type": "LineString", "coordinates": [[70.8040905, 22.254559], [70.8041565, 22.2545534]]}}, {"type": "Feature", "properties": {"road_type": "tertiary", "name": "Unnamed road", "major": false}, "geometry": {"type": "LineString", "coordinates": [[70.8088101, 22.2574216], [70.8088294, 22.2576088], [70.8088416, 22.2576445]]}}, {"type": "Feature", "properties": {"road_type": "tertiary", "name": "Unnamed road", "major": false}, "geometry": {"type": "LineString", "coordinates": [[70.8084543, 22.2559482], [70.8084163, 22.2559257], [70.8082961, 22.2559022]]}}, {"type": "Feature", "properties": {"road_type": "tertiary", "name": "Unnamed road", "major": false}, "geometry": {"type": "LineString", "coordinates": [[70.8093937, 22.2577319], [70.809194, 22.2577017], [70.8088803, 22.2576547], [70.8088416, 22.2576445]]}}, {"type": "Feature", "properties": {"road_type": "trunk", "name": "Flyover", "major": true}, "geometry": {"type": "LineString", "coordinates": [[70.783196, 22.2659707], [70.7831641, 22.266012], [70.783105, 22.2660994], [70.7829533, 22.2663406], [70.7828729, 22.2664985], [70.7827943, 22.2666564], [70.7827695, 22.2667223], [70.782737, 22.2668001], [70.782676, 22.2669641]]}}, {"type": "Feature", "properties": {"road_type": "trunk", "name": "Flyover", "major": true}, "geometry": {"type": "LineString", "coordinates": [[70.7858911, 22.2631077], [70.7857822, 22.2632233], [70.7856335, 22.263404], [70.7853923, 22.2636698], [70.7852776, 22.2637942], [70.7852119, 22.2638646], [70.7851616, 22.2639219], [70.7850632, 22.2640536], [70.7849309, 22.2642585], [70.7846657, 22.2646538], [70.7846144, 22.2647251], [70.7845571, 22.2647979], [70.7844805, 22.2648824], [70.7843839, 22.2649874], [70.7843031, 22.2650636], [70.7842096, 22.2651531], [70.7840665, 22.2652641], [70.7839129, 22.265375], [70.7836349, 22.2655751], [70.7834673, 22.2657055], [70.7833489, 22.2658086], [70.783196, 22.2659707]]}}, {"type": "Feature", "properties": {"road_type": "trunk", "name": "Flyover", "major": true}, "geometry": {"type": "LineString", "coordinates": [[70.7833391, 22.2660739], [70.7834558, 22.2659443], [70.7836427, 22.2657766], [70.7841488, 22.2654106], [70.7843539, 22.2652455], [70.7844931, 22.2651102], [70.7845589, 22.2650412], [70.7846436, 22.2649535], [70.7847428, 22.2648326], [70.7848131, 22.2647364], [70.7850008, 22.2644719], [70.7852628, 22.2640861], [70.7854049, 22.2639083], [70.7856021, 22.2636888], [70.7860615, 22.2631651]]}}, {"type": "Feature", "properties": {"road_type": "trunk", "name": "Unnamed road", "major": true}, "geometry": {"type": "LineString", "coordinates": [[70.7863743, 22.262584], [70.7865862, 22.2621814], [70.7867552, 22.2618789], [70.7867742, 22.2618509], [70.7869709, 22.26156], [70.7877667, 22.2603835], [70.7878583, 22.2602487]]}}, {"type": "Feature", "properties": {"road_type": "secondary", "name": "Unnamed road", "major": true}, "geometry": {"type": "LineString", "coordinates": [[70.7847435, 22.2648928], [70.7848237, 22.2648368], [70.7849993, 22.264601], [70.7851628, 22.264364], [70.7852768, 22.2641888], [70.7853144, 22.2641279], [70.7853801, 22.2640454], [70.7854791, 22.2639319], [70.7856874, 22.2637135], [70.7857308, 22.2636611], [70.7859158, 22.263448], [70.7860492, 22.2632888], [70.7861202, 22.2632091], [70.786174, 22.2631414], [70.7862165, 22.2630758], [70.7863333, 22.2628328], [70.7863692, 22.2627579], [70.7863889, 22.26269], [70.7863912, 22.2626394], [70.7863743, 22.262584]]}}, {"type": "Feature", "properties": {"road_type": "secondary", "name": "Unnamed road", "major": true}, "geometry": {"type": "LineString", "coordinates": [[70.7862375, 22.2624994], [70.7861509, 22.2625461], [70.78611, 22.2625899], [70.786073, 22.2626595], [70.7859937, 22.2628083], [70.785886, 22.2629807], [70.7858042, 22.2630893], [70.7857181, 22.2631849], [70.7855496, 22.2633761], [70.7852017, 22.2637444], [70.7850992, 22.2638681], [70.7849887, 22.2640251], [70.7846148, 22.264668], [70.7845699, 22.264742]]}}, {"type": "Feature", "properties": {"road_type": "tertiary", "name": "Unnamed road", "major": false}, "geometry": {"type": "LineString", "coordinates": [[70.8127551, 22.2689127], [70.8125406, 22.2682906]]}}, {"type": "Feature", "properties": {"road_type": "tertiary", "name": "Unnamed road", "major": false}, "geometry": {"type": "LineString", "coordinates": [[70.7891956, 22.2415743], [70.7892948, 22.2420659]]}}, {"type": "Feature", "properties": {"road_type": "tertiary", "name": "Unnamed road", "major": false}, "geometry": {"type": "LineString", "coordinates": [[70.7892948, 22.2420659], [70.7894693, 22.242973], [70.7896789, 22.2439911]]}}, {"type": "Feature", "properties": {"road_type": "tertiary", "name": "Unnamed road", "major": false}, "geometry": {"type": "LineString", "coordinates": [[70.7921632, 22.2387593], [70.792092, 22.2384432]]}}, {"type": "Feature", "properties": {"road_type": "tertiary", "name": "Unnamed road", "major": false}, "geometry": {"type": "LineString", "coordinates": [[70.792092, 22.2384432], [70.7920762, 22.2383644], [70.7920528, 22.2382583], [70.7920437, 22.2381275], [70.7920456, 22.2381072], [70.792055, 22.2380092], [70.7920929, 22.2378626], [70.7921064, 22.2378106], [70.7922186, 22.2372619], [70.7922683, 22.2369176], [70.7922931, 22.2366795], [70.792298, 22.2366268], [70.7923162, 22.2364336], [70.7923278, 22.2361484], [70.7923276, 22.2360649], [70.7923314, 22.2359144], [70.7923431, 22.2354712], [70.7923355, 22.2351358], [70.7923042, 22.2348585], [70.7922805, 22.2347414], [70.7922417, 22.2345691], [70.7922059, 22.2344433], [70.7920861, 22.2340225], [70.7920721, 22.2339702], [70.7919247, 22.2333253], [70.7918935, 22.2332628], [70.7918445, 22.2332216], [70.7917719, 22.2331996], [70.7915407, 22.2331711], [70.7913702, 22.233157], [70.791251, 22.2331497], [70.7910238, 22.2331357], [70.7908563, 22.2331254], [70.7907906, 22.2331214], [70.7903677, 22.2331022], [70.7901324, 22.2330907], [70.7896372, 22.2330685], [70.7895899, 22.2330668], [70.7893592, 22.2330563]]}}, {"type": "Feature", "properties": {"road_type": "tertiary", "name": "Unnamed road", "major": false}, "geometry": {"type": "LineString", "coordinates": [[70.819077, 22.2607595], [70.8186854, 22.2602865], [70.8186416, 22.26025], [70.8183898, 22.2600405], [70.8181358, 22.2598205], [70.8178717, 22.2595935], [70.817549, 22.2593353], [70.8169362, 22.2588307], [70.8169087, 22.2588078], [70.8166394, 22.2585639], [70.8165051, 22.2584458], [70.8162725, 22.2582413], [70.8161082, 22.2581089], [70.8160408, 22.2580546]]}}, {"type": "Feature", "properties": {"road_type": "tertiary", "name": "Unnamed road", "major": false}, "geometry": {"type": "LineString", "coordinates": [[70.8161996, 22.2670085], [70.8158935, 22.2682676], [70.8158069, 22.2686223], [70.8158114, 22.2686555], [70.8158358, 22.2686849], [70.8158712, 22.2686892], [70.8159005, 22.2686692]]}}, {"type": "Feature", "properties": {"road_type": "tertiary", "name": "Unnamed road", "major": false}, "geometry": {"type": "LineString", "coordinates": [[70.8159005, 22.2686692], [70.8159144, 22.2686407], [70.8159998, 22.2682843], [70.8162594, 22.2671395], [70.8162855, 22.2670213]]}}, {"type": "Feature", "properties": {"road_type": "tertiary", "name": "Unnamed road", "major": false}, "geometry": {"type": "LineString", "coordinates": [[70.8330086, 22.2996812], [70.8339738, 22.2995959], [70.8351526, 22.2994958], [70.8364809, 22.2993698], [70.8365903, 22.2993592]]}}, {"type": "Feature", "properties": {"road_type": "primary", "name": "Unnamed road", "major": true}, "geometry": {"type": "LineString", "coordinates": [[70.8116419, 22.3058207], [70.8116224, 22.305863], [70.8116247, 22.3059089], [70.811634, 22.3059248], [70.8116484, 22.3059494], [70.8116886, 22.3059763], [70.8117126, 22.3059803], [70.8117376, 22.3059844], [70.8118029, 22.3059603], [70.8118228, 22.3059418], [70.8118422, 22.3058995], [70.8118399, 22.3058536], [70.8118281, 22.3058308], [70.8118163, 22.3058131], [70.811776, 22.3057862], [70.8117461, 22.3057812], [70.8117271, 22.305778], [70.8116792, 22.3057904], [70.8116604, 22.3058056], [70.8116419, 22.3058207]]}}, {"type": "Feature", "properties": {"road_type": "primary", "name": "Unnamed road", "major": true}, "geometry": {"type": "LineString", "coordinates": [[70.811634, 22.3059248], [70.8115831, 22.30598], [70.8115616, 22.3060062], [70.8114664, 22.3061334], [70.8112414, 22.3063933], [70.811116, 22.3065051], [70.8110541, 22.3065442], [70.8110165, 22.3065617], [70.810977, 22.3065736], [70.8106948, 22.3066042]]}}, {"type": "Feature", "properties": {"road_type": "tertiary", "name": "Unnamed road", "major": false}, "geometry": {"type": "LineString", "coordinates": [[70.8231108, 22.3049877], [70.8230481, 22.3049438], [70.8229771, 22.3049069], [70.8227416, 22.3047712], [70.8226199, 22.3047106], [70.8225078, 22.3046656], [70.8221421, 22.3045343], [70.8217123, 22.3043799], [70.8210063, 22.3041595], [70.820447, 22.3039566], [70.8198372, 22.3037405]]}}, {"type": "Feature", "properties": {"road_type": "tertiary", "name": "Unnamed road", "major": false}, "geometry": {"type": "LineString", "coordinates": [[70.8198448, 22.3036491], [70.8198159, 22.3037275]]}}, {"type": "Feature", "properties": {"road_type": "tertiary", "name": "Unnamed road", "major": false}, "geometry": {"type": "LineString", "coordinates": [[70.819813, 22.3038579], [70.8201284, 22.3039653], [70.8204063, 22.3040667], [70.8208274, 22.3042174], [70.8216777, 22.3044742], [70.8221112, 22.3046242], [70.8223632, 22.3047139], [70.8225433, 22.3048004], [70.8226916, 22.3048695], [70.8229271, 22.3049857], [70.8229606, 22.3050001]]}}, {"type": "Feature", "properties": {"road_type": "tertiary", "name": "Unnamed road", "major": false}, "geometry": {"type": "LineString", "coordinates": [[70.8197626, 22.3038595], [70.8197314, 22.3039421]]}}, {"type": "Feature", "properties": {"road_type": "primary", "name": "Unnamed road", "major": true}, "geometry": {"type": "LineString", "coordinates": [[70.8608317, 22.2745037], [70.8612587, 22.2740923], [70.862018, 22.2733705], [70.8632974, 22.2721675], [70.8643498, 22.2711708], [70.8651958, 22.2704031], [70.8656208, 22.2699754], [70.8658024, 22.2697463], [70.8659015, 22.2696088], [70.8659877, 22.2694452], [70.8660785, 22.2692208], [70.8661243, 22.2690321], [70.8661573, 22.268864], [70.8661904, 22.2686234], [70.8662481, 22.268062], [70.8663802, 22.2668475], [70.8664242, 22.2664355], [70.8664262, 22.2664126], [70.8664304, 22.2663673]]}}, {"type": "Feature", "properties": {"road_type": "primary", "name": "Unnamed road", "major": true}, "geometry": {"type": "LineString", "coordinates": [[70.8663232, 22.2663527], [70.8663167, 22.2664111], [70.8663138, 22.2664372], [70.8661975, 22.2674917], [70.866052, 22.2688053], [70.8660213, 22.2690145], [70.865967, 22.2692071], [70.8658984, 22.2693678], [70.8658391, 22.2694881], [70.8657663, 22.2696368], [70.8656542, 22.2697989], [70.8655046, 22.2699534], [70.8653364, 22.2701166], [70.8652978, 22.270152], [70.8649783, 22.2704453], [70.8639178, 22.2714532], [70.8630514, 22.2722774], [70.8622434, 22.2730302], [70.8610605, 22.2741542], [70.8607731, 22.2744324]]}}, {"type": "Feature", "properties": {"road_type": "secondary", "name": "Unnamed road", "major": true}, "geometry": {"type": "LineString", "coordinates": [[70.7986999, 22.2990449], [70.7986419, 22.2993819], [70.7986273, 22.2994666]]}}, {"type": "Feature", "properties": {"road_type": "tertiary", "name": "Unnamed road", "major": false}, "geometry": {"type": "LineString", "coordinates": [[70.8177565, 22.2723523], [70.8177862, 22.2723441], [70.8178115, 22.2723274], [70.8178297, 22.2723042], [70.8178389, 22.2722763], [70.8178378, 22.2722471], [70.8178265, 22.2722199], [70.8178062, 22.2721975], [70.8177721, 22.2721811], [70.8177483, 22.2721764], [70.817717, 22.27218], [70.8176887, 22.2721928], [70.8176664, 22.2722135], [70.8176569, 22.2722317], [70.8176527, 22.2722398], [70.8176489, 22.2722687], [70.8176555, 22.2722973], [70.8176718, 22.2723223], [70.817696, 22.272341], [70.8177255, 22.2723513], [70.8177565, 22.2723523]]}}, {"type": "Feature", "properties": {"road_type": "tertiary", "name": "Unnamed road", "major": false}, "geometry": {"type": "LineString", "coordinates": [[70.8249943, 22.2766858], [70.8248485, 22.2758322], [70.8248418, 22.2757837], [70.82482, 22.2755634], [70.8248252, 22.2755206], [70.8248346, 22.2754834], [70.824865, 22.275442], [70.8249096, 22.2754044], [70.82498, 22.2753515], [70.8273676, 22.2736115], [70.8281751, 22.273023], [70.8282015, 22.2730015], [70.8282149, 22.2729832], [70.8282624, 22.2729097]]}}, {"type": "Feature", "properties": {"road_type": "trunk", "name": "Unnamed road", "major": true}, "geometry": {"type": "LineString", "coordinates": [[70.8703012, 22.3282855], [70.8708753, 22.3284515], [70.871935, 22.3287692], [70.8719538, 22.3287717], [70.8725493, 22.3289478], [70.8740162, 22.3293984], [70.8750989, 22.3297059], [70.8756167, 22.3298663], [70.8764959, 22.3301605], [70.876864, 22.3302828], [70.8775062, 22.3305227], [70.8783155, 22.330809]]}}, {"type": "Feature", "properties": {"road_type": "trunk", "name": "Unnamed road", "major": true}, "geometry": {"type": "LineString", "coordinates": [[70.8841271, 22.3324798], [70.8823067, 22.332003], [70.8808403, 22.3315549], [70.8805734, 22.3314654], [70.8803478, 22.331382], [70.8794157, 22.3310662], [70.878358, 22.3306972], [70.8780567, 22.3305887], [70.8778293, 22.33051], [70.8774496, 22.3303715], [70.8765802, 22.3300589], [70.8761654, 22.3299098], [70.875486, 22.3296832], [70.8741816, 22.3293049], [70.8718386, 22.3286232], [70.8703363, 22.3281783]]}}, {"type": "Feature", "properties": {"road_type": "secondary", "name": "Unnamed road", "major": true}, "geometry": {"type": "LineString", "coordinates": [[70.7967725, 22.282533], [70.7962848, 22.282608], [70.795766, 22.282652], [70.7953344, 22.2827196], [70.795121, 22.282752]]}}, {"type": "Feature", "properties": {"road_type": "secondary", "name": "Unnamed road", "major": true}, "geometry": {"type": "LineString", "coordinates": [[70.7987252, 22.2981175], [70.7987272, 22.2984316], [70.7986999, 22.2990449]]}}, {"type": "Feature", "properties": {"road_type": "tertiary", "name": "Unnamed road", "major": false}, "geometry": {"type": "LineString", "coordinates": [[70.7622184, 22.2958341], [70.7622018, 22.2956581]]}}, {"type": "Feature", "properties": {"road_type": "tertiary", "name": "Unnamed road", "major": false}, "geometry": {"type": "LineString", "coordinates": [[70.7643986, 22.2698066], [70.7643611, 22.2701143], [70.7643839, 22.2701814]]}}, {"type": "Feature", "properties": {"road_type": "tertiary", "name": "Unnamed road", "major": false}, "geometry": {"type": "LineString", "coordinates": [[70.7907222, 22.241537], [70.7918756, 22.2409015], [70.7920725, 22.2408469]]}}, {"type": "Feature", "properties": {"road_type": "trunk", "name": "Unnamed road", "major": true}, "geometry": {"type": "LineString", "coordinates": [[70.7876953, 22.2601747], [70.7877584, 22.2602483], [70.7878583, 22.2602487]]}}, {"type": "Feature", "properties": {"road_type": "trunk", "name": "Unnamed road", "major": true}, "geometry": {"type": "LineString", "coordinates": [[70.7880176, 22.2600165], [70.7879878, 22.2599642], [70.7879372, 22.2599366], [70.7878108, 22.2600066]]}}, {"type": "Feature", "properties": {"road_type": "secondary", "name": "Swami Vivekananda Flyover", "major": true}, "geometry": {"type": "LineString", "coordinates": [[70.798814, 22.2754477], [70.7989048, 22.275469]]}}, {"type": "Feature", "properties": {"road_type": "secondary", "name": "Swami Vivekananda Flyover", "major": true}, "geometry": {"type": "LineString", "coordinates": [[70.7989155, 22.2753259], [70.7988312, 22.2753145]]}}, {"type": "Feature", "properties": {"road_type": "primary", "name": "Dr. B R Ambedkar Chowk Flyover", "major": true}, "geometry": {"type": "LineString", "coordinates": [[70.801384, 22.3015126], [70.8013133, 22.3012049]]}}, {"type": "Feature", "properties": {"road_type": "tertiary", "name": "Unnamed road", "major": false}, "geometry": {"type": "LineString", "coordinates": [[70.8204091, 22.2622787], [70.82035, 22.2621111], [70.8204051, 22.2619481], [70.8205173, 22.2619073], [70.8206674, 22.2619232]]}}, {"type": "Feature", "properties": {"road_type": "tertiary", "name": "Unnamed road", "major": false}, "geometry": {"type": "LineString", "coordinates": [[70.8295287, 22.271985], [70.8296458, 22.2718927]]}}, {"type": "Feature", "properties": {"road_type": "trunk", "name": "Unnamed road", "major": true}, "geometry": {"type": "LineString", "coordinates": [[70.7765965, 22.3385028], [70.7766687, 22.3384517]]}}, {"type": "Feature", "properties": {"road_type": "tertiary", "name": "Unnamed road", "major": false}, "geometry": {"type": "LineString", "coordinates": [[70.7862943, 22.3375527], [70.7858243, 22.3379435], [70.7853625, 22.3384043], [70.7848125, 22.3389706], [70.7837825, 22.3400783], [70.7822932, 22.3416412], [70.7811509, 22.3428176], [70.7811067, 22.3429323]]}}, {"type": "Feature", "properties": {"road_type": "trunk", "name": "Unnamed road", "major": true}, "geometry": {"type": "LineString", "coordinates": [[70.7811067, 22.3429323], [70.7807227, 22.3428238], [70.7803765, 22.3426833], [70.7800338, 22.3425134], [70.7796947, 22.3422847], [70.7792601, 22.3418697], [70.7790367, 22.3415706], [70.7779235, 22.340149], [70.7779024, 22.3401219], [70.7778717, 22.3400823], [70.7778402, 22.3400446], [70.7775361, 22.3396444], [70.7774112, 22.3394674], [70.777236, 22.3392103], [70.7771385, 22.3390799], [70.7766687, 22.3384517], [70.7765815, 22.3383351]]}}, {"type": "Feature", "properties": {"road_type": "tertiary", "name": "Unnamed road", "major": false}, "geometry": {"type": "LineString", "coordinates": [[70.7811067, 22.3429323], [70.7812045, 22.3428581], [70.7819277, 22.3421399], [70.7823699, 22.3416669], [70.783002, 22.3410081], [70.7836174, 22.3403728], [70.783881, 22.3400949], [70.7839445, 22.3400293], [70.7851371, 22.3387505], [70.7853983, 22.3384937], [70.7857373, 22.3381605], [70.7859823, 22.3379232], [70.7863476, 22.3376091], [70.7863882, 22.3375332]]}}, {"type": "Feature", "properties": {"road_type": "primary", "name": "Unnamed road", "major": true}, "geometry": {"type": "LineString", "coordinates": [[70.7783868, 22.2904915], [70.7782871, 22.2904544], [70.778153, 22.290442], [70.7779604, 22.2904949]]}}, {"type": "Feature", "properties": {"road_type": "secondary", "name": "Unnamed road", "major": true}, "geometry": {"type": "LineString", "coordinates": [[70.7785606, 22.2903817], [70.7784471, 22.2900718], [70.7784793, 22.2899437], [70.779024, 22.2886631], [70.7797707, 22.286962], [70.7797422, 22.2868361]]}}, {"type": "Feature", "properties": {"road_type": "secondary", "name": "Gondal Road", "major": true}, "geometry": {"type": "LineString", "coordinates": [[70.7991661, 22.2797901], [70.7992403, 22.2804291], [70.7993218, 22.2810919], [70.7993956, 22.2816056], [70.7994713, 22.2822165]]}}, {"type": "Feature", "properties": {"road_type": "primary", "name": "Dr. B R Ambedkar Chowk Flyover", "major": true}, "geometry": {"type": "LineString", "coordinates": [[70.7992671, 22.3061162], [70.8000215, 22.3054465], [70.8006211, 22.3049305], [70.8010552, 22.3046063], [70.8019338, 22.3040218]]}}, {"type": "Feature", "properties": {"road_type": "tertiary", "name": "Unnamed road", "major": false}, "geometry": {"type": "LineString", "coordinates": [[70.7732122, 22.2581067], [70.7731538, 22.258121], [70.7730231, 22.2582308], [70.7727481, 22.2584692], [70.7724358, 22.2587526], [70.7722838, 22.2588877], [70.7720891, 22.2590737], [70.7719641, 22.2591943], [70.7718813, 22.2592827]]}}, {"type": "Feature", "properties": {"road_type": "tertiary", "name": "Unnamed road", "major": false}, "geometry": {"type": "LineString", "coordinates": [[70.777813, 22.3401853], [70.7779024, 22.3401219], [70.7786024, 22.3393263]]}}, {"type": "Feature", "properties": {"road_type": "tertiary", "name": "Unnamed road", "major": false}, "geometry": {"type": "LineString", "coordinates": [[70.7796025, 22.3374984], [70.7800926, 22.3364758], [70.7802806, 22.3360344], [70.7806015, 22.3349753], [70.7808156, 22.3346004], [70.7810907, 22.3340956], [70.7815494, 22.3332683], [70.7819363, 22.3327813], [70.7822414, 22.3324637], [70.7827073, 22.3319693]]}}, {"type": "Feature", "properties": {"road_type": "tertiary", "name": "Unnamed road", "major": false}, "geometry": {"type": "LineString", "coordinates": [[70.7827073, 22.3319693], [70.7828618, 22.3317917], [70.7835765, 22.3309767], [70.7839688, 22.3305232], [70.7845892, 22.3297934]]}}, {"type": "Feature", "properties": {"road_type": "trunk", "name": "Unnamed road", "major": true}, "geometry": {"type": "LineString", "coordinates": [[70.8783155, 22.330809], [70.8790914, 22.3310723], [70.8796757, 22.3312794], [70.8805725, 22.3315904], [70.8807158, 22.3316393], [70.8808963, 22.331698], [70.8822508, 22.3321047], [70.8841048, 22.3326122]]}}, {"type": "Feature", "properties": {"road_type": "primary", "name": "Unnamed road", "major": true}, "geometry": {"type": "LineString", "coordinates": [[70.7785134, 22.290379], [70.7784678, 22.2903908], [70.7784011, 22.2904502], [70.7783868, 22.2904915], [70.7783877, 22.290535], [70.7784037, 22.2905758], [70.7784332, 22.2906096], [70.7784728, 22.2906328], [70.7785185, 22.2906429], [70.7785652, 22.2906388], [70.7786083, 22.2906207], [70.7786426, 22.2905906], [70.7786645, 22.2905518], [70.7786716, 22.2905086], [70.778663, 22.2904655], [70.7786397, 22.2904274], [70.7786043, 22.2903984], [70.7785606, 22.2903817], [70.7785134, 22.290379]]}}, {"type": "Feature", "properties": {"road_type": "primary", "name": "Kalawad Road", "major": true}, "geometry": {"type": "LineString", "coordinates": [[70.7782697, 22.2903625], [70.7783519, 22.2904177], [70.7784011, 22.2904502]]}}, {"type": "Feature", "properties": {"road_type": "secondary", "name": "Unnamed road", "major": true}, "geometry": {"type": "LineString", "coordinates": [[70.8165019, 22.2827109], [70.8171822, 22.2828233]]}}, {"type": "Feature", "properties": {"road_type": "secondary", "name": "Unnamed road", "major": true}, "geometry": {"type": "LineString", "coordinates": [[70.7991661, 22.2797901], [70.7992524, 22.2798028]]}}, {"type": "Feature", "properties": {"road_type": "secondary", "name": "Gondal Road", "major": true}, "geometry": {"type": "LineString", "coordinates": [[70.7992366, 22.2797278], [70.7991041, 22.2787781], [70.799076, 22.2784444], [70.7990721, 22.2783257]]}}, {"type": "Feature", "properties": {"road_type": "secondary", "name": "Unnamed road", "major": true}, "geometry": {"type": "LineString", "coordinates": [[70.7992366, 22.2797278], [70.7991616, 22.2797206]]}}, {"type": "Feature", "properties": {"road_type": "secondary", "name": "Gondal Road", "major": true}, "geometry": {"type": "LineString", "coordinates": [[70.7992524, 22.2798028], [70.7992366, 22.2797278]]}}, {"type": "Feature", "properties": {"road_type": "secondary", "name": "Gondal Road", "major": true}, "geometry": {"type": "LineString", "coordinates": [[70.7990135, 22.2784285], [70.7990219, 22.2784909], [70.799046, 22.278761], [70.7991312, 22.2794559], [70.7991598, 22.2797095], [70.7991616, 22.2797206]]}}, {"type": "Feature", "properties": {"road_type": "secondary", "name": "Gondal Road", "major": true}, "geometry": {"type": "LineString", "coordinates": [[70.7991616, 22.2797206], [70.7991661, 22.2797901]]}}, {"type": "Feature", "properties": {"road_type": "tertiary", "name": "Unnamed road", "major": false}, "geometry": {"type": "LineString", "coordinates": [[70.7781553, 22.2759581], [70.7783625, 22.2755604], [70.7787215, 22.2748083], [70.7790092, 22.2740938], [70.7791581, 22.273753]]}}, {"type": "Feature", "properties": {"road_type": "tertiary", "name": "Unnamed road", "major": false}, "geometry": {"type": "LineString", "coordinates": [[70.7788131, 22.2736727], [70.7787752, 22.273779], [70.7785079, 22.2744716], [70.7782147, 22.275094], [70.7779526, 22.2756046], [70.7779129, 22.2756684], [70.7778088, 22.2757843]]}}, {"type": "Feature", "properties": {"road_type": "primary", "name": "Rajkot - Morbi Highway", "major": true}, "geometry": {"type": "LineString", "coordinates": [[70.799233, 22.3730013], [70.7992003, 22.3731772], [70.7991895, 22.373235], [70.7991082, 22.3741649], [70.7991039, 22.3747605], [70.7991033, 22.374851], [70.7992561, 22.3753319], [70.7994915, 22.3758295], [70.7995666, 22.3759883], [70.8001138, 22.3770231], [70.8003332, 22.3776226], [70.8005181, 22.3784431], [70.8006832, 22.3792681], [70.800698, 22.3797604], [70.8006364, 22.3801593], [70.8005082, 22.3805513], [70.8002765, 22.3811872], [70.8000726, 22.3818852]]}}, {"type": "Feature", "properties": {"road_type": "primary", "name": "Unnamed road", "major": true}, "geometry": {"type": "LineString", "coordinates": [[70.8079159, 22.3472937], [70.8078264, 22.3473493]]}}, {"type": "Feature", "properties": {"road_type": "primary", "name": "Rajkot - Morbi Highway", "major": true}, "geometry": {"type": "LineString", "coordinates": [[70.8086043, 22.3405352], [70.8083529, 22.3408646], [70.8079684, 22.3413958], [70.8078974, 22.3415061], [70.8078378, 22.3415987], [70.8075518, 22.3419771], [70.8073275, 22.3424012], [70.80729, 22.3426253], [70.8072782, 22.3426953], [70.8073078, 22.3430121], [70.8073892, 22.3433062], [70.8075518, 22.3438443]]}}, {"type": "Feature", "properties": {"road_type": "primary", "name": "Rajkot - Morbi Highway", "major": true}, "geometry": {"type": "LineString", "coordinates": [[70.8076902, 22.344238], [70.8077441, 22.3443914], [70.8079191, 22.3448884], [70.8080152, 22.3452076], [70.8081114, 22.3456339], [70.8081533, 22.346042], [70.8081482, 22.3462426], [70.8081114, 22.3464044], [70.8080226, 22.346776], [70.8078774, 22.3471404], [70.8078264, 22.3473493]]}}, {"type": "Feature", "properties": {"road_type": "primary", "name": "Rajkot - Morbi Highway", "major": true}, "geometry": {"type": "LineString", "coordinates": [[70.8075518, 22.3438443], [70.8076902, 22.344238]]}}, {"type": "Feature", "properties": {"road_type": "primary", "name": "Unnamed road", "major": true}, "geometry": {"type": "LineString", "coordinates": [[70.7985789, 22.3067281], [70.7986322, 22.3066791], [70.7990669, 22.3062939], [70.7992524, 22.3061293]]}}, {"type": "Feature", "properties": {"road_type": "primary", "name": "Dr. B R Ambedkar Chowk Flyover", "major": true}, "geometry": {"type": "LineString", "coordinates": [[70.8018521, 22.3039434], [70.8013591, 22.3042761], [70.8008388, 22.3046428], [70.8005592, 22.3048524], [70.8002831, 22.3050783], [70.7999368, 22.3053762], [70.7993169, 22.3059231], [70.7991961, 22.3060306]]}}, {"type": "Feature", "properties": {"road_type": "primary", "name": "Unnamed road", "major": true}, "geometry": {"type": "LineString", "coordinates": [[70.8058243, 22.3049116], [70.8062221, 22.3050607], [70.8062405, 22.3050674], [70.806769, 22.3052614], [70.8068647, 22.3052965], [70.806974, 22.3053374]]}}, {"type": "Feature", "properties": {"road_type": "primary", "name": "Unnamed road", "major": true}, "geometry": {"type": "LineString", "coordinates": [[70.8069933, 22.3052322], [70.8069036, 22.3051951], [70.8068677, 22.3051799], [70.8067918, 22.3051495], [70.8062934, 22.3049807], [70.8058774, 22.3048439], [70.8058562, 22.3048348]]}}, {"type": "Feature", "properties": {"road_type": "primary", "name": "Dr. B R Ambedkar Chowk Flyover", "major": true}, "geometry": {"type": "LineString", "coordinates": [[70.8012063, 22.3011005], [70.8012231, 22.3012148]]}}, {"type": "Feature", "properties": {"road_type": "primary", "name": "Dr. B R Ambedkar Chowk Flyover", "major": true}, "geometry": {"type": "LineString", "coordinates": [[70.8013133, 22.3012049], [70.8012853, 22.3010829]]}}, {"type": "Feature", "properties": {"road_type": "tertiary", "name": "Unnamed road", "major": false}, "geometry": {"type": "LineString", "coordinates": [[70.8020605, 22.3040746], [70.8021595, 22.3038053], [70.8022313, 22.3037236]]}}, {"type": "Feature", "properties": {"road_type": "tertiary", "name": "Unnamed road", "major": false}, "geometry": {"type": "LineString", "coordinates": [[70.7992524, 22.3061293], [70.7992763, 22.3061292], [70.7992958, 22.3061246], [70.8006655, 22.3049378], [70.8016232, 22.3042692]]}}, {"type": "Feature", "properties": {"road_type": "tertiary", "name": "Unnamed road", "major": false}, "geometry": {"type": "LineString", "coordinates": [[70.8019745, 22.3040717], [70.8018741, 22.3038033], [70.8018198, 22.303759]]}}, {"type": "Feature", "properties": {"road_type": "tertiary", "name": "Unnamed road", "major": false}, "geometry": {"type": "LineString", "coordinates": [[70.8021595, 22.3038053], [70.8020975, 22.3037804], [70.802001, 22.3037707], [70.8018741, 22.3038033]]}}, {"type": "Feature", "properties": {"road_type": "tertiary", "name": "Unnamed road", "major": false}, "geometry": {"type": "LineString", "coordinates": [[70.8058562, 22.3048348], [70.8058154, 22.3047696], [70.8057861, 22.3047289], [70.804475, 22.3043488], [70.8038508, 22.3042086], [70.8037655, 22.304192], [70.8029068, 22.3039723], [70.8025705, 22.3038593], [70.8022649, 22.3037977], [70.8021595, 22.3038053]]}}, {"type": "Feature", "properties": {"road_type": "tertiary", "name": "Unnamed road", "major": false}, "geometry": {"type": "LineString", "coordinates": [[70.8020605, 22.3040746], [70.8021511, 22.3040532], [70.8021871, 22.3040498], [70.80223, 22.3040553], [70.802894, 22.3042046], [70.8035651, 22.3043632], [70.8037832, 22.3044082], [70.8038617, 22.3044209], [70.8039829, 22.3044513], [70.8045145, 22.3045746]]}}, {"type": "Feature", "properties": {"road_type": "tertiary", "name": "Unnamed road", "major": false}, "geometry": {"type": "LineString", "coordinates": [[70.8018741, 22.3038033], [70.8017848, 22.3038287], [70.8014539, 22.3040799], [70.8011655, 22.3043104], [70.8006972, 22.3046614], [70.7998896, 22.3053339], [70.7998619, 22.3053591], [70.7995349, 22.3056563], [70.7992935, 22.3058725], [70.7991764, 22.3059936], [70.7991747, 22.306017], [70.7991809, 22.3060441]]}}, {"type": "Feature", "properties": {"road_type": "tertiary", "name": "Unnamed road", "major": false}, "geometry": {"type": "LineString", "coordinates": [[70.8017201, 22.3036784], [70.8017416, 22.3035717], [70.8017459, 22.3035182], [70.801742, 22.3034426], [70.801721, 22.3033091], [70.8016324, 22.3028851], [70.8015162, 22.3024952], [70.8014647, 22.3023071]]}}, {"type": "Feature", "properties": {"road_type": "tertiary", "name": "Unnamed road", "major": false}, "geometry": {"type": "LineString", "coordinates": [[70.8014647, 22.3023071], [70.801351, 22.3018625]]}}, {"type": "Feature", "properties": {"road_type": "tertiary", "name": "Unnamed road", "major": false}, "geometry": {"type": "LineString", "coordinates": [[70.801351, 22.3018625], [70.8012247, 22.3013992], [70.8011867, 22.3012148], [70.801177, 22.3011683], [70.8011794, 22.3011375], [70.8012063, 22.3011005]]}}, {"type": "Feature", "properties": {"road_type": "primary", "name": "Unnamed road", "major": true}, "geometry": {"type": "LineString", "coordinates": [[70.8007453, 22.3011249], [70.8008229, 22.301125], [70.801179, 22.3009875]]}}, {"type": "Feature", "properties": {"road_type": "primary", "name": "Unnamed road", "major": true}, "geometry": {"type": "LineString", "coordinates": [[70.80114, 22.3009428], [70.8010416, 22.300989], [70.8008222, 22.3010754], [70.8007453, 22.3011249]]}}, {"type": "Feature", "properties": {"road_type": "tertiary", "name": "Unnamed road", "major": false}, "geometry": {"type": "LineString", "coordinates": [[70.8022622, 22.303699], [70.8021679, 22.3036408], [70.8020737, 22.3035773], [70.8020307, 22.3035252], [70.8019884, 22.303461], [70.8018646, 22.3030296], [70.8017173, 22.3025383], [70.8015905, 22.3020888], [70.8014499, 22.3014977], [70.8013468, 22.301136], [70.8013325, 22.3011159], [70.8012853, 22.3010829]]}}, {"type": "Feature", "properties": {"road_type": "tertiary", "name": "Unnamed road", "major": false}, "geometry": {"type": "LineString", "coordinates": [[70.8016232, 22.3042692], [70.8019745, 22.3040717]]}}, {"type": "Feature", "properties": {"road_type": "tertiary", "name": "Unnamed road", "major": false}, "geometry": {"type": "LineString", "coordinates": [[70.8019745, 22.3040717], [70.8020605, 22.3040746]]}}, {"type": "Feature", "properties": {"road_type": "tertiary", "name": "Unnamed road", "major": false}, "geometry": {"type": "LineString", "coordinates": [[70.8045145, 22.3045746], [70.8048243, 22.3046565], [70.8054518, 22.3048293], [70.8057121, 22.3049247], [70.8058243, 22.3049116]]}}, {"type": "Feature", "properties": {"road_type": "primary", "name": "Dr. B R Ambedkar Chowk Flyover", "major": true}, "geometry": {"type": "LineString", "coordinates": [[70.8045239, 22.3045335], [70.8053909, 22.3047583], [70.8055823, 22.3048209], [70.8057291, 22.3048759]]}}, {"type": "Feature", "properties": {"road_type": "primary", "name": "Sitaram-Pandit Road", "major": true}, "geometry": {"type": "LineString", "coordinates": [[70.798836, 22.3017614], [70.7989014, 22.301756]]}}, {"type": "Feature", "properties": {"road_type": "primary", "name": "Unnamed road", "major": true}, "geometry": {"type": "LineString", "coordinates": [[70.7991809, 22.3060441], [70.7986763, 22.3064928], [70.7984938, 22.3066577]]}}, {"type": "Feature", "properties": {"road_type": "tertiary", "name": "Unnamed road", "major": false}, "geometry": {"type": "LineString", "coordinates": [[70.7622886, 22.2662326], [70.7623464, 22.2660271], [70.7623869, 22.2658869], [70.7624321, 22.2657472]]}}, {"type": "Feature", "properties": {"road_type": "tertiary", "name": "Unnamed road", "major": false}, "geometry": {"type": "LineString", "coordinates": [[70.7623553, 22.2657562], [70.7623146, 22.2658895], [70.7622346, 22.2661318], [70.7622068, 22.2662162]]}}, {"type": "Feature", "properties": {"road_type": "tertiary", "name": "Unnamed road", "major": false}, "geometry": {"type": "LineString", "coordinates": [[70.7623024, 22.2656749], [70.7623036, 22.2657006], [70.7623139, 22.2657245], [70.7623321, 22.2657439], [70.7623553, 22.2657562], [70.7623815, 22.2657611], [70.7624081, 22.265758], [70.7624321, 22.2657472], [70.7624512, 22.2657298], [70.7624633, 22.2657078], [70.7624672, 22.2656833], [70.7624624, 22.2656589], [70.7624495, 22.2656373], [70.7624298, 22.2656205], [70.7624043, 22.2656103], [70.7623766, 22.2656084], [70.7623553, 22.2656137], [70.7623269, 22.2656296], [70.7623105, 22.2656503], [70.7623024, 22.2656749]]}}, {"type": "Feature", "properties": {"road_type": "tertiary", "name": "Unnamed road", "major": false}, "geometry": {"type": "LineString", "coordinates": [[70.7623451, 22.2653619], [70.7623346, 22.2654828], [70.7623553, 22.2656137]]}}, {"type": "Feature", "properties": {"road_type": "tertiary", "name": "Unnamed road", "major": false}, "geometry": {"type": "LineString", "coordinates": [[70.7624298, 22.2656205], [70.7623986, 22.2654768], [70.7623451, 22.2653619]]}}, {"type": "Feature", "properties": {"road_type": "tertiary", "name": "Unnamed road", "major": false}, "geometry": {"type": "LineString", "coordinates": [[70.7623451, 22.2653619], [70.7623751, 22.2651621], [70.7623865, 22.265114], [70.7624367, 22.2649014]]}}, {"type": "Feature", "properties": {"road_type": "tertiary", "name": "Unnamed road", "major": false}, "geometry": {"type": "LineString", "coordinates": [[70.7548068, 22.2584537], [70.754683, 22.258397]]}}, {"type": "Feature", "properties": {"road_type": "tertiary", "name": "Unnamed road", "major": false}, "geometry": {"type": "LineString", "coordinates": [[70.7547736, 22.2585183], [70.7559143, 22.2594318]]}}, {"type": "Feature", "properties": {"road_type": "tertiary", "name": "Unnamed road", "major": false}, "geometry": {"type": "LineString", "coordinates": [[70.7559143, 22.2594318], [70.7567001, 22.2601982], [70.7571501, 22.2605244], [70.757588, 22.2608448], [70.7577828, 22.2609878], [70.7580798, 22.2612059], [70.7590295, 22.2618985], [70.7593583, 22.2621744], [70.7596147, 22.2624521], [70.7600916, 22.2630693], [70.7605527, 22.2636283]]}}, {"type": "Feature", "properties": {"road_type": "tertiary", "name": "Unnamed road", "major": false}, "geometry": {"type": "LineString", "coordinates": [[70.7605527, 22.2636283], [70.7606355, 22.2637169], [70.7614006, 22.2644599], [70.7617184, 22.2647253]]}}, {"type": "Feature", "properties": {"road_type": "tertiary", "name": "Unnamed road", "major": false}, "geometry": {"type": "LineString", "coordinates": [[70.7623451, 22.2653619], [70.7622045, 22.2652492], [70.7621179, 22.2651684], [70.761982, 22.2649845], [70.7617184, 22.2647253]]}}, {"type": "Feature", "properties": {"road_type": "tertiary", "name": "Unnamed road", "major": false}, "geometry": {"type": "LineString", "coordinates": [[70.754683, 22.258397], [70.7547736, 22.2585183]]}}, {"type": "Feature", "properties": {"road_type": "tertiary", "name": "Unnamed road", "major": false}, "geometry": {"type": "LineString", "coordinates": [[70.763255, 22.3332398], [70.7633269, 22.3332399], [70.7634225, 22.3332279], [70.7638639, 22.3330194], [70.7653237, 22.3320764]]}}, {"type": "Feature", "properties": {"road_type": "tertiary", "name": "Unnamed road", "major": false}, "geometry": {"type": "LineString", "coordinates": [[70.7653237, 22.3320764], [70.7660609, 22.3315948], [70.7665026, 22.3313064]]}}, {"type": "Feature", "properties": {"road_type": "tertiary", "name": "Unnamed road", "major": false}, "geometry": {"type": "LineString", "coordinates": [[70.7665026, 22.3313064], [70.7676149, 22.3305726], [70.7682114, 22.3301736]]}}, {"type": "Feature", "properties": {"road_type": "tertiary", "name": "Unnamed road", "major": false}, "geometry": {"type": "LineString", "coordinates": [[70.7682114, 22.3301736], [70.7693654, 22.329395], [70.7695323, 22.3292824]]}}, {"type": "Feature", "properties": {"road_type": "tertiary", "name": "Unnamed road", "major": false}, "geometry": {"type": "LineString", "coordinates": [[70.7695323, 22.3292824], [70.7696389, 22.3292126], [70.7697646, 22.329127], [70.7712882, 22.3280892], [70.772758, 22.3270881], [70.7727813, 22.3269672]]}}, {"type": "Feature", "properties": {"road_type": "tertiary", "name": "Unnamed road", "major": false}, "geometry": {"type": "LineString", "coordinates": [[70.7726612, 22.3268142], [70.7711381, 22.327822], [70.7704808, 22.3282763], [70.7694716, 22.3289738], [70.7693567, 22.3290504], [70.7688583, 22.3293693], [70.7674546, 22.3303085], [70.7663024, 22.3310698], [70.7659126, 22.3313316], [70.7653402, 22.3317159], [70.7647148, 22.3321324], [70.763628, 22.3328478], [70.7632699, 22.3330408], [70.7632305, 22.3331045], [70.7632181, 22.3331467]]}}, {"type": "Feature", "properties": {"road_type": "tertiary", "name": "Unnamed road", "major": false}, "geometry": {"type": "LineString", "coordinates": [[70.7659692, 22.3313955], [70.7659126, 22.3313316]]}}, {"type": "Feature", "properties": {"road_type": "tertiary", "name": "Unnamed road", "major": false}, "geometry": {"type": "LineString", "coordinates": [[70.7660599, 22.3315223], [70.7659692, 22.3313955]]}}, {"type": "Feature", "properties": {"road_type": "primary", "name": "Unnamed road", "major": true}, "geometry": {"type": "LineString", "coordinates": [[70.7799945, 22.3220927], [70.7789895, 22.3227399], [70.7788933, 22.3228018], [70.7787061, 22.3229236], [70.777595, 22.3236462], [70.7772565, 22.3238609], [70.7754366, 22.3250546], [70.7750497, 22.3253161], [70.7747251, 22.3255356], [70.7746707, 22.3255724], [70.7741813, 22.3259072], [70.7741141, 22.3259526], [70.772701, 22.3268673]]}}, {"type": "Feature", "properties": {"road_type": "primary", "name": "Jamnagar -Rajkot highway Flyover", "major": true}, "geometry": {"type": "LineString", "coordinates": [[70.763255, 22.3332398], [70.7633852, 22.3331757], [70.7634946, 22.3331159]]}}, {"type": "Feature", "properties": {"road_type": "primary", "name": "Jamnagar -Rajkot highway Flyover", "major": true}, "geometry": {"type": "LineString", "coordinates": [[70.772391, 22.3270799], [70.7705434, 22.3283472], [70.7695717, 22.3290041], [70.7686965, 22.329587], [70.7677191, 22.3302474], [70.7667475, 22.3309032], [70.7663972, 22.3311314], [70.765979, 22.3314138], [70.7647568, 22.3322083], [70.7639289, 22.3327629], [70.7636456, 22.3329223], [70.7634319, 22.3330345]]}}, {"type": "Feature", "properties": {"road_type": "tertiary", "name": "Unnamed road", "major": false}, "geometry": {"type": "LineString", "coordinates": [[70.7742211, 22.2835927], [70.7747636, 22.2829421], [70.7748545, 22.282807], [70.7751623, 22.2822043], [70.7755029, 22.2814907], [70.7759458, 22.2805764]]}}, {"type": "Feature", "properties": {"road_type": "trunk", "name": "150 Foot Ring Road", "major": true}, "geometry": {"type": "LineString", "coordinates": [[70.7740711, 22.2836278], [70.7741389, 22.2835415], [70.774592, 22.2829651], [70.774909, 22.2824238], [70.7750707, 22.2821419], [70.7752284, 22.2818501], [70.7755553, 22.2811907], [70.7758302, 22.2806195]]}}, {"type": "Feature", "properties": {"road_type": "trunk", "name": "150 Foot Ring Road", "major": true}, "geometry": {"type": "LineString", "coordinates": [[70.7757192, 22.2805523], [70.7754149, 22.2811109], [70.7750882, 22.2817732], [70.7745101, 22.2828154], [70.7742228, 22.2831979], [70.7739392, 22.2835754]]}}, {"type": "Feature", "properties": {"road_type": "trunk", "name": "Unnamed road", "major": true}, "geometry": {"type": "LineString", "coordinates": [[70.7759458, 22.2805764], [70.7759688, 22.2805429], [70.7759798, 22.2805046], [70.7759775, 22.2804649], [70.77596, 22.2804242], [70.7759473, 22.2804107], [70.7759287, 22.2803912], [70.7758873, 22.28037], [70.7758405, 22.2803628], [70.7757939, 22.2803706], [70.7757528, 22.2803925], [70.775722, 22.2804258], [70.7757052, 22.2804668], [70.7757042, 22.2805107], [70.7757192, 22.2805523], [70.7757484, 22.2805868], [70.7757885, 22.2806102], [70.7758302, 22.2806195], [70.775873, 22.2806166], [70.7759128, 22.2806018], [70.7759458, 22.2805764]]}}, {"type": "Feature", "properties": {"road_type": "tertiary", "name": "Unnamed road", "major": false}, "geometry": {"type": "LineString", "coordinates": [[70.7757042, 22.2805107], [70.7753462, 22.2810719], [70.775021, 22.2817363], [70.7748501, 22.2820889], [70.7744777, 22.2827158], [70.774341, 22.2829266], [70.7741545, 22.2831711]]}}, {"type": "Feature", "properties": {"road_type": "trunk", "name": "150 Foot Ring Road", "major": true}, "geometry": {"type": "LineString", "coordinates": [[70.7759473, 22.2804107], [70.7763363, 22.2795842], [70.7767596, 22.2786781]]}}, {"type": "Feature", "properties": {"road_type": "trunk", "name": "150 Foot Ring Road", "major": true}, "geometry": {"type": "LineString", "coordinates": [[70.7765078, 22.2788579], [70.7761948, 22.2795495], [70.7758405, 22.2803628]]}}, {"type": "Feature", "properties": {"road_type": "trunk", "name": "Unnamed road", "major": true}, "geometry": {"type": "LineString", "coordinates": [[70.7793164, 22.2731325], [70.7797295, 22.2723216], [70.7801983, 22.2713311], [70.7802363, 22.2712507]]}}, {"type": "Feature", "properties": {"road_type": "trunk", "name": "Unnamed road", "major": true}, "geometry": {"type": "LineString", "coordinates": [[70.7800991, 22.2712108], [70.7797447, 22.2719215], [70.7795215, 22.2723778], [70.7794009, 22.2726208]]}}, {"type": "Feature", "properties": {"road_type": "secondary", "name": "Unnamed road", "major": true}, "geometry": {"type": "LineString", "coordinates": [[70.7842816, 22.2798494], [70.7842697, 22.2798621], [70.7842629, 22.2798778], [70.7842618, 22.2798946], [70.7842668, 22.2799109], [70.7842734, 22.2799198], [70.7842771, 22.2799248], [70.7842919, 22.279935], [70.7843096, 22.2799402], [70.7843281, 22.2799397], [70.7843455, 22.2799337], [70.7843597, 22.2799227], [70.7843693, 22.279908], [70.7843731, 22.2798912], [70.7843708, 22.2798742], [70.7843626, 22.2798588], [70.7843497, 22.2798469], [70.7843333, 22.2798395], [70.7843152, 22.2798374], [70.7842973, 22.2798408], [70.7842816, 22.2798494]]}}, {"type": "Feature", "properties": {"road_type": "secondary", "name": "Unnamed road", "major": true}, "geometry": {"type": "LineString", "coordinates": [[70.7842734, 22.2799198], [70.7841522, 22.2800649]]}}, {"type": "Feature", "properties": {"road_type": "secondary", "name": "Unnamed road", "major": true}, "geometry": {"type": "LineString", "coordinates": [[70.7841522, 22.2800649], [70.7841253, 22.2801022], [70.7841193, 22.2801474]]}}, {"type": "Feature", "properties": {"road_type": "secondary", "name": "Unnamed road", "major": true}, "geometry": {"type": "LineString", "coordinates": [[70.7841193, 22.2801474], [70.7841675, 22.2801324], [70.7843096, 22.2799402]]}}, {"type": "Feature", "properties": {"road_type": "secondary", "name": "Unnamed road", "major": true}, "geometry": {"type": "LineString", "coordinates": [[70.7845197, 22.2796007], [70.7844476, 22.2796367], [70.7843152, 22.2798374]]}}, {"type": "Feature", "properties": {"road_type": "secondary", "name": "Unnamed road", "major": true}, "geometry": {"type": "LineString", "coordinates": [[70.7843626, 22.2798588], [70.7845091, 22.2796686], [70.7845197, 22.2796007]]}}, {"type": "Feature", "properties": {"road_type": "tertiary", "name": "Unnamed road", "major": false}, "geometry": {"type": "LineString", "coordinates": [[70.7905916, 22.2850311], [70.7912582, 22.2854541], [70.791448, 22.2855745]]}}, {"type": "Feature", "properties": {"road_type": "tertiary", "name": "Unnamed road", "major": false}, "geometry": {"type": "LineString", "coordinates": [[70.7900828, 22.2846691], [70.7905916, 22.2850311]]}}, {"type": "Feature", "properties": {"road_type": "tertiary", "name": "Unnamed road", "major": false}, "geometry": {"type": "LineString", "coordinates": [[70.7915112, 22.2854945], [70.7912873, 22.2853469], [70.7906598, 22.2849334]]}}, {"type": "Feature", "properties": {"road_type": "tertiary", "name": "Unnamed road", "major": false}, "geometry": {"type": "LineString", "coordinates": [[70.7906598, 22.2849334], [70.7901574, 22.2845892]]}}, {"type": "Feature", "properties": {"road_type": "tertiary", "name": "Unnamed road", "major": false}, "geometry": {"type": "LineString", "coordinates": [[70.7915477, 22.2854839], [70.7915112, 22.2854945], [70.7914804, 22.2855155], [70.7914586, 22.2855445], [70.791448, 22.2855745], [70.7914499, 22.2856139], [70.7914639, 22.2856467], [70.7914892, 22.285674], [70.7915228, 22.2856922], [70.7915609, 22.2856991], [70.7915993, 22.2856942], [70.7916339, 22.2856778], [70.7916608, 22.2856519], [70.791677, 22.2856192], [70.7916808, 22.2855834], [70.7916719, 22.285549], [70.7916516, 22.2855191], [70.7916218, 22.2854969], [70.7915859, 22.2854847], [70.7915477, 22.2854839]]}}, {"type": "Feature", "properties": {"road_type": "tertiary", "name": "Unnamed road", "major": false}, "geometry": {"type": "LineString", "coordinates": [[70.7914892, 22.285674], [70.791391, 22.2858075], [70.7914101, 22.28585], [70.7914322, 22.2858991]]}}, {"type": "Feature", "properties": {"road_type": "tertiary", "name": "Unnamed road", "major": false}, "geometry": {"type": "LineString", "coordinates": [[70.7914322, 22.2858991], [70.7914689, 22.2858526], [70.7915993, 22.2856942]]}}, {"type": "Feature", "properties": {"road_type": "tertiary", "name": "Unnamed road", "major": false}, "geometry": {"type": "LineString", "coordinates": [[70.7925167, 22.2844193], [70.7924297, 22.2844372], [70.7917673, 22.2853061], [70.7916218, 22.2854969]]}}, {"type": "Feature", "properties": {"road_type": "tertiary", "name": "Unnamed road", "major": false}, "geometry": {"type": "LineString", "coordinates": [[70.7916808, 22.2855834], [70.7920364, 22.2851564], [70.7923901, 22.284643], [70.7925037, 22.2844845], [70.7925167, 22.2844193]]}}, {"type": "Feature", "properties": {"road_type": "tertiary", "name": "Unnamed road", "major": false}, "geometry": {"type": "LineString", "coordinates": [[70.7470808, 22.2860038], [70.7469436, 22.2860059], [70.7468088, 22.2860601]]}}, {"type": "Feature", "properties": {"road_type": "tertiary", "name": "Unnamed road", "major": false}, "geometry": {"type": "LineString", "coordinates": [[70.7921579, 22.286393], [70.7919854, 22.286293], [70.7917333, 22.2861584], [70.7914306, 22.2859458]]}}, {"type": "Feature", "properties": {"road_type": "tertiary", "name": "Unnamed road", "major": false}, "geometry": {"type": "LineString", "coordinates": [[70.7914322, 22.2858991], [70.7914306, 22.2859458]]}}, {"type": "Feature", "properties": {"road_type": "secondary", "name": "Unnamed road", "major": true}, "geometry": {"type": "LineString", "coordinates": [[70.7920274, 22.2866751], [70.792049, 22.2866507], [70.7922262, 22.2864165], [70.7922239, 22.2863531]]}}, {"type": "Feature", "properties": {"road_type": "tertiary", "name": "Unnamed road", "major": false}, "geometry": {"type": "LineString", "coordinates": [[70.7944183, 22.2988925], [70.7944164, 22.2988527], [70.7943378, 22.2987018]]}}, {"type": "Feature", "properties": {"road_type": "tertiary", "name": "Unnamed road", "major": false}, "geometry": {"type": "LineString", "coordinates": [[70.7942936, 22.2986691], [70.7943053, 22.2985598]]}}, {"type": "Feature", "properties": {"road_type": "tertiary", "name": "Raiya Road", "major": false}, "geometry": {"type": "LineString", "coordinates": [[70.7939679, 22.2985529], [70.7934575, 22.298527], [70.792899, 22.2984757], [70.7928059, 22.2984671], [70.7920556, 22.2984204]]}}, {"type": "Feature", "properties": {"road_type": "tertiary", "name": "Unnamed road", "major": false}, "geometry": {"type": "LineString", "coordinates": [[70.7942936, 22.2986691], [70.7942905, 22.2987334], [70.7943729, 22.2988761], [70.7944183, 22.2988925]]}}, {"type": "Feature", "properties": {"road_type": "tertiary", "name": "Unnamed road", "major": false}, "geometry": {"type": "LineString", "coordinates": [[70.7943378, 22.2987018], [70.7942936, 22.2986691]]}}, {"type": "Feature", "properties": {"road_type": "tertiary", "name": "Raiya Road", "major": false}, "geometry": {"type": "LineString", "coordinates": [[70.7939679, 22.2985529], [70.7940045, 22.298581], [70.7942002, 22.2985924], [70.7942503, 22.2985653], [70.7942098, 22.2985423], [70.7940188, 22.2985291], [70.7939679, 22.2985529]]}}, {"type": "Feature", "properties": {"road_type": "tertiary", "name": "Unnamed road", "major": false}, "geometry": {"type": "LineString", "coordinates": [[70.7920556, 22.2984204], [70.7919559, 22.2983772], [70.7916443, 22.2983359]]}}, {"type": "Feature", "properties": {"road_type": "tertiary", "name": "Raiya Road", "major": false}, "geometry": {"type": "LineString", "coordinates": [[70.7916366, 22.2984225], [70.7919568, 22.2984471], [70.7920556, 22.2984204]]}}, {"type": "Feature", "properties": {"road_type": "tertiary", "name": "Unnamed road", "major": false}, "geometry": {"type": "LineString", "coordinates": [[70.7813959, 22.2604313], [70.7814047, 22.2604555], [70.7814515, 22.2605551], [70.7815267, 22.2607198], [70.7818023, 22.261361], [70.7818284, 22.2614215], [70.781967, 22.2617549], [70.7820601, 22.2619476], [70.7821601, 22.2621436], [70.7822405, 22.2622837], [70.7823189, 22.2623875], [70.7826293, 22.2627128], [70.7828585, 22.262944], [70.7829466, 22.263039], [70.7832416, 22.2633438], [70.7835705, 22.26369], [70.7838499, 22.2640116], [70.7841032, 22.2643154], [70.7841779, 22.2644071], [70.7843305, 22.2645942], [70.7843703, 22.264646], [70.7844896, 22.2647978]]}}, {"type": "Feature", "properties": {"road_type": "tertiary", "name": "Unnamed road", "major": false}, "geometry": {"type": "LineString", "coordinates": [[70.7845439, 22.2647522], [70.784161, 22.2642677], [70.7839066, 22.2639567], [70.7836226, 22.2636418], [70.7833987, 22.2633977], [70.7833356, 22.2633234], [70.7830486, 22.2630285], [70.782533, 22.2624886], [70.7824953, 22.2624504], [70.7823862, 22.2623351], [70.7823187, 22.262255], [70.7822737, 22.2621893], [70.7822441, 22.2621413], [70.7818937, 22.2613553], [70.7817891, 22.2611242], [70.78161, 22.2606801], [70.7815455, 22.2605205], [70.7814796, 22.260376]]}}, {"type": "Feature", "properties": {"road_type": "tertiary", "name": "Unnamed road", "major": false}, "geometry": {"type": "LineString", "coordinates": [[70.7813567, 22.2602384], [70.7813255, 22.2602512], [70.7813003, 22.2602726], [70.7812832, 22.2603015], [70.7812774, 22.260334], [70.7812835, 22.2603664], [70.7813008, 22.2603952], [70.7813274, 22.260417], [70.7813604, 22.2604295], [70.7813959, 22.2604313], [70.7814301, 22.2604221], [70.781459, 22.2604029], [70.7814796, 22.260376], [70.7814893, 22.2603444], [70.7814876, 22.2603128], [70.7814751, 22.2602833], [70.7814532, 22.2602591], [70.781424, 22.2602425], [70.7813907, 22.2602354], [70.7813567, 22.2602384]]}}, {"type": "Feature", "properties": {"road_type": "tertiary", "name": "Unnamed road", "major": false}, "geometry": {"type": "LineString", "coordinates": [[70.7813567, 22.2602384], [70.7813513, 22.260197], [70.7813221, 22.2601533], [70.7812807, 22.2601271], [70.7812091, 22.2601022]]}}, {"type": "Feature", "properties": {"road_type": "tertiary", "name": "Unnamed road", "major": false}, "geometry": {"type": "LineString", "coordinates": [[70.7812091, 22.2601022], [70.7812309, 22.2601379], [70.7812615, 22.2602033], [70.7813003, 22.2602726]]}}, {"type": "Feature", "properties": {"road_type": "tertiary", "name": "Unnamed road", "major": false}, "geometry": {"type": "LineString", "coordinates": [[70.7814532, 22.2602591], [70.7815665, 22.2600409]]}}, {"type": "Feature", "properties": {"road_type": "tertiary", "name": "Raiya Road", "major": false}, "geometry": {"type": "LineString", "coordinates": [[70.7961373, 22.2964304], [70.7962358, 22.2963486], [70.7962384, 22.296331], [70.7962187, 22.2962607]]}}, {"type": "Feature", "properties": {"road_type": "tertiary", "name": "Unnamed road", "major": false}, "geometry": {"type": "LineString", "coordinates": [[70.7962187, 22.2962607], [70.7961807, 22.2963306], [70.7960988, 22.2964098]]}}, {"type": "Feature", "properties": {"road_type": "tertiary", "name": "Unnamed road", "major": false}, "geometry": {"type": "LineString", "coordinates": [[70.7597821, 22.2876529], [70.7598277, 22.2873773]]}}, {"type": "Feature", "properties": {"road_type": "tertiary", "name": "University Road", "major": false}, "geometry": {"type": "LineString", "coordinates": [[70.7597821, 22.2876529], [70.7597157, 22.2876372], [70.759601, 22.2876044], [70.7594838, 22.2875708]]}}, {"type": "Feature", "properties": {"road_type": "tertiary", "name": "Unnamed road", "major": false}, "geometry": {"type": "LineString", "coordinates": [[70.7597668, 22.2877486], [70.7597821, 22.2876529]]}}, {"type": "Feature", "properties": {"road_type": "secondary", "name": "Unnamed road", "major": true}, "geometry": {"type": "LineString", "coordinates": [[70.7949104, 22.2828388], [70.7950799, 22.2827883], [70.795121, 22.282752]]}}, {"type": "Feature", "properties": {"road_type": "secondary", "name": "Unnamed road", "major": true}, "geometry": {"type": "LineString", "coordinates": [[70.795121, 22.282752], [70.7950566, 22.2827384], [70.7948758, 22.2828129]]}}, {"type": "Feature", "properties": {"road_type": "tertiary", "name": "Unnamed road", "major": false}, "geometry": {"type": "LineString", "coordinates": [[70.7947707, 22.282821], [70.7946526, 22.282732], [70.7945818, 22.2827177]]}}, {"type": "Feature", "properties": {"road_type": "tertiary", "name": "Unnamed road", "major": false}, "geometry": {"type": "LineString", "coordinates": [[70.7945818, 22.2827177], [70.7946115, 22.2827858], [70.7947363, 22.2828611]]}}, {"type": "Feature", "properties": {"road_type": "secondary", "name": "Unnamed road", "major": true}, "geometry": {"type": "LineString", "coordinates": [[70.7947701, 22.2829735], [70.7946924, 22.2830711], [70.7946828, 22.2831505]]}}, {"type": "Feature", "properties": {"road_type": "secondary", "name": "Unnamed road", "major": true}, "geometry": {"type": "LineString", "coordinates": [[70.7946828, 22.2831505], [70.7947512, 22.2831029], [70.7948242, 22.2829916]]}}, {"type": "Feature", "properties": {"road_type": "secondary", "name": "Unnamed road", "major": true}, "geometry": {"type": "LineString", "coordinates": [[70.7878895, 22.2913249], [70.7877783, 22.2912494], [70.7877249, 22.291243]]}}, {"type": "Feature", "properties": {"road_type": "secondary", "name": "Unnamed road", "major": true}, "geometry": {"type": "LineString", "coordinates": [[70.7877249, 22.291243], [70.7877442, 22.2912976], [70.7878636, 22.291363]]}}, {"type": "Feature", "properties": {"road_type": "secondary", "name": "Unnamed road", "major": true}, "geometry": {"type": "LineString", "coordinates": [[70.7878018, 22.2916655], [70.7878687, 22.2916422], [70.7879588, 22.2915371]]}}, {"type": "Feature", "properties": {"road_type": "secondary", "name": "Unnamed road", "major": true}, "geometry": {"type": "LineString", "coordinates": [[70.787895, 22.2915038], [70.7878158, 22.2916084], [70.7878018, 22.2916655]]}}, {"type": "Feature", "properties": {"road_type": "tertiary", "name": "Unnamed road", "major": false}, "geometry": {"type": "LineString", "coordinates": [[70.7821301, 22.2716228], [70.7817847, 22.2715227], [70.7816308, 22.2714781], [70.7814193, 22.2714275]]}}, {"type": "Feature", "properties": {"road_type": "trunk", "name": "Raiya Telephone Exchage Circle", "major": true}, "geometry": {"type": "LineString", "coordinates": [[70.7697374, 22.2940491], [70.7696961, 22.2940901], [70.7696783, 22.2941436]]}}, {"type": "Feature", "properties": {"road_type": "secondary", "name": "Unnamed road", "major": true}, "geometry": {"type": "LineString", "coordinates": [[70.8674405, 22.2291502], [70.8659686, 22.2281488], [70.8646959, 22.2272678], [70.8626263, 22.2258807], [70.859662, 22.223853], [70.8566041, 22.2217743], [70.8548789, 22.2205856], [70.8537435, 22.2198445]]}}, {"type": "Feature", "properties": {"road_type": "secondary", "name": "Unnamed road", "major": true}, "geometry": {"type": "LineString", "coordinates": [[70.8679959, 22.2295281], [70.8684601, 22.229844], [70.8702834, 22.2310919], [70.8711864, 22.2317189], [70.8714572, 22.2318886], [70.8722431, 22.232427], [70.8735939, 22.2333381], [70.8737545, 22.2334526]]}}, {"type": "Feature", "properties": {"road_type": "secondary", "name": "Unnamed road", "major": true}, "geometry": {"type": "LineString", "coordinates": [[70.8674405, 22.2291502], [70.8679959, 22.2295281]]}}, {"type": "Feature", "properties": {"road_type": "secondary", "name": "Unnamed road", "major": true}, "geometry": {"type": "LineString", "coordinates": [[70.8770262, 22.236174], [70.8779155, 22.237136], [70.878133, 22.2373491], [70.8784299, 22.2376702], [70.8791213, 22.2383599], [70.880344, 22.2395991], [70.8811725, 22.2404534], [70.8827089, 22.2420216], [70.882929, 22.2422404]]}}, {"type": "Feature", "properties": {"road_type": "secondary", "name": "Unnamed road", "major": true}, "geometry": {"type": "LineString", "coordinates": [[70.8737545, 22.2334526], [70.8743321, 22.2338639]]}}, {"type": "Feature", "properties": {"road_type": "secondary", "name": "Unnamed road", "major": true}, "geometry": {"type": "LineString", "coordinates": [[70.8833618, 22.2426708], [70.8840147, 22.2433199], [70.8850879, 22.2444437], [70.8853534, 22.244717], [70.8856114, 22.2449768]]}}, {"type": "Feature", "properties": {"road_type": "secondary", "name": "Unnamed road", "major": true}, "geometry": {"type": "LineString", "coordinates": [[70.882929, 22.2422404], [70.8833618, 22.2426708]]}}, {"type": "Feature", "properties": {"road_type": "secondary", "name": "Unnamed road", "major": true}, "geometry": {"type": "LineString", "coordinates": [[70.8862405, 22.2457283], [70.8860513, 22.2452628], [70.8859943, 22.2451917], [70.8856114, 22.2449768]]}}, {"type": "Feature", "properties": {"road_type": "secondary", "name": "Unnamed road", "major": true}, "geometry": {"type": "LineString", "coordinates": [[70.8856114, 22.2449768], [70.8857535, 22.2453167], [70.8858117, 22.2453879], [70.8862405, 22.2457283]]}}, {"type": "Feature", "properties": {"road_type": "secondary", "name": "Unnamed road", "major": true}, "geometry": {"type": "LineString", "coordinates": [[70.8975212, 22.2960256], [70.8975381, 22.2939956], [70.8975764, 22.2895224], [70.8976312, 22.2860877], [70.8976525, 22.2827151], [70.8977004, 22.2803219], [70.8977129, 22.2790728], [70.8977405, 22.2752208], [70.8977439, 22.2717536], [70.8977494, 22.2712108], [70.8977886, 22.2692603], [70.8978057, 22.2676011], [70.8978205, 22.2663111], [70.8978284, 22.2649893], [70.8978294, 22.2641921], [70.8978409, 22.2638678], [70.8978894, 22.2621774], [70.8978772, 22.2616761], [70.8978171, 22.2612286], [70.8976493, 22.2606634], [70.897397, 22.2601761], [70.8966751, 22.2592271], [70.8961171, 22.2585369], [70.8951898, 22.2573227], [70.89394, 22.2557183], [70.8934719, 22.2550686], [70.8932175, 22.2547692], [70.8928472, 22.2543118], [70.8926717, 22.2540909], [70.8922703, 22.2535562], [70.8907393, 22.2515383], [70.8895202, 22.249953], [70.8890891, 22.2493924], [70.8885369, 22.2486743], [70.8864599, 22.2459862], [70.8862405, 22.2457283]]}}, {"type": "Feature", "properties": {"road_type": "secondary", "name": "Unnamed road", "major": true}, "geometry": {"type": "LineString", "coordinates": [[70.897509, 22.2973796], [70.8975212, 22.2960256]]}}, {"type": "Feature", "properties": {"road_type": "secondary", "name": "Unnamed road", "major": true}, "geometry": {"type": "LineString", "coordinates": [[70.8966082, 22.3039725], [70.8973644, 22.3016884], [70.8974721, 22.3012611], [70.8974995, 22.2984102], [70.897509, 22.2973796]]}}, {"type": "Feature", "properties": {"road_type": "secondary", "name": "Unnamed road", "major": true}, "geometry": {"type": "LineString", "coordinates": [[70.8962664, 22.3050052], [70.8966082, 22.3039725]]}}, {"type": "Feature", "properties": {"road_type": "secondary", "name": "Unnamed road", "major": true}, "geometry": {"type": "LineString", "coordinates": [[70.8913232, 22.3200963], [70.8914771, 22.3196097], [70.8916094, 22.3192107], [70.8926441, 22.3161096], [70.8936213, 22.3130754], [70.8938151, 22.3125321], [70.8949864, 22.3089095], [70.896116, 22.3054593], [70.8962664, 22.3050052]]}}, {"type": "Feature", "properties": {"road_type": "secondary", "name": "Unnamed road", "major": true}, "geometry": {"type": "LineString", "coordinates": [[70.887036, 22.3331249], [70.8878982, 22.3307135], [70.8882582, 22.3294468], [70.8888853, 22.327374], [70.8894357, 22.3258475], [70.8903447, 22.3231153], [70.890913, 22.3213936], [70.8911097, 22.3207716]]}}, {"type": "Feature", "properties": {"road_type": "secondary", "name": "Unnamed road", "major": true}, "geometry": {"type": "LineString", "coordinates": [[70.8911097, 22.3207716], [70.8913232, 22.3200963]]}}, {"type": "Feature", "properties": {"road_type": "secondary", "name": "Unnamed road", "major": true}, "geometry": {"type": "LineString", "coordinates": [[70.8743321, 22.2338639], [70.8744569, 22.2339528], [70.8755868, 22.2348439], [70.8756964, 22.2349303], [70.8760198, 22.2351967]]}}, {"type": "Feature", "properties": {"road_type": "secondary", "name": "Unnamed road", "major": true}, "geometry": {"type": "LineString", "coordinates": [[70.8760198, 22.2351967], [70.8770262, 22.236174]]}}, {"type": "Feature", "properties": {"road_type": "secondary", "name": "2nd Ring Road", "major": true}, "geometry": {"type": "LineString", "coordinates": [[70.7684384, 22.2193131], [70.7684336, 22.2193496], [70.7683312, 22.2202032], [70.7683033, 22.2203007], [70.7679838, 22.2210312], [70.7674947, 22.2220711], [70.7674158, 22.2222293], [70.7672826, 22.2225428], [70.7666718, 22.2238103], [70.7661966, 22.2248298], [70.7646406, 22.2281685], [70.7645749, 22.2283233]]}}, {"type": "Feature", "properties": {"road_type": "tertiary", "name": "Unnamed road", "major": false}, "geometry": {"type": "LineString", "coordinates": [[70.889029, 22.3346129], [70.8890377, 22.3344855], [70.8889438, 22.3343918], [70.8882399, 22.3338077], [70.887542, 22.3333275], [70.8873774, 22.3332522], [70.887036, 22.3331249], [70.8862006, 22.3329276], [70.8852645, 22.3327057], [70.8844949, 22.3325007], [70.8815394, 22.3316634], [70.8813148, 22.3315922], [70.8810673, 22.3315137], [70.8809864, 22.3314881], [70.8805033, 22.3313401], [70.8803421, 22.3312844], [70.8795678, 22.3310234], [70.8785871, 22.3306929], [70.8781363, 22.3305274], [70.8778453, 22.3304205], [70.8774508, 22.3302757], [70.8768109, 22.3300407], [70.8766005, 22.3299634], [70.8763039, 22.3298545], [70.8754774, 22.3295804], [70.8744825, 22.3292825], [70.872241, 22.3286233], [70.8709753, 22.3282584], [70.8708395, 22.3282192], [70.8694985, 22.3278326], [70.8681796, 22.3273169], [70.8668069, 22.3267743], [70.866154, 22.3265398], [70.8655737, 22.3264022], [70.8654315, 22.3263802], [70.8652402, 22.3263507], [70.8645858, 22.3263031], [70.8630263, 22.3263203]]}}, {"type": "Feature", "properties": {"road_type": "tertiary", "name": "Unnamed road", "major": false}, "geometry": {"type": "LineString", "coordinates": [[70.8635726, 22.3266412], [70.8646293, 22.3266468], [70.8652108, 22.326713], [70.8656054, 22.3267746], [70.8660347, 22.3268575], [70.8665627, 22.3270333], [70.8676604, 22.3274542], [70.8683904, 22.3277472], [70.8688763, 22.3279375], [70.8693199, 22.3280886], [70.8698821, 22.3282589], [70.8705224, 22.3284587], [70.8705797, 22.3284766], [70.8706945, 22.3285125], [70.8707762, 22.3285352], [70.8719513, 22.3288867], [70.872471, 22.3290421], [70.8727044, 22.3291119], [70.8750943, 22.3297919], [70.8764975, 22.3302754], [70.8770745, 22.3304625], [70.8774727, 22.3306097], [70.878277, 22.3308992], [70.8790658, 22.33119], [70.879433, 22.3313174], [70.8796651, 22.331398], [70.8805548, 22.3316978], [70.8806636, 22.3317344], [70.8808427, 22.3317948], [70.8809528, 22.3318319], [70.8831206, 22.3324652], [70.8851739, 22.3330078], [70.8865696, 22.3333375], [70.8868397, 22.3334054], [70.8870976, 22.3335008], [70.8873861, 22.333632], [70.887626, 22.3337758], [70.8880962, 22.334119], [70.8887186, 22.334654], [70.8889593, 22.3347277]]}}, {"type": "Feature", "properties": {"road_type": "trunk", "name": "Unnamed road", "major": true}, "geometry": {"type": "LineString", "coordinates": [[70.864333, 22.3265277], [70.8651948, 22.3265891], [70.8656318, 22.3266588], [70.8659147, 22.326714], [70.8662539, 22.32681], [70.8666112, 22.326939], [70.8688612, 22.3278202], [70.869408, 22.3280094], [70.8703012, 22.3282855]]}}, {"type": "Feature", "properties": {"road_type": "trunk", "name": "Unnamed road", "major": true}, "geometry": {"type": "LineString", "coordinates": [[70.8703363, 22.3281783], [70.8694595, 22.3279237], [70.8689842, 22.3277483], [70.8667725, 22.3268812], [70.8660933, 22.3266528], [70.8655307, 22.3265272], [70.8652117, 22.3264885], [70.8643181, 22.3264049]]}}, {"type": "Feature", "properties": {"road_type": "trunk", "name": "Unnamed road", "major": true}, "geometry": {"type": "LineString", "coordinates": [[70.8844291, 22.3327026], [70.8852495, 22.3329366]]}}, {"type": "Feature", "properties": {"road_type": "trunk", "name": "Unnamed road", "major": true}, "geometry": {"type": "LineString", "coordinates": [[70.8852932, 22.3328116], [70.8844772, 22.3325888]]}}, {"type": "Feature", "properties": {"road_type": "tertiary", "name": "Unnamed road", "major": false}, "geometry": {"type": "LineString", "coordinates": [[70.9024544, 22.3398871], [70.9025482, 22.3400597], [70.9029842, 22.3402787], [70.903425, 22.34043], [70.9051603, 22.3409373], [70.9056403, 22.3410584], [70.9060435, 22.3411548], [70.9065534, 22.3411973], [70.9083472, 22.3413634], [70.90968, 22.3415132], [70.9104823, 22.3416688], [70.9108481, 22.3417383], [70.9128703, 22.3421965], [70.9134177, 22.3423403], [70.9208368, 22.3442152], [70.9212792, 22.3443691], [70.9216453, 22.34455], [70.9218429, 22.3446666], [70.923748, 22.3457673], [70.9255304, 22.3467422], [70.9256482, 22.3468079], [70.9260173, 22.3468671]]}}, {"type": "Feature", "properties": {"road_type": "tertiary", "name": "Unnamed road", "major": false}, "geometry": {"type": "LineString", "coordinates": [[70.9256011, 22.346491], [70.9255161, 22.3462948], [70.9216518, 22.3441428], [70.9214482, 22.3440455], [70.9212614, 22.3439732], [70.9210386, 22.3439046], [70.9180606, 22.3431493], [70.9154894, 22.3425096], [70.9132381, 22.3419351], [70.912678, 22.341807], [70.9106161, 22.3413185], [70.909507, 22.3411405], [70.9074493, 22.3409428], [70.9067209, 22.3408764], [70.9056226, 22.3406912], [70.9035133, 22.3400793], [70.9027485, 22.3397539], [70.902514, 22.3397523]]}}, {"type": "Feature", "properties": {"road_type": "trunk", "name": "Rajkot Road", "major": true}, "geometry": {"type": "LineString", "coordinates": [[70.9006615, 22.3389387], [70.9017078, 22.3394915], [70.9024544, 22.3398871], [70.9027519, 22.3400448]]}}, {"type": "Feature", "properties": {"road_type": "trunk", "name": "Unnamed road", "major": true}, "geometry": {"type": "LineString", "coordinates": [[70.9028182, 22.3399061], [70.902514, 22.3397523], [70.9015509, 22.3392654], [70.9007675, 22.338845]]}}, {"type": "Feature", "properties": {"road_type": "trunk", "name": "Jamnagar Bypass - Rajkot", "major": true}, "geometry": {"type": "LineString", "coordinates": [[70.8575477, 22.3351115], [70.8582918, 22.3350202]]}}, {"type": "Feature", "properties": {"road_type": "trunk", "name": "Jamnagar Bypass - Rajkot", "major": true}, "geometry": {"type": "LineString", "coordinates": [[70.8583287, 22.3350445], [70.858372, 22.3350568], [70.8584173, 22.3350557], [70.8584599, 22.3350413], [70.8584954, 22.3350152], [70.85852, 22.33498], [70.8585314, 22.3349394], [70.8585275, 22.3348953], [70.858508, 22.3348549], [70.8584749, 22.3348229], [70.8584322, 22.3348029], [70.8583847, 22.3347974], [70.858338, 22.3348068], [70.8582974, 22.3348302], [70.8582675, 22.3348648], [70.8582524, 22.3349043], [70.8582515, 22.3349462], [70.8582652, 22.3349862], [70.8582918, 22.3350202], [70.8583287, 22.3350445]]}}, {"type": "Feature", "properties": {"road_type": "trunk", "name": "Jamnagar Bypass - Rajkot", "major": true}, "geometry": {"type": "LineString", "coordinates": [[70.8582675, 22.3348648], [70.8580058, 22.334901], [70.8575318, 22.3349611]]}}, {"type": "Feature", "properties": {"road_type": "tertiary", "name": "Unnamed road", "major": false}, "geometry": {"type": "LineString", "coordinates": [[70.8152474, 22.2712369], [70.8153417, 22.2712945], [70.8156436, 22.2713946], [70.8159468, 22.2715134], [70.8162715, 22.2716423], [70.8166304, 22.2717986], [70.8170133, 22.2719571], [70.8173433, 22.2720919], [70.8176569, 22.2722317]]}}, {"type": "Feature", "properties": {"road_type": "tertiary", "name": "Unnamed road", "major": false}, "geometry": {"type": "LineString", "coordinates": [[70.8155118, 22.269961], [70.8155024, 22.2699851], [70.8154947, 22.2700338], [70.8154361, 22.2704044], [70.8152474, 22.2712369]]}}, {"type": "Feature", "properties": {"road_type": "tertiary", "name": "Unnamed road", "major": false}, "geometry": {"type": "LineString", "coordinates": [[70.8154988, 22.2921187], [70.8156594, 22.2921782]]}}, {"type": "Feature", "properties": {"road_type": "tertiary", "name": "Unnamed road", "major": false}, "geometry": {"type": "LineString", "coordinates": [[70.8172144, 22.2923109], [70.8173297, 22.2923735], [70.8174608, 22.2924556]]}}, {"type": "Feature", "properties": {"road_type": "tertiary", "name": "Unnamed road", "major": false}, "geometry": {"type": "LineString", "coordinates": [[70.8159927, 22.3394035], [70.8160013, 22.3396481], [70.8160162, 22.3396785], [70.816065, 22.3396939], [70.8183958, 22.3395271], [70.820483, 22.3393875], [70.8207484, 22.3392823]]}}, {"type": "Feature", "properties": {"road_type": "tertiary", "name": "Unnamed road", "major": false}, "geometry": {"type": "LineString", "coordinates": [[70.8170751, 22.2630924], [70.8171907, 22.2624318], [70.8172639, 22.2620142], [70.8172984, 22.2618273], [70.8173874, 22.2613007], [70.817478, 22.2608024], [70.8175093, 22.2606292], [70.8176404, 22.2599035]]}}, {"type": "Feature", "properties": {"road_type": "tertiary", "name": "Unnamed road", "major": false}, "geometry": {"type": "LineString", "coordinates": [[70.8044081, 22.2774928], [70.8045115, 22.2774093]]}}, {"type": "Feature", "properties": {"road_type": "secondary", "name": "Unnamed road", "major": true}, "geometry": {"type": "LineString", "coordinates": [[70.7998751, 22.2453494], [70.7998513, 22.2452192]]}}, {"type": "Feature", "properties": {"road_type": "secondary", "name": "Unnamed road", "major": true}, "geometry": {"type": "LineString", "coordinates": [[70.7998513, 22.2452192], [70.7999992, 22.2451946]]}}, {"type": "Feature", "properties": {"road_type": "trunk", "name": "Rajkot Bypass Flyover Ramp", "major": true}, "geometry": {"type": "LineString", "coordinates": [[70.7974115, 22.2454902], [70.7987846, 22.2441274], [70.7989379, 22.2440182], [70.7990878, 22.2439838], [70.7992187, 22.2439644], [70.7994145, 22.2439732], [70.7995947, 22.2440123], [70.7997989, 22.2441199], [70.799978, 22.2443586]]}}, {"type": "Feature", "properties": {"road_type": "trunk", "name": "Unnamed road", "major": true}, "geometry": {"type": "LineString", "coordinates": [[70.8010239, 22.2339807], [70.800935, 22.2338303]]}}, {"type": "Feature", "properties": {"road_type": "trunk", "name": "Unnamed road", "major": true}, "geometry": {"type": "LineString", "coordinates": [[70.8002189, 22.2425289], [70.8002399, 22.2421735], [70.8002737, 22.2419289], [70.8003345, 22.2414754], [70.800402, 22.2410157], [70.8004552, 22.2405015], [70.8005088, 22.2399441], [70.8005483, 22.2393998], [70.8005525, 22.2393529], [70.8005807, 22.2390399], [70.8006229, 22.2385134], [70.8007148, 22.2374464], [70.800791, 22.2366945], [70.8008832, 22.2356995], [70.8009555, 22.234866], [70.8009787, 22.2345605], [70.8010239, 22.2339807]]}}, {"type": "Feature", "properties": {"road_type": "trunk", "name": "Unnamed road", "major": true}, "geometry": {"type": "LineString", "coordinates": [[70.8007308, 22.2340222], [70.800599, 22.235183], [70.8005262, 22.2357688], [70.8004781, 22.2362561], [70.8003827, 22.2373273], [70.8003479, 22.2376751], [70.8003007, 22.2381476], [70.8002455, 22.2387249], [70.8001973, 22.2393313], [70.8001362, 22.2401971], [70.7999753, 22.2412043], [70.7999535, 22.241353], [70.7998505, 22.241943]]}}, {"type": "Feature", "properties": {"road_type": "tertiary", "name": "Unnamed road", "major": false}, "geometry": {"type": "LineString", "coordinates": [[70.8157575, 22.3397197], [70.8157342, 22.3394274]]}}, {"type": "Feature", "properties": {"road_type": "tertiary", "name": "Unnamed road", "major": false}, "geometry": {"type": "LineString", "coordinates": [[70.775092, 22.3453553], [70.7749811, 22.3453596], [70.7712204, 22.3455816], [70.7673512, 22.3457682], [70.7668904, 22.3457904], [70.7638221, 22.3459615], [70.7625937, 22.34603], [70.7619993, 22.3460852], [70.7608935, 22.3463985]]}}, {"type": "Feature", "properties": {"road_type": "tertiary", "name": "Unnamed road", "major": false}, "geometry": {"type": "LineString", "coordinates": [[70.7608969, 22.3464753], [70.7620358, 22.3461436], [70.7622085, 22.346119], [70.7629158, 22.3460791], [70.7637568, 22.346039], [70.764141, 22.3460207], [70.7673663, 22.3458424], [70.7681954, 22.3457965], [70.7708585, 22.3456583], [70.7745742, 22.3454618], [70.774959, 22.3454447], [70.7750522, 22.3454466]]}}, {"type": "Feature", "properties": {"road_type": "tertiary", "name": "Unnamed road", "major": false}, "geometry": {"type": "LineString", "coordinates": [[70.7749992, 22.3452898], [70.7749811, 22.3453596], [70.774959, 22.3454447]]}}, {"type": "Feature", "properties": {"road_type": "tertiary", "name": "Unnamed road", "major": false}, "geometry": {"type": "LineString", "coordinates": [[70.7777485, 22.3401014], [70.7769916, 22.3415244], [70.7760585, 22.3432321], [70.7753745, 22.3444544], [70.7750955, 22.3449888], [70.7750524, 22.3451117], [70.7749992, 22.3452898]]}}, {"type": "Feature", "properties": {"road_type": "tertiary", "name": "Unnamed road", "major": false}, "geometry": {"type": "LineString", "coordinates": [[70.7984817, 22.332147], [70.7983679, 22.3322378], [70.7980018, 22.3329066], [70.7975359, 22.3337671], [70.7973278, 22.3341806], [70.7973122, 22.3343228]]}}, {"type": "Feature", "properties": {"road_type": "tertiary", "name": "Unnamed road", "major": false}, "geometry": {"type": "LineString", "coordinates": [[70.7984817, 22.332147], [70.7984485, 22.3322506], [70.7983511, 22.3324515], [70.7980974, 22.3329123], [70.7980327, 22.3330298], [70.7973977, 22.3342043], [70.7973122, 22.3343228]]}}, {"type": "Feature", "properties": {"road_type": "tertiary", "name": "Unnamed road", "major": false}, "geometry": {"type": "LineString", "coordinates": [[70.7322694, 22.3244653], [70.7325503, 22.323893], [70.7331672, 22.3226877], [70.7334727, 22.322021], [70.7335448, 22.3218744], [70.7336284, 22.3217117], [70.7337408, 22.3215224], [70.7338677, 22.3213917], [70.7340089, 22.321269], [70.7344096, 22.3210397], [70.73444, 22.3210273], [70.7346338, 22.3209486], [70.7348363, 22.3208664], [70.7353321, 22.3206504], [70.7357587, 22.320461], [70.7365226, 22.320133], [70.7369032, 22.319925], [70.7374163, 22.3196423], [70.737915, 22.3193277], [70.7383266, 22.319112], [70.7384267, 22.319059], [70.7387712, 22.3188743], [70.7395062, 22.3185303], [70.7400972, 22.3182583], [70.7405728, 22.3180263], [70.7409015, 22.3178849], [70.7411955, 22.3177889], [70.7417576, 22.3176263], [70.7421388, 22.3175167], [70.7431122, 22.3172367], [70.7431759, 22.3172184], [70.7432983, 22.317189], [70.7434943, 22.317142], [70.7458546, 22.3167841]]}}, {"type": "Feature", "properties": {"road_type": "tertiary", "name": "Unnamed road", "major": false}, "geometry": {"type": "LineString", "coordinates": [[70.7432762, 22.3170128], [70.7430891, 22.3170584], [70.7428581, 22.3171093], [70.7417311, 22.3174233], [70.7407958, 22.3177388], [70.7403541, 22.3179385], [70.7396234, 22.3182826], [70.7384802, 22.3188113], [70.7383644, 22.3188771], [70.7382867, 22.3189212], [70.737652, 22.3192815], [70.7369473, 22.3196946], [70.7364893, 22.3199725], [70.7356222, 22.3203391], [70.7347729, 22.3207131], [70.7345919, 22.3207911], [70.7344054, 22.3208729], [70.7340535, 22.3210271], [70.7338733, 22.3211487], [70.7337223, 22.3212824], [70.7336395, 22.3213711], [70.7334511, 22.3216625], [70.7331279, 22.3223129], [70.7328925, 22.3227335], [70.7325547, 22.3234501], [70.732348, 22.323859], [70.7322608, 22.3240314], [70.7321022, 22.3243201]]}}, {"type": "Feature", "properties": {"road_type": "tertiary", "name": "Unnamed road", "major": false}, "geometry": {"type": "LineString", "coordinates": [[70.746119, 22.3167388], [70.7461005, 22.3165806], [70.7460605, 22.316348], [70.7460291, 22.3157823], [70.7459819, 22.3150857], [70.7459721, 22.3149241], [70.7459685, 22.3148646], [70.7459288, 22.3142089], [70.7458796, 22.3134286], [70.7458344, 22.3127119], [70.7458296, 22.3126125], [70.7458177, 22.31237], [70.745797, 22.3119461], [70.745744, 22.3111094], [70.7456968, 22.3103636], [70.7456751, 22.3100179]]}}, {"type": "Feature", "properties": {"road_type": "tertiary", "name": "Unnamed road", "major": false}, "geometry": {"type": "LineString", "coordinates": [[70.7455685, 22.3100202], [70.7455797, 22.3102485], [70.7456381, 22.3112265], [70.7456836, 22.3119596], [70.7456843, 22.3119701], [70.7457122, 22.3123678], [70.7457209, 22.3124929], [70.7457277, 22.3126103], [70.745742, 22.312861], [70.7457463, 22.3129413], [70.7457891, 22.3137428], [70.7458362, 22.3144639], [70.7458584, 22.3148703], [70.7458616, 22.3149291], [70.745872, 22.3151189], [70.7459125, 22.3157408], [70.7459499, 22.3162696], [70.745958, 22.3164348], [70.7459593, 22.3165258], [70.7459629, 22.316599]]}}, {"type": "Feature", "properties": {"road_type": "tertiary", "name": "Unnamed road", "major": false}, "geometry": {"type": "LineString", "coordinates": [[70.7397461, 22.3051414], [70.7390211, 22.3042218], [70.7383096, 22.3033341], [70.7379343, 22.3028729], [70.7378932, 22.3028223], [70.7376963, 22.3025803], [70.7374738, 22.3022977], [70.737444, 22.30226], [70.7366184, 22.301216], [70.7365241, 22.3010612]]}}, {"type": "Feature", "properties": {"road_type": "tertiary", "name": "Unnamed road", "major": false}, "geometry": {"type": "LineString", "coordinates": [[70.7419556, 22.3079514], [70.7418479, 22.3077759], [70.7416955, 22.3075697], [70.7415547, 22.3073964], [70.7412093, 22.3069606], [70.7408738, 22.306551], [70.7403793, 22.3059329], [70.7403021, 22.3058364], [70.7397461, 22.3051414]]}}, {"type": "Feature", "properties": {"road_type": "tertiary", "name": "Unnamed road", "major": false}, "geometry": {"type": "LineString", "coordinates": [[70.7363558, 22.3011616], [70.7364622, 22.3013162], [70.736819, 22.3017662], [70.737397, 22.3025084], [70.737741, 22.3029271], [70.7377824, 22.3029775], [70.7379524, 22.3031844], [70.7382561, 22.3035675], [70.7386994, 22.304149], [70.7391459, 22.3046988], [70.7395259, 22.3051555], [70.7399595, 22.3056949], [70.740155, 22.3059383], [70.7402308, 22.3060326], [70.740359, 22.3061922], [70.7409825, 22.3069839], [70.7414291, 22.3075322], [70.7417035, 22.3078898], [70.7418367, 22.3081377], [70.7419097, 22.3084712], [70.7419617, 22.3089099], [70.7420705, 22.3096385], [70.7420755, 22.3096742], [70.7420848, 22.3097399], [70.7422101, 22.31063], [70.7423401, 22.3115629], [70.7423917, 22.3119857], [70.7424303, 22.3123023], [70.7424667, 22.3125533], [70.7425041, 22.312811], [70.7425447, 22.3130907], [70.74266, 22.3140957], [70.7427639, 22.3146936], [70.7428105, 22.3150026], [70.7428193, 22.3150941], [70.7428711, 22.3154553], [70.7429863, 22.3163401], [70.7430891, 22.3170584]]}}, {"type": "Feature", "properties": {"road_type": "tertiary", "name": "Unnamed road", "major": false}, "geometry": {"type": "LineString", "coordinates": [[70.7432983, 22.317189], [70.7432762, 22.3170128]]}}, {"type": "Feature", "properties": {"road_type": "tertiary", "name": "Unnamed road", "major": false}, "geometry": {"type": "LineString", "coordinates": [[70.7430891, 22.3170584], [70.7431122, 22.3172367]]}}, {"type": "Feature", "properties": {"road_type": "tertiary", "name": "Unnamed road", "major": false}, "geometry": {"type": "LineString", "coordinates": [[70.7428193, 22.3150941], [70.7430131, 22.3150851], [70.7432752, 22.3150622], [70.7438412, 22.3150253], [70.7451348, 22.3149618], [70.7458616, 22.3149291], [70.7459721, 22.3149241], [70.7462945, 22.3149096], [70.7478174, 22.314885]]}}, {"type": "Feature", "properties": {"road_type": "tertiary", "name": "Unnamed road", "major": false}, "geometry": {"type": "LineString", "coordinates": [[70.7478108, 22.3148071], [70.746289, 22.3148481], [70.7459685, 22.3148646], [70.7458584, 22.3148703], [70.7455945, 22.3148839], [70.7442499, 22.3149444], [70.7432209, 22.3149967], [70.7430008, 22.3149947], [70.7428105, 22.3150026]]}}, {"type": "Feature", "properties": {"road_type": "tertiary", "name": "Unnamed road", "major": false}, "geometry": {"type": "LineString", "coordinates": [[70.7384267, 22.319059], [70.7383644, 22.3188771], [70.7383486, 22.3187589]]}}, {"type": "Feature", "properties": {"road_type": "tertiary", "name": "Unnamed road", "major": false}, "geometry": {"type": "LineString", "coordinates": [[70.7383486, 22.3187589], [70.7383456, 22.3185809], [70.7383509, 22.3182357], [70.7383562, 22.3177849], [70.7383645, 22.3174082], [70.7383706, 22.3170742], [70.7383774, 22.3166611], [70.738394, 22.3162558], [70.7384084, 22.3155472], [70.7384144, 22.31529]]}}, {"type": "Feature", "properties": {"road_type": "tertiary", "name": "Unnamed road", "major": false}, "geometry": {"type": "LineString", "coordinates": [[70.7382502, 22.3133108], [70.7382989, 22.3133679], [70.7383411, 22.3134189], [70.7383687, 22.3134925], [70.7383817, 22.3135601], [70.7383915, 22.3137614], [70.738372, 22.3143819], [70.7383639, 22.3149227], [70.7383569, 22.3152267], [70.7383554, 22.3152923], [70.7383509, 22.3154875], [70.7383314, 22.3160539], [70.7383184, 22.3166232], [70.738307, 22.3170468], [70.7382924, 22.3175891], [70.7382859, 22.3180053], [70.7382778, 22.3184755], [70.7382794, 22.3187443], [70.7382867, 22.3189212], [70.7383266, 22.319112]]}}, {"type": "Feature", "properties": {"road_type": "tertiary", "name": "Unnamed road", "major": false}, "geometry": {"type": "LineString", "coordinates": [[70.7386049, 22.3133194], [70.7387195, 22.3132999], [70.7388856, 22.3132723], [70.7390418, 22.3132344], [70.7392024, 22.313178], [70.7393641, 22.3131104], [70.7395546, 22.3129936], [70.7396942, 22.3128706], [70.739795, 22.3127497], [70.7398636, 22.3126349], [70.7398996, 22.3125274], [70.7399057, 22.3125089], [70.7399235, 22.3123942], [70.7399235, 22.3122691], [70.7399074, 22.3121997], [70.7398958, 22.3121493], [70.7398404, 22.3120417], [70.739754, 22.3119177], [70.7396443, 22.311805], [70.7394882, 22.3116882], [70.7392844, 22.3115652], [70.7389875, 22.3114545], [70.7386387, 22.3113931], [70.7385762, 22.3113907], [70.7383352, 22.3113818], [70.7383094, 22.311385], [70.7379663, 22.3114279], [70.7377138, 22.3114873], [70.737469, 22.3115929], [70.7372719, 22.3117128], [70.7370847, 22.3118951], [70.7369651, 22.3120632], [70.7369421, 22.3121354], [70.7369119, 22.3122302], [70.7368909, 22.3124146], [70.7369208, 22.312512], [70.7370293, 22.3127026], [70.7371944, 22.3129024], [70.7374314, 22.3130602], [70.7377105, 22.3131903], [70.7378855, 22.3132364], [70.7382502, 22.3133108], [70.7386049, 22.3133194]]}}, {"type": "Feature", "properties": {"road_type": "tertiary", "name": "Unnamed road", "major": false}, "geometry": {"type": "LineString", "coordinates": [[70.7346338, 22.3209486], [70.7345919, 22.3207911]]}}, {"type": "Feature", "properties": {"road_type": "tertiary", "name": "Unnamed road", "major": false}, "geometry": {"type": "LineString", "coordinates": [[70.7345919, 22.3207911], [70.7345779, 22.3206445], [70.7345651, 22.3202637], [70.7345496, 22.3196984], [70.7345377, 22.3192965], [70.7345139, 22.3188353], [70.7345011, 22.3183445], [70.7344718, 22.3178063], [70.7344377, 22.3168997], [70.7344101, 22.316111], [70.7343841, 22.3154544], [70.734383, 22.3153574], [70.7343744, 22.3152097], [70.7343533, 22.3145036], [70.7343354, 22.3140124], [70.7343046, 22.3132207], [70.7342802, 22.3126108], [70.7342767, 22.3123847], [70.734273, 22.3121471], [70.7342705, 22.3119843], [70.7343257, 22.3115727], [70.7344101, 22.3109733], [70.7344751, 22.3105361], [70.7345205, 22.3101996], [70.7345979, 22.309607], [70.7346082, 22.3095281], [70.7346106, 22.3095129], [70.7346975, 22.3089437], [70.7347901, 22.3083067], [70.7348583, 22.3077914], [70.7349103, 22.3074143], [70.734985, 22.3069186], [70.7349888, 22.3068415], [70.7349947, 22.3067219], [70.7350045, 22.3065234], [70.7350045, 22.3064754], [70.734868, 22.3059195], [70.7346683, 22.3052164], [70.7344912, 22.3046128], [70.7344685, 22.3045355], [70.7344649, 22.3045233], [70.734402, 22.304309], [70.7342542, 22.3037696], [70.7340025, 22.3028487], [70.7339283, 22.3025624], [70.733883, 22.3023752]]}}, {"type": "Feature", "properties": {"road_type": "tertiary", "name": "Unnamed road", "major": false}, "geometry": {"type": "LineString", "coordinates": [[70.7336932, 22.3024224], [70.7337426, 22.3026093], [70.7338819, 22.3031163], [70.7342307, 22.3043751], [70.7342862, 22.3045719], [70.734288, 22.3045782], [70.7343128, 22.3046658], [70.7346141, 22.3057326], [70.7348014, 22.3063967], [70.7348245, 22.3065567], [70.7348076, 22.3067116], [70.7347939, 22.3068371], [70.734764, 22.3071115], [70.7346227, 22.3081649], [70.7344844, 22.309117], [70.7344323, 22.3095052], [70.7344162, 22.3096058], [70.7342509, 22.3107918], [70.7340923, 22.3118906], [70.7340913, 22.3121441], [70.7340903, 22.3123813], [70.7340894, 22.3125973], [70.7341327, 22.3139521], [70.7341971, 22.315372], [70.7342001, 22.3154725], [70.7342047, 22.3155762], [70.7342566, 22.3171842], [70.7342654, 22.3173736], [70.734298, 22.3180725], [70.73432, 22.3185443], [70.734366, 22.3197923], [70.734369, 22.319875], [70.7343695, 22.319889], [70.7344054, 22.3208729], [70.73444, 22.3210273]]}}, {"type": "Feature", "properties": {"road_type": "tertiary", "name": "Unnamed road", "major": false}, "geometry": {"type": "LineString", "coordinates": [[70.7343128, 22.3046658], [70.7344912, 22.3046128], [70.7346082, 22.3045781], [70.73513, 22.3044501], [70.7359458, 22.3042421], [70.7377824, 22.3029775], [70.7379343, 22.3028729]]}}, {"type": "Feature", "properties": {"road_type": "tertiary", "name": "Unnamed road", "major": false}, "geometry": {"type": "LineString", "coordinates": [[70.7378932, 22.3028223], [70.737741, 22.3029271], [70.7359133, 22.304187], [70.7352586, 22.3043526], [70.7345947, 22.3045056], [70.7344685, 22.3045355], [70.734288, 22.3045782]]}}, {"type": "Feature", "properties": {"road_type": "tertiary", "name": "Unnamed road", "major": false}, "geometry": {"type": "LineString", "coordinates": [[70.7347939, 22.3068371], [70.7349888, 22.3068415], [70.7351822, 22.3068459], [70.7374729, 22.3069805], [70.7385416, 22.3070428], [70.7385661, 22.3070442], [70.73861, 22.3070442], [70.7387406, 22.3070444]]}}, {"type": "Feature", "properties": {"road_type": "tertiary", "name": "Unnamed road", "major": false}, "geometry": {"type": "LineString", "coordinates": [[70.7387211, 22.3069386], [70.7386151, 22.3069386], [70.7385582, 22.3069387], [70.7385445, 22.3069378], [70.737524, 22.3068732], [70.735196, 22.3067331], [70.7349947, 22.3067219], [70.7348076, 22.3067116]]}}, {"type": "Feature", "properties": {"road_type": "tertiary", "name": "Unnamed road", "major": false}, "geometry": {"type": "LineString", "coordinates": [[70.7403021, 22.3058364], [70.740155, 22.3059383], [70.7399424, 22.3060855], [70.7387211, 22.3069386]]}}, {"type": "Feature", "properties": {"road_type": "tertiary", "name": "Unnamed road", "major": false}, "geometry": {"type": "LineString", "coordinates": [[70.7387406, 22.3070444], [70.7399542, 22.3062183], [70.7402308, 22.3060326], [70.7403793, 22.3059329]]}}, {"type": "Feature", "properties": {"road_type": "tertiary", "name": "Unnamed road", "major": false}, "geometry": {"type": "LineString", "coordinates": [[70.7385445, 22.3069378], [70.7385416, 22.3070428], [70.7385291, 22.3074873], [70.7385058, 22.3081533], [70.7385003, 22.3088122], [70.738477, 22.3094393], [70.7384733, 22.3095997], [70.7384718, 22.3096647], [70.7384681, 22.3098256], [70.7384439, 22.311147], [70.7384309, 22.3112432], [70.7384017, 22.3112943], [70.7383632, 22.3113348], [70.7383094, 22.311385]]}}, {"type": "Feature", "properties": {"road_type": "tertiary", "name": "Unnamed road", "major": false}, "geometry": {"type": "LineString", "coordinates": [[70.7385762, 22.3113907], [70.7385386, 22.3112975], [70.7385118, 22.3112268], [70.7385091, 22.3111933], [70.7385185, 22.3106908], [70.7385319, 22.309888], [70.7385366, 22.3096657], [70.738538, 22.309601], [70.7385453, 22.3092528], [70.7385601, 22.3085133], [70.7385829, 22.3077081], [70.7386003, 22.3072453], [70.73861, 22.3070442], [70.7386151, 22.3069386]]}}, {"type": "Feature", "properties": {"road_type": "tertiary", "name": "Unnamed road", "major": false}, "geometry": {"type": "LineString", "coordinates": [[70.7344162, 22.3096058], [70.7345979, 22.309607], [70.7347185, 22.3096078], [70.7384718, 22.3096647], [70.7385366, 22.3096657], [70.7386765, 22.3096678], [70.7420848, 22.3097399], [70.7422726, 22.3097439], [70.7437474, 22.3097751]]}}, {"type": "Feature", "properties": {"road_type": "tertiary", "name": "Unnamed road", "major": false}, "geometry": {"type": "LineString", "coordinates": [[70.7437474, 22.3097088], [70.7422635, 22.3096781], [70.7420755, 22.3096742], [70.7386794, 22.3096037], [70.738538, 22.309601], [70.7384733, 22.3095997], [70.7361072, 22.3095541], [70.7347318, 22.3095181], [70.7346106, 22.3095129], [70.7344323, 22.3095052]]}}, {"type": "Feature", "properties": {"road_type": "tertiary", "name": "Unnamed road", "major": false}, "geometry": {"type": "LineString", "coordinates": [[70.7278964, 22.3122711], [70.7282724, 22.3122778], [70.7340903, 22.3123813]]}}, {"type": "Feature", "properties": {"road_type": "tertiary", "name": "Unnamed road", "major": false}, "geometry": {"type": "LineString", "coordinates": [[70.7340913, 22.3121441], [70.7282711, 22.312024], [70.7282562, 22.3120237], [70.7278884, 22.3120161]]}}, {"type": "Feature", "properties": {"road_type": "tertiary", "name": "Unnamed road", "major": false}, "geometry": {"type": "LineString", "coordinates": [[70.7340903, 22.3123813], [70.7342767, 22.3123847], [70.7366718, 22.3124276], [70.7367795, 22.3124404], [70.7368613, 22.3124727], [70.7369208, 22.312512]]}}, {"type": "Feature", "properties": {"road_type": "tertiary", "name": "Unnamed road", "major": false}, "geometry": {"type": "LineString", "coordinates": [[70.7369421, 22.3121354], [70.7368521, 22.3121731], [70.7367447, 22.3121853], [70.7366661, 22.3121874], [70.734273, 22.3121471], [70.7340913, 22.3121441]]}}, {"type": "Feature", "properties": {"road_type": "tertiary", "name": "Unnamed road", "major": false}, "geometry": {"type": "LineString", "coordinates": [[70.7458177, 22.31237], [70.7457122, 22.3123678], [70.7452189, 22.3123574], [70.7447464, 22.3123475], [70.742935, 22.3123121], [70.7426294, 22.3123061], [70.7424303, 22.3123023], [70.7420775, 22.3122954], [70.7401314, 22.3122574], [70.7400405, 22.3122408], [70.7399479, 22.3122093], [70.7399074, 22.3121997]]}}, {"type": "Feature", "properties": {"road_type": "tertiary", "name": "Unnamed road", "major": false}, "geometry": {"type": "LineString", "coordinates": [[70.7398996, 22.3125274], [70.7399853, 22.312507], [70.7401858, 22.3124979], [70.7408327, 22.3125106], [70.7421971, 22.3125463], [70.7424667, 22.3125533], [70.74266, 22.3125532], [70.7431015, 22.3125612], [70.7453314, 22.3126016], [70.7453607, 22.3126022], [70.7457277, 22.3126103], [70.7458296, 22.3126125]]}}, {"type": "Feature", "properties": {"road_type": "tertiary", "name": "Unnamed road", "major": false}, "geometry": {"type": "LineString", "coordinates": [[70.7342001, 22.3154725], [70.7343841, 22.3154544], [70.734487, 22.3154442]]}}, {"type": "Feature", "properties": {"road_type": "tertiary", "name": "Unnamed road", "major": false}, "geometry": {"type": "LineString", "coordinates": [[70.7384144, 22.31529], [70.7428193, 22.3150941]]}}, {"type": "Feature", "properties": {"road_type": "tertiary", "name": "Unnamed road", "major": false}, "geometry": {"type": "LineString", "coordinates": [[70.7428105, 22.3150026], [70.738416, 22.3152247]]}}, {"type": "Feature", "properties": {"road_type": "tertiary", "name": "Unnamed road", "major": false}, "geometry": {"type": "LineString", "coordinates": [[70.738416, 22.3152247], [70.7383569, 22.3152267], [70.7375932, 22.3152521], [70.7344861, 22.3153501], [70.734383, 22.3153574], [70.7341971, 22.315372]]}}, {"type": "Feature", "properties": {"road_type": "tertiary", "name": "Unnamed road", "major": false}, "geometry": {"type": "LineString", "coordinates": [[70.738416, 22.3152247], [70.7384214, 22.3149974], [70.7384279, 22.3145873], [70.7384392, 22.314072], [70.7384473, 22.3136093], [70.7384555, 22.3135372], [70.7384685, 22.3134816], [70.7384993, 22.3134246], [70.7385399, 22.3133735], [70.7386049, 22.3133194]]}}, {"type": "Feature", "properties": {"road_type": "tertiary", "name": "Unnamed road", "major": false}, "geometry": {"type": "LineString", "coordinates": [[70.734487, 22.3154442], [70.7383554, 22.3152923], [70.7384144, 22.31529]]}}, {"type": "Feature", "properties": {"road_type": "tertiary", "name": "Unnamed road", "major": false}, "geometry": {"type": "LineString", "coordinates": [[70.7384144, 22.31529], [70.738416, 22.3152247]]}}, {"type": "Feature", "properties": {"road_type": "tertiary", "name": "Raiya Road", "major": false}, "geometry": {"type": "LineString", "coordinates": [[70.7322996, 22.3029444], [70.7323931, 22.3029231], [70.7328354, 22.3028269], [70.7329465, 22.3027961]]}}, {"type": "Feature", "properties": {"road_type": "tertiary", "name": "Unnamed road", "major": false}, "geometry": {"type": "LineString", "coordinates": [[70.7276, 22.3041118], [70.7279074, 22.3040246], [70.7289526, 22.3037845], [70.7307072, 22.3033373], [70.7322996, 22.3029444]]}}, {"type": "Feature", "properties": {"road_type": "tertiary", "name": "Unnamed road", "major": false}, "geometry": {"type": "LineString", "coordinates": [[70.7395903, 22.3000694], [70.7393984, 22.3000161], [70.7391711, 22.3000357], [70.7387375, 22.3001123], [70.7382, 22.3002189], [70.7378931, 22.3003076], [70.7375326, 22.3004368], [70.7372436, 22.300593], [70.7367548, 22.3009236], [70.7365241, 22.3010612], [70.7363558, 22.3011616], [70.7356847, 22.3015621], [70.7351342, 22.3019121], [70.7347899, 22.3020684], [70.73409, 22.3023238], [70.733883, 22.3023752], [70.7336932, 22.3024224], [70.7334271, 22.3024885], [70.7325961, 22.3026949], [70.7323408, 22.3027567], [70.7322888, 22.3027693], [70.7322487, 22.302779], [70.7307904, 22.3031321], [70.7295254, 22.3034461], [70.7288531, 22.3035918], [70.728074, 22.3038008], [70.7278171, 22.3038697], [70.7275906, 22.3039213]]}}, {"type": "Feature", "properties": {"road_type": "tertiary", "name": "Dhebar Road", "major": false}, "geometry": {"type": "LineString", "coordinates": [[70.8028143, 22.2961836], [70.802698, 22.2952263]]}}, {"type": "Feature", "properties": {"road_type": "tertiary", "name": "Unnamed road", "major": false}, "geometry": {"type": "LineString", "coordinates": [[70.803055, 22.2993043], [70.8029842, 22.2992942]]}}, {"type": "Feature", "properties": {"road_type": "tertiary", "name": "Unnamed road", "major": false}, "geometry": {"type": "LineString", "coordinates": [[70.8024771, 22.2992216], [70.8024703, 22.2992918]]}}, {"type": "Feature", "properties": {"road_type": "tertiary", "name": "Unnamed road", "major": false}, "geometry": {"type": "LineString", "coordinates": [[70.8029842, 22.2992942], [70.8024771, 22.2992216]]}}, {"type": "Feature", "properties": {"road_type": "secondary", "name": "Unnamed road", "major": true}, "geometry": {"type": "LineString", "coordinates": [[70.7904001, 22.2710286], [70.7904908, 22.2709532]]}}, {"type": "Feature", "properties": {"road_type": "tertiary", "name": "Unnamed road", "major": false}, "geometry": {"type": "LineString", "coordinates": [[70.7732122, 22.2581067], [70.7733073, 22.2580164]]}}, {"type": "Feature", "properties": {"road_type": "tertiary", "name": "Unnamed road", "major": false}, "geometry": {"type": "LineString", "coordinates": [[70.7714577, 22.2567738], [70.7714079, 22.2567446], [70.7707278, 22.2564664], [70.7700692, 22.2562165], [70.7699237, 22.2561613], [70.7694082, 22.2559609], [70.7693198, 22.2559175], [70.7686342, 22.2556751], [70.7684691, 22.2556212], [70.7680968, 22.2554996], [70.7676914, 22.2553672], [70.76742, 22.2552812], [70.7671692, 22.2552018], [70.7666069, 22.2550279], [70.7662772, 22.2548953], [70.7660936, 22.254819], [70.7657131, 22.2546609], [70.7653052, 22.2544518], [70.7651317, 22.2543801], [70.7649123, 22.2542893], [70.7647974, 22.2542562], [70.7642527, 22.2540996], [70.7640943, 22.254054], [70.7633161, 22.2538557], [70.7632173, 22.2538381], [70.763137, 22.2538477]]}}, {"type": "Feature", "properties": {"road_type": "tertiary", "name": "Unnamed road", "major": false}, "geometry": {"type": "LineString", "coordinates": [[70.7719608, 22.2573324], [70.7719331, 22.2572954], [70.771597, 22.256917], [70.7715065, 22.2568025]]}}, {"type": "Feature", "properties": {"road_type": "secondary", "name": "Unnamed road", "major": true}, "geometry": {"type": "LineString", "coordinates": [[70.795289, 22.2736901], [70.7953584, 22.2737973]]}}, {"type": "Feature", "properties": {"road_type": "secondary", "name": "Unnamed road", "major": true}, "geometry": {"type": "LineString", "coordinates": [[70.7935479, 22.2728945], [70.7935192, 22.2728545], [70.7931652, 22.2726973]]}}, {"type": "Feature", "properties": {"road_type": "secondary", "name": "Unnamed road", "major": true}, "geometry": {"type": "LineString", "coordinates": [[70.7931566, 22.2727443], [70.7933461, 22.2728226], [70.7934383, 22.2728653], [70.7935044, 22.2728944], [70.7935479, 22.2728945]]}}, {"type": "Feature", "properties": {"road_type": "trunk", "name": "Unnamed road", "major": true}, "geometry": {"type": "LineString", "coordinates": [[70.7886731, 22.2548645], [70.7886981, 22.254645], [70.7888054, 22.2543173], [70.7897649, 22.2525173], [70.7899963, 22.2522023], [70.7901756, 22.2520623], [70.7910792, 22.2512961]]}}, {"type": "Feature", "properties": {"road_type": "trunk", "name": "Unnamed road", "major": true}, "geometry": {"type": "LineString", "coordinates": [[70.7909541, 22.2511683], [70.7908137, 22.2512632], [70.7906409, 22.2513994], [70.7898585, 22.2520739], [70.7896547, 22.2523023], [70.7886347, 22.2542913], [70.7885941, 22.2543897], [70.7885556, 22.2545011], [70.7885354, 22.2546149], [70.7885291, 22.2547454], [70.7885728, 22.254853]]}}, {"type": "Feature", "properties": {"road_type": "trunk", "name": "Unnamed road", "major": true}, "geometry": {"type": "LineString", "coordinates": [[70.7911698, 22.2511661], [70.7911541, 22.2511352], [70.7911285, 22.2511107], [70.7910956, 22.2510953], [70.7910591, 22.2510906], [70.7910229, 22.2510972], [70.7909911, 22.2511144], [70.790968, 22.2511386], [70.7909541, 22.2511683], [70.7909506, 22.2511935], [70.7909539, 22.2512188], [70.7909637, 22.2512425], [70.7909795, 22.2512633], [70.7910004, 22.2512799], [70.7910249, 22.2512913], [70.7910518, 22.2512968], [70.7910792, 22.2512961], [70.7911067, 22.2512887], [70.7911313, 22.2512751], [70.7911513, 22.2512562], [70.7911655, 22.2512332], [70.7911737, 22.2512], [70.7911698, 22.2511661]]}}, {"type": "Feature", "properties": {"road_type": "primary", "name": "Unnamed road", "major": true}, "geometry": {"type": "LineString", "coordinates": [[70.7984938, 22.3066577], [70.7980747, 22.3070364], [70.7977516, 22.3073627], [70.7969881, 22.3081267], [70.7965988, 22.3085262]]}}, {"type": "Feature", "properties": {"road_type": "tertiary", "name": "Raiya Road", "major": false}, "geometry": {"type": "LineString", "coordinates": [[70.7330961, 22.302753], [70.7332115, 22.3027219], [70.7333365, 22.30269], [70.7334886, 22.3026559], [70.7336642, 22.3026261], [70.7337426, 22.3026093], [70.7339283, 22.3025624], [70.7340669, 22.3025237], [70.7349213, 22.3022023], [70.7351748, 22.3020918], [70.7353172, 22.3020075], [70.7355017, 22.301898], [70.7357588, 22.30175], [70.7364622, 22.3013162], [70.7366184, 22.301216], [70.7368434, 22.3010683], [70.7371897, 22.3008299], [70.7374035, 22.3007042], [70.7375831, 22.300607], [70.7377923, 22.3005225], [70.7379525, 22.3004679], [70.7386598, 22.3002992], [70.7393825, 22.300176], [70.7395193, 22.3001124], [70.7395903, 22.3000694]]}}, {"type": "Feature", "properties": {"road_type": "tertiary", "name": "Unnamed road", "major": false}, "geometry": {"type": "LineString", "coordinates": [[70.7715065, 22.2568025], [70.7714577, 22.2567738]]}}, {"type": "Feature", "properties": {"road_type": "secondary", "name": "Unnamed road", "major": true}, "geometry": {"type": "LineString", "coordinates": [[70.7919856, 22.2867296], [70.7920186, 22.2866868], [70.7920274, 22.2866751]]}}, {"type": "Feature", "properties": {"road_type": "tertiary", "name": "Unnamed road", "major": false}, "geometry": {"type": "LineString", "coordinates": [[70.7922262, 22.2864165], [70.7921579, 22.286393]]}}, {"type": "Feature", "properties": {"road_type": "secondary", "name": "Unnamed road", "major": true}, "geometry": {"type": "LineString", "coordinates": [[70.7922239, 22.2863531], [70.7921579, 22.286393], [70.7919829, 22.2866013], [70.7919579, 22.2866318]]}}, {"type": "Feature", "properties": {"road_type": "trunk", "name": "150 Foot Ring Road Flyover", "major": true}, "geometry": {"type": "LineString", "coordinates": [[70.7739392, 22.2835754], [70.7737096, 22.2838936]]}}, {"type": "Feature", "properties": {"road_type": "trunk", "name": "150 Foot Ring Road Flyover", "major": true}, "geometry": {"type": "LineString", "coordinates": [[70.773834, 22.2839412], [70.7739385, 22.2837943], [70.7740711, 22.2836278]]}}, {"type": "Feature", "properties": {"road_type": "primary", "name": "Shree Ram Flyover", "major": true}, "geometry": {"type": "LineString", "coordinates": [[70.7716867, 22.2859499], [70.7705762, 22.2852377], [70.7696838, 22.2846847], [70.7694704, 22.2845474], [70.7691614, 22.2842991], [70.767897, 22.28318], [70.7666144, 22.2821003]]}}, {"type": "Feature", "properties": {"road_type": "primary", "name": "Shree Ram Flyover", "major": true}, "geometry": {"type": "LineString", "coordinates": [[70.7666144, 22.2821003], [70.7664663, 22.2819693]]}}, {"type": "Feature", "properties": {"road_type": "primary", "name": "Shree Ram Flyover", "major": true}, "geometry": {"type": "LineString", "coordinates": [[70.7759919, 22.2887603], [70.7758898, 22.2886895]]}}, {"type": "Feature", "properties": {"road_type": "primary", "name": "Shree Ram Flyover", "major": true}, "geometry": {"type": "LineString", "coordinates": [[70.7665742, 22.2821743], [70.7678931, 22.2832764], [70.7691045, 22.2843436], [70.769373, 22.2845705], [70.7696415, 22.2847628], [70.770377, 22.2852079], [70.771642, 22.2860209]]}}, {"type": "Feature", "properties": {"road_type": "primary", "name": "Shree Ram Flyover", "major": true}, "geometry": {"type": "LineString", "coordinates": [[70.7758676, 22.2887762], [70.7759546, 22.288831]]}}, {"type": "Feature", "properties": {"road_type": "primary", "name": "Shree Ram Flyover", "major": true}, "geometry": {"type": "LineString", "coordinates": [[70.7664121, 22.2820473], [70.7665742, 22.2821743]]}}, {"type": "Feature", "properties": {"road_type": "primary", "name": "Shree Ram Flyover", "major": true}, "geometry": {"type": "LineString", "coordinates": [[70.7724101, 22.2865168], [70.7733098, 22.2870984], [70.7750867, 22.2882673], [70.7758676, 22.2887762]]}}, {"type": "Feature", "properties": {"road_type": "primary", "name": "Shree Ram Flyover", "major": true}, "geometry": {"type": "LineString", "coordinates": [[70.7758898, 22.2886895], [70.7743449, 22.2876659], [70.7724644, 22.2864492]]}}, {"type": "Feature", "properties": {"road_type": "primary", "name": "Shree Ram Flyover", "major": true}, "geometry": {"type": "LineString", "coordinates": [[70.771642, 22.2860209], [70.7717991, 22.2861218], [70.7724101, 22.2865168]]}}, {"type": "Feature", "properties": {"road_type": "primary", "name": "Shree Ram Flyover", "major": true}, "geometry": {"type": "LineString", "coordinates": [[70.7724644, 22.2864492], [70.7723711, 22.2863888], [70.7716867, 22.2859499]]}}, {"type": "Feature", "properties": {"road_type": "tertiary", "name": "Unnamed road", "major": false}, "geometry": {"type": "LineString", "coordinates": [[70.7794009, 22.2726208], [70.779229, 22.2727466], [70.7789982, 22.2732612], [70.7788131, 22.2736727]]}}, {"type": "Feature", "properties": {"road_type": "tertiary", "name": "Unnamed road", "major": false}, "geometry": {"type": "LineString", "coordinates": [[70.7737322, 22.2836934], [70.7739392, 22.2835754]]}}, {"type": "Feature", "properties": {"road_type": "tertiary", "name": "Unnamed road", "major": false}, "geometry": {"type": "LineString", "coordinates": [[70.7721042, 22.2864417], [70.7722771, 22.286246]]}}, {"type": "Feature", "properties": {"road_type": "tertiary", "name": "Unnamed road", "major": false}, "geometry": {"type": "LineString", "coordinates": [[70.7741545, 22.2831711], [70.7742228, 22.2831979]]}}, {"type": "Feature", "properties": {"road_type": "secondary", "name": "Unnamed road", "major": true}, "geometry": {"type": "LineString", "coordinates": [[70.7997541, 22.2452368], [70.7998513, 22.2452192]]}}, {"type": "Feature", "properties": {"road_type": "secondary", "name": "Unnamed road", "major": true}, "geometry": {"type": "LineString", "coordinates": [[70.7997892, 22.2451472], [70.7998513, 22.2452192]]}}, {"type": "Feature", "properties": {"road_type": "tertiary", "name": "Unnamed road", "major": false}, "geometry": {"type": "LineString", "coordinates": [[70.7780418, 22.2596121], [70.7781881, 22.2596212], [70.7784464, 22.2596323], [70.7785851, 22.2596399], [70.7787447, 22.2596464], [70.7789122, 22.2596468], [70.7790813, 22.259646], [70.7795344, 22.2596437], [70.7799491, 22.2596293], [70.7800876, 22.2596245], [70.7802453, 22.259619], [70.7803467, 22.2596106], [70.7804911, 22.2595987], [70.7808171, 22.2595614]]}}, {"type": "Feature", "properties": {"road_type": "secondary", "name": "Unnamed road", "major": true}, "geometry": {"type": "LineString", "coordinates": [[70.78505, 22.2907436], [70.7850623, 22.2907781], [70.7851739, 22.2908478], [70.7852304, 22.2908832], [70.785273, 22.2908831]]}}, {"type": "Feature", "properties": {"road_type": "secondary", "name": "Amin Marg", "major": true}, "geometry": {"type": "LineString", "coordinates": [[70.7853492, 22.2909004], [70.7852924, 22.2908885], [70.785273, 22.2908831]]}}, {"type": "Feature", "properties": {"road_type": "secondary", "name": "Amin Marg", "major": true}, "geometry": {"type": "LineString", "coordinates": [[70.785273, 22.2908831], [70.7852548, 22.290855], [70.7850868, 22.2907528], [70.78505, 22.2907436]]}}, {"type": "Feature", "properties": {"road_type": "tertiary", "name": "Unnamed road", "major": false}, "geometry": {"type": "LineString", "coordinates": [[70.7685028, 22.3053481], [70.7686818, 22.3053523], [70.769271, 22.3053978], [70.7695476, 22.3054191]]}}, {"type": "Feature", "properties": {"road_type": "tertiary", "name": "Unnamed road", "major": false}, "geometry": {"type": "LineString", "coordinates": [[70.8106235, 22.3067729], [70.8105781, 22.3068674], [70.810528, 22.3069598]]}}, {"type": "Feature", "properties": {"road_type": "tertiary", "name": "Unnamed road", "major": false}, "geometry": {"type": "LineString", "coordinates": [[70.8098808, 22.3081034], [70.8102696, 22.3075074], [70.810394, 22.3073167], [70.8105424, 22.307075], [70.8105861, 22.3069913], [70.8105781, 22.3068674]]}}, {"type": "Feature", "properties": {"road_type": "tertiary", "name": "Unnamed road", "major": false}, "geometry": {"type": "LineString", "coordinates": [[70.8098451, 22.307936], [70.8098754, 22.3080872], [70.8098808, 22.3081034]]}}, {"type": "Feature", "properties": {"road_type": "tertiary", "name": "Unnamed road", "major": false}, "geometry": {"type": "LineString", "coordinates": [[70.8109247, 22.2627938], [70.8109391, 22.2627378], [70.8109235, 22.2626348], [70.8109131, 22.2625889]]}}, {"type": "Feature", "properties": {"road_type": "tertiary", "name": "Unnamed road", "major": false}, "geometry": {"type": "LineString", "coordinates": [[70.8108431, 22.2625958], [70.8108682, 22.2627006], [70.8108821, 22.2627532], [70.8109247, 22.2627938]]}}, {"type": "Feature", "properties": {"road_type": "trunk", "name": "Unnamed road", "major": true}, "geometry": {"type": "LineString", "coordinates": [[70.7677048, 22.3157028], [70.7677495, 22.3150935], [70.767751, 22.3150725], [70.7677924, 22.3142773], [70.7677978, 22.3141049], [70.7678001, 22.3140305], [70.7678415, 22.312699], [70.7678422, 22.3126777], [70.7678524, 22.312349], [70.7678791, 22.3112772]]}}, {"type": "Feature", "properties": {"road_type": "trunk", "name": "Unnamed road", "major": true}, "geometry": {"type": "LineString", "coordinates": [[70.7677479, 22.311301], [70.7677376, 22.3117221], [70.7676811, 22.3130654], [70.7676666, 22.3138182], [70.7676351, 22.3151342], [70.7675876, 22.3157105]]}}, {"type": "Feature", "properties": {"road_type": "trunk", "name": "Unnamed road", "major": true}, "geometry": {"type": "LineString", "coordinates": [[70.7677294, 22.3157174], [70.7677048, 22.3157028], [70.7676757, 22.3156939], [70.7676451, 22.3156922], [70.767615, 22.3156979], [70.7675876, 22.3157105], [70.7675596, 22.3157349], [70.7675415, 22.3157662], [70.7675352, 22.3158013], [70.7675413, 22.3158362], [70.7675592, 22.3158676], [70.7675869, 22.315892], [70.767623, 22.3159073], [70.7676624, 22.3159107], [70.7677009, 22.3159018], [70.7677341, 22.3158817], [70.7677533, 22.3158604], [70.7677661, 22.3158353], [70.7677703, 22.3158194], [70.7677706, 22.3157854], [70.7677663, 22.3157681], [70.7677635, 22.3157609], [70.7677494, 22.3157372], [70.7677294, 22.3157174]]}}, {"type": "Feature", "properties": {"road_type": "tertiary", "name": "Unnamed road", "major": false}, "geometry": {"type": "LineString", "coordinates": [[70.8231735, 22.3051178], [70.8232324, 22.3051537], [70.8234143, 22.3052505], [70.8235225, 22.3053112], [70.8235922, 22.3053503], [70.8243391, 22.3057729], [70.825244, 22.3062813]]}}, {"type": "Feature", "properties": {"road_type": "tertiary", "name": "Unnamed road", "major": false}, "geometry": {"type": "LineString", "coordinates": [[70.826477, 22.3031695], [70.8264701, 22.303201], [70.8263906, 22.303532], [70.8262027, 22.3040444], [70.8259801, 22.304587], [70.8257845, 22.3050637], [70.8256979, 22.3052669], [70.8255775, 22.3056504], [70.8254321, 22.3060663], [70.8253868, 22.3061949]]}}, {"type": "Feature", "properties": {"road_type": "tertiary", "name": "Unnamed road", "major": false}, "geometry": {"type": "LineString", "coordinates": [[70.8253028, 22.3062131], [70.824441, 22.3057098], [70.8243903, 22.3056827], [70.8236372, 22.3052806], [70.8235344, 22.3052287], [70.823511, 22.305216], [70.8234604, 22.3051887], [70.8232734, 22.3050852]]}}, {"type": "Feature", "properties": {"road_type": "tertiary", "name": "Unnamed road", "major": false}, "geometry": {"type": "LineString", "coordinates": [[70.8253868, 22.3061949], [70.8253775, 22.3062225]]}}, {"type": "Feature", "properties": {"road_type": "tertiary", "name": "Unnamed road", "major": false}, "geometry": {"type": "LineString", "coordinates": [[70.825354, 22.3062123], [70.8253283, 22.3062091], [70.8253028, 22.3062131], [70.8252805, 22.3062233], [70.8252624, 22.306239], [70.8252499, 22.3062589], [70.825244, 22.3062813], [70.8252454, 22.3063049], [70.8252543, 22.3063271], [70.8252699, 22.306346], [70.8252908, 22.3063597], [70.8253151, 22.3063672], [70.8253364, 22.3063681], [70.8253572, 22.3063641], [70.8253764, 22.3063556], [70.8253938, 22.3063418], [70.8254067, 22.3063242], [70.8254141, 22.3063042], [70.8254156, 22.306283], [70.8254109, 22.3062622], [70.8253977, 22.3062399], [70.8253775, 22.3062225], [70.825354, 22.3062123]]}}, {"type": "Feature", "properties": {"road_type": "tertiary", "name": "Unnamed road", "major": false}, "geometry": {"type": "LineString", "coordinates": [[70.8302702, 22.3043449], [70.830388, 22.3041331], [70.8304755, 22.3039631], [70.8305654, 22.3037577], [70.8308036, 22.3033142], [70.8308237, 22.3032827], [70.83099, 22.3029797], [70.8310227, 22.3029254], [70.8310625, 22.3028595], [70.8314076, 22.3022378], [70.8314685, 22.3021168], [70.8314974, 22.3020594], [70.8316846, 22.301713], [70.8316953, 22.3016932], [70.8317915, 22.3015012], [70.831802, 22.3014678], [70.8318166, 22.3013749]]}}, {"type": "Feature", "properties": {"road_type": "primary", "name": "Jamnagar -Rajkot highway Flyover", "major": true}, "geometry": {"type": "LineString", "coordinates": [[70.7634319, 22.3330345], [70.7632181, 22.3331467]]}}, {"type": "Feature", "properties": {"road_type": "primary", "name": "Jamnagar -Rajkot highway Flyover", "major": true}, "geometry": {"type": "LineString", "coordinates": [[70.772461, 22.3271789], [70.7727813, 22.3269672]]}}, {"type": "Feature", "properties": {"road_type": "primary", "name": "Jamnagar -Rajkot highway Flyover", "major": true}, "geometry": {"type": "LineString", "coordinates": [[70.772701, 22.3268673], [70.772391, 22.3270799]]}}, {"type": "Feature", "properties": {"road_type": "trunk", "name": "150Feet Ring Road Railway Flyover", "major": true}, "geometry": {"type": "LineString", "coordinates": [[70.7760558, 22.3377855], [70.7765545, 22.3384453]]}}, {"type": "Feature", "properties": {"road_type": "trunk", "name": "150Feet Ring Road Railway Flyover", "major": true}, "geometry": {"type": "LineString", "coordinates": [[70.7765815, 22.3383351], [70.7761291, 22.33773]]}}, {"type": "Feature", "properties": {"road_type": "trunk", "name": "Unnamed road", "major": true}, "geometry": {"type": "LineString", "coordinates": [[70.7711849, 22.3314038], [70.7712808, 22.3315185]]}}, {"type": "Feature", "properties": {"road_type": "trunk", "name": "150Feet Ring Road Railway Flyover", "major": true}, "geometry": {"type": "LineString", "coordinates": [[70.7716776, 22.3318885], [70.7714722, 22.3316124], [70.7714017, 22.3315196]]}}, {"type": "Feature", "properties": {"road_type": "tertiary", "name": "Unnamed road", "major": false}, "geometry": {"type": "LineString", "coordinates": [[70.7587445, 22.2751636], [70.7586404, 22.2749849], [70.758485, 22.2748464], [70.7581443, 22.274543], [70.757842, 22.2742738], [70.7573974, 22.2738764], [70.757306, 22.2737975], [70.7570821, 22.273597], [70.7568321, 22.2733743], [70.7565529, 22.2731256], [70.7562757, 22.2728788], [70.7560256, 22.272656], [70.7557877, 22.2725474]]}}, {"type": "Feature", "properties": {"road_type": "tertiary", "name": "Unnamed road", "major": false}, "geometry": {"type": "LineString", "coordinates": [[70.7557423, 22.2726209], [70.7558504, 22.2728171], [70.7571309, 22.2739439], [70.7572226, 22.2740287], [70.7587242, 22.2753342], [70.75885, 22.2753789]]}}, {"type": "Feature", "properties": {"road_type": "primary", "name": "AG Chowk Flyover", "major": true}, "geometry": {"type": "LineString", "coordinates": [[70.7557423, 22.2726209], [70.7559094, 22.2727692]]}}, {"type": "Feature", "properties": {"road_type": "primary", "name": "AG Chowk Flyover", "major": true}, "geometry": {"type": "LineString", "coordinates": [[70.7559559, 22.2727041], [70.7557877, 22.2725474]]}}, {"type": "Feature", "properties": {"road_type": "primary", "name": "Rajkot Road", "major": true}, "geometry": {"type": "LineString", "coordinates": [[70.75885, 22.2753789], [70.7593415, 22.2758152], [70.7594809, 22.2759389]]}}, {"type": "Feature", "properties": {"road_type": "primary", "name": "Rajkot Road", "major": true}, "geometry": {"type": "LineString", "coordinates": [[70.7595883, 22.2758763], [70.7594768, 22.2757732], [70.7587445, 22.2751636]]}}, {"type": "Feature", "properties": {"road_type": "primary", "name": "Rajkot Road", "major": true}, "geometry": {"type": "LineString", "coordinates": [[70.7556415, 22.2725315], [70.7557423, 22.2726209]]}}, {"type": "Feature", "properties": {"road_type": "primary", "name": "Rajkot Road", "major": true}, "geometry": {"type": "LineString", "coordinates": [[70.7557877, 22.2725474], [70.7557051, 22.2724704]]}}, {"type": "Feature", "properties": {"road_type": "primary", "name": "AG Chowk Flyover", "major": true}, "geometry": {"type": "LineString", "coordinates": [[70.7587286, 22.2752712], [70.75885, 22.2753789]]}}, {"type": "Feature", "properties": {"road_type": "primary", "name": "AG Chowk Flyover", "major": true}, "geometry": {"type": "LineString", "coordinates": [[70.7587445, 22.2751636], [70.7585852, 22.2750181]]}}, {"type": "Feature", "properties": {"road_type": "trunk", "name": "Shahid Flyover", "major": true}, "geometry": {"type": "LineString", "coordinates": [[70.768263, 22.3042789], [70.7682931, 22.3046913]]}}, {"type": "Feature", "properties": {"road_type": "trunk", "name": "Shahid Flyover", "major": true}, "geometry": {"type": "LineString", "coordinates": [[70.7684573, 22.3046759], [70.7684328, 22.3042739]]}}, {"type": "Feature", "properties": {"road_type": "trunk", "name": "Shahid Flyover", "major": true}, "geometry": {"type": "LineString", "coordinates": [[70.7689146, 22.2986921], [70.7689294, 22.2986206], [70.7689822, 22.29838]]}}, {"type": "Feature", "properties": {"road_type": "trunk", "name": "Shahid Flyover", "major": true}, "geometry": {"type": "LineString", "coordinates": [[70.7688418, 22.2983503], [70.7687641, 22.2986773]]}}, {"type": "Feature", "properties": {"road_type": "primary", "name": "Kalawad Road", "major": true}, "geometry": {"type": "LineString", "coordinates": [[70.7594809, 22.2759389], [70.7595998, 22.2760493], [70.7598113, 22.2762457], [70.7598998, 22.2763279], [70.7610165, 22.277309], [70.7620796, 22.2782439], [70.7621469, 22.2783095], [70.7624652, 22.278599], [70.762884, 22.2789798], [70.7638222, 22.2798059], [70.7643596, 22.2802575], [70.7646284, 22.2804834], [70.7648762, 22.2807102], [70.7650184, 22.2808403], [70.7654193, 22.2812005], [70.7662854, 22.2819338], [70.7664121, 22.2820473]]}}, {"type": "Feature", "properties": {"road_type": "primary", "name": "Kalawad Road", "major": true}, "geometry": {"type": "LineString", "coordinates": [[70.7664663, 22.2819693], [70.7663384, 22.2818556], [70.7660137, 22.2815819], [70.7649619, 22.2806357], [70.7640826, 22.2798717], [70.7639124, 22.2797146], [70.7638242, 22.2796328], [70.7636581, 22.2794787], [70.7636187, 22.2794422], [70.7632471, 22.2791122], [70.7630166, 22.2789076], [70.7621828, 22.2781672], [70.7621172, 22.2781148], [70.7602573, 22.2765003], [70.7599623, 22.2762055], [70.7598673, 22.2761219], [70.7595883, 22.2758763]]}}, {"type": "Feature", "properties": {"road_type": "tertiary", "name": "Kalawad Road", "major": false}, "geometry": {"type": "LineString", "coordinates": [[70.7759919, 22.2887603], [70.7759728, 22.2886768], [70.7756055, 22.2884296], [70.7748715, 22.2879235], [70.7740696, 22.2873943]]}}, {"type": "Feature", "properties": {"road_type": "primary", "name": "Kalawad Road", "major": true}, "geometry": {"type": "LineString", "coordinates": [[70.7759546, 22.288831], [70.7760078, 22.2888669], [70.7762899, 22.2890768], [70.7767692, 22.2894257], [70.7771943, 22.2896875], [70.7777055, 22.2899795], [70.7780713, 22.2902355], [70.778178, 22.290305], [70.7782697, 22.2903625]]}}, {"type": "Feature", "properties": {"road_type": "trunk", "name": "150 Foot Ring Road Flyover", "major": true}, "geometry": {"type": "LineString", "coordinates": [[70.7702738, 22.2916761], [70.7701532, 22.291981]]}}, {"type": "Feature", "properties": {"road_type": "trunk", "name": "150 Foot Ring Road Flyover", "major": true}, "geometry": {"type": "LineString", "coordinates": [[70.7703055, 22.2920455], [70.7704135, 22.2917198]]}}, {"type": "Feature", "properties": {"road_type": "trunk", "name": "Nana Mava Circle Flyover", "major": true}, "geometry": {"type": "LineString", "coordinates": [[70.7794009, 22.2726208], [70.7792083, 22.2730089], [70.7790484, 22.2733841]]}}, {"type": "Feature", "properties": {"road_type": "trunk", "name": "Nana Mava Circle Flyover", "major": true}, "geometry": {"type": "LineString", "coordinates": [[70.7791762, 22.2734311], [70.7792662, 22.2732311], [70.7793164, 22.2731325]]}}, {"type": "Feature", "properties": {"road_type": "trunk", "name": "Nana Mava Circle Flyover", "major": true}, "geometry": {"type": "LineString", "coordinates": [[70.7767596, 22.2786781], [70.7767913, 22.2786102]]}}, {"type": "Feature", "properties": {"road_type": "trunk", "name": "Nana Mava Circle Flyover", "major": true}, "geometry": {"type": "LineString", "coordinates": [[70.7766482, 22.2785478], [70.7765078, 22.2788579]]}}, {"type": "Feature", "properties": {"road_type": "trunk", "name": "Unnamed road", "major": true}, "geometry": {"type": "LineString", "coordinates": [[70.782676, 22.2669641], [70.7826458, 22.2670454], [70.7824484, 22.2675614], [70.78236, 22.2678188]]}}, {"type": "Feature", "properties": {"road_type": "trunk", "name": "Unnamed road", "major": true}, "geometry": {"type": "LineString", "coordinates": [[70.782492, 22.2678657], [70.7825794, 22.2676624], [70.7827378, 22.2672573], [70.7828517, 22.266974]]}}, {"type": "Feature", "properties": {"road_type": "trunk", "name": "Flyover", "major": true}, "geometry": {"type": "LineString", "coordinates": [[70.7860615, 22.2631651], [70.7861476, 22.2630479], [70.7861827, 22.262983], [70.786236, 22.2628692], [70.7863743, 22.262584]]}}, {"type": "Feature", "properties": {"road_type": "trunk", "name": "Flyover", "major": true}, "geometry": {"type": "LineString", "coordinates": [[70.7862375, 22.2624994], [70.7861842, 22.2626104], [70.7860316, 22.2628908], [70.7860075, 22.2629351], [70.7858911, 22.2631077]]}}, {"type": "Feature", "properties": {"road_type": "secondary", "name": "Swami Vivekananda Flyover", "major": true}, "geometry": {"type": "LineString", "coordinates": [[70.7953584, 22.2737973], [70.7954351, 22.2738393]]}}, {"type": "Feature", "properties": {"road_type": "secondary", "name": "Swami Vivekananda Flyover", "major": true}, "geometry": {"type": "LineString", "coordinates": [[70.7954804, 22.2737544], [70.7953996, 22.2737177]]}}, {"type": "Feature", "properties": {"road_type": "secondary", "name": "Swami Vivekananda Flyover", "major": true}, "geometry": {"type": "LineString", "coordinates": [[70.799119, 22.2715547], [70.7991057, 22.2716976]]}}, {"type": "Feature", "properties": {"road_type": "secondary", "name": "Swami Vivekananda Flyover", "major": true}, "geometry": {"type": "LineString", "coordinates": [[70.7992321, 22.2717134], [70.7992457, 22.2715615]]}}, {"type": "Feature", "properties": {"road_type": "secondary", "name": "Swami Vivekananda Flyover", "major": true}, "geometry": {"type": "LineString", "coordinates": [[70.7989987, 22.2783157], [70.7990135, 22.2784285]]}}, {"type": "Feature", "properties": {"road_type": "secondary", "name": "Swami Vivekananda Flyover", "major": true}, "geometry": {"type": "LineString", "coordinates": [[70.7990721, 22.2783257], [70.7990549, 22.2781619]]}}, {"type": "Feature", "properties": {"road_type": "primary", "name": "Dr. B R Ambedkar Chowk Flyover", "major": true}, "geometry": {"type": "LineString", "coordinates": [[70.8057291, 22.3048759], [70.8058243, 22.3049116]]}}, {"type": "Feature", "properties": {"road_type": "primary", "name": "Dr. B R Ambedkar Chowk Flyover", "major": true}, "geometry": {"type": "LineString", "coordinates": [[70.8058562, 22.3048348], [70.8057576, 22.3047922]]}}, {"type": "Feature", "properties": {"road_type": "primary", "name": "Unnamed road", "major": true}, "geometry": {"type": "LineString", "coordinates": [[70.8012853, 22.3010829], [70.8012589, 22.3009681]]}}, {"type": "Feature", "properties": {"road_type": "primary", "name": "Unnamed road", "major": true}, "geometry": {"type": "LineString", "coordinates": [[70.8011903, 22.3009922], [70.8011967, 22.3010357], [70.8011995, 22.3010549], [70.8012038, 22.3010837], [70.8012063, 22.3011005]]}}, {"type": "Feature", "properties": {"road_type": "primary", "name": "Dr. B R Ambedkar Chowk Flyover", "major": true}, "geometry": {"type": "LineString", "coordinates": [[70.7992524, 22.3061293], [70.7992671, 22.3061162]]}}, {"type": "Feature", "properties": {"road_type": "primary", "name": "Dr. B R Ambedkar Chowk Flyover", "major": true}, "geometry": {"type": "LineString", "coordinates": [[70.7991961, 22.3060306], [70.7991809, 22.3060441]]}}, {"type": "Feature", "properties": {"road_type": "primary", "name": "Rajkot - Morbi Highway Flyover", "major": true}, "geometry": {"type": "LineString", "coordinates": [[70.8136023, 22.332354], [70.8136934, 22.3322394]]}}, {"type": "Feature", "properties": {"road_type": "primary", "name": "Rajkot - Morbi Highway Flyover", "major": true}, "geometry": {"type": "LineString", "coordinates": [[70.8187625, 22.3273636], [70.8189594, 22.327229]]}}, {"type": "Feature", "properties": {"road_type": "primary", "name": "Rajkot - Morbi Highway Flyover", "major": true}, "geometry": {"type": "LineString", "coordinates": [[70.8189041, 22.3271369], [70.8186963, 22.3272952]]}}, {"type": "Feature", "properties": {"road_type": "primary", "name": "Rajkot - Morbi Highway Flyover", "major": true}, "geometry": {"type": "LineString", "coordinates": [[70.8136305, 22.3321886], [70.813537, 22.3322996]]}}, {"type": "Feature", "properties": {"road_type": "trunk", "name": "Unnamed road", "major": true}, "geometry": {"type": "LineString", "coordinates": [[70.8097043, 22.3397052], [70.8095315, 22.3397109], [70.8093744, 22.3397159], [70.8092764, 22.3397236], [70.8091599, 22.3397134]]}}, {"type": "Feature", "properties": {"road_type": "trunk", "name": "Jamnagar Bypass - Rajkot Flyover", "major": true}, "geometry": {"type": "LineString", "coordinates": [[70.809326, 22.3398459], [70.8098614, 22.3398163]]}}, {"type": "Feature", "properties": {"road_type": "trunk", "name": "Jamnagar Bypass - Rajkot", "major": true}, "geometry": {"type": "LineString", "coordinates": [[70.8229051, 22.3389946], [70.8225081, 22.3390392], [70.822109, 22.339063], [70.8207771, 22.3391555]]}}, {"type": "Feature", "properties": {"road_type": "trunk", "name": "Jamnagar Bypass - Rajkot", "major": true}, "geometry": {"type": "LineString", "coordinates": [[70.8207484, 22.3392823], [70.822817, 22.339133]]}}, {"type": "Feature", "properties": {"road_type": "trunk", "name": "Jamnagar Bypass - Rajkot", "major": true}, "geometry": {"type": "LineString", "coordinates": [[70.8090631, 22.3398516], [70.8091495, 22.3398573], [70.8091766, 22.3398581], [70.8092132, 22.3398592], [70.809326, 22.3398459]]}}, {"type": "Feature", "properties": {"road_type": "trunk", "name": "Jamnagar Bypass - Rajkot Flyover", "major": true}, "geometry": {"type": "LineString", "coordinates": [[70.8098716, 22.3396996], [70.8097043, 22.3397052]]}}, {"type": "Feature", "properties": {"road_type": "trunk", "name": "Jamnagar Bypass - Rajkot Flyover", "major": true}, "geometry": {"type": "LineString", "coordinates": [[70.8207771, 22.3391555], [70.820483, 22.339178]]}}, {"type": "Feature", "properties": {"road_type": "trunk", "name": "Jamnagar Bypass - Rajkot Flyover", "major": true}, "geometry": {"type": "LineString", "coordinates": [[70.8204884, 22.3393005], [70.8207484, 22.3392823]]}}, {"type": "Feature", "properties": {"road_type": "trunk", "name": "Rajkot Bypass Flyover", "major": true}, "geometry": {"type": "LineString", "coordinates": [[70.8046404, 22.2485162], [70.8045975, 22.2484808], [70.8042221, 22.2481584]]}}, {"type": "Feature", "properties": {"road_type": "trunk", "name": "Rajkot Bypass Flyover", "major": true}, "geometry": {"type": "LineString", "coordinates": [[70.8041469, 22.2482554], [70.8044861, 22.2485353], [70.8045204, 22.2485588]]}}, {"type": "Feature", "properties": {"road_type": "tertiary", "name": "Unnamed road", "major": false}, "geometry": {"type": "LineString", "coordinates": [[70.8018995, 22.2460461], [70.8017095, 22.2458963]]}}, {"type": "Feature", "properties": {"road_type": "tertiary", "name": "Unnamed road", "major": false}, "geometry": {"type": "LineString", "coordinates": [[70.8017095, 22.2458963], [70.8014607, 22.2456858]]}}, {"type": "Feature", "properties": {"road_type": "trunk", "name": "Rajkot Bypass Flyover", "major": true}, "geometry": {"type": "LineString", "coordinates": [[70.8008438, 22.2339034], [70.8008296, 22.2340715]]}}, {"type": "Feature", "properties": {"road_type": "trunk", "name": "Rajkot Bypass Flyover", "major": true}, "geometry": {"type": "LineString", "coordinates": [[70.8009138, 22.2340756], [70.80092, 22.2340036], [70.800935, 22.2338303]]}}, {"type": "Feature", "properties": {"road_type": "trunk", "name": "Rajkot Bypass Flyover Ramp", "major": true}, "geometry": {"type": "LineString", "coordinates": [[70.7973699, 22.2456366], [70.7974115, 22.2454902]]}}, {"type": "Feature", "properties": {"road_type": "trunk", "name": "Unnamed road", "major": true}, "geometry": {"type": "LineString", "coordinates": [[70.7998505, 22.241943], [70.7997658, 22.2423941]]}}, {"type": "Feature", "properties": {"road_type": "trunk", "name": "Rajkot Bypass", "major": true}, "geometry": {"type": "LineString", "coordinates": [[70.8334256, 22.2978245], [70.8334657, 22.2977039], [70.8335567, 22.2974516], [70.8336504, 22.2971691], [70.8343714, 22.2949942]]}}, {"type": "Feature", "properties": {"road_type": "trunk", "name": "Rajkot Bypass", "major": true}, "geometry": {"type": "LineString", "coordinates": [[70.8298681, 22.2721554], [70.8297603, 22.2720244], [70.8296458, 22.2718927], [70.8289629, 22.271107]]}}, {"type": "Feature", "properties": {"road_type": "trunk", "name": "Rajkot Bypass", "major": true}, "geometry": {"type": "LineString", "coordinates": [[70.8288563, 22.2712046], [70.8289139, 22.2712701], [70.8295287, 22.271985], [70.829803, 22.2723029]]}}, {"type": "Feature", "properties": {"road_type": "trunk", "name": "Bhavnagar Circle Flyover", "major": true}, "geometry": {"type": "LineString", "coordinates": [[70.8343714, 22.2949942], [70.834506, 22.294568]]}}, {"type": "Feature", "properties": {"road_type": "trunk", "name": "Bhavnagar Circle Flyover", "major": true}, "geometry": {"type": "LineString", "coordinates": [[70.8340972, 22.2954158], [70.8339889, 22.2957539]]}}, {"type": "Feature", "properties": {"road_type": "trunk", "name": "Bhavnagar Circle Flyover", "major": true}, "geometry": {"type": "LineString", "coordinates": [[70.829803, 22.2723029], [70.8299744, 22.272502]]}}, {"type": "Feature", "properties": {"road_type": "trunk", "name": "Bhavnagar Circle Flyover", "major": true}, "geometry": {"type": "LineString", "coordinates": [[70.8300891, 22.2724241], [70.8298681, 22.2721554]]}}, {"type": "Feature", "properties": {"road_type": "trunk", "name": "Rajkot Bypass", "major": true}, "geometry": {"type": "LineString", "coordinates": [[70.8326335, 22.3127584], [70.8330228, 22.3129812]]}}, {"type": "Feature", "properties": {"road_type": "trunk", "name": "Rajkot Bypass", "major": true}, "geometry": {"type": "LineString", "coordinates": [[70.8330906, 22.3128789], [70.8325631, 22.3125778]]}}, {"type": "Feature", "properties": {"road_type": "trunk", "name": "Rajkot Bypass Flyover", "major": true}, "geometry": {"type": "LineString", "coordinates": [[70.8325631, 22.3125778], [70.8322678, 22.3124631]]}}, {"type": "Feature", "properties": {"road_type": "trunk", "name": "Rajkot Bypass Flyover", "major": true}, "geometry": {"type": "LineString", "coordinates": [[70.8323342, 22.3126057], [70.8326335, 22.3127584]]}}, {"type": "Feature", "properties": {"road_type": "trunk", "name": "Rajkot Bypass Flyover", "major": true}, "geometry": {"type": "LineString", "coordinates": [[70.8298037, 22.3087772], [70.829902, 22.3085655]]}}, {"type": "Feature", "properties": {"road_type": "trunk", "name": "Rajkot Bypass Flyover", "major": true}, "geometry": {"type": "LineString", "coordinates": [[70.8298978, 22.3083193], [70.8297811, 22.3085523]]}}, {"type": "Feature", "properties": {"road_type": "trunk", "name": "Rajkot Bypass", "major": true}, "geometry": {"type": "LineString", "coordinates": [[70.8339889, 22.2957539], [70.8339398, 22.2959076], [70.8338146, 22.2963066], [70.8334462, 22.2974527]]}}, {"type": "Feature", "properties": {"road_type": "trunk", "name": "Rajkot Bypass", "major": true}, "geometry": {"type": "LineString", "coordinates": [[70.8299389, 22.3082372], [70.8298978, 22.3083193]]}}, {"type": "Feature", "properties": {"road_type": "trunk", "name": "Rajkot Bypass Flyover", "major": true}, "geometry": {"type": "LineString", "coordinates": [[70.829902, 22.3085655], [70.8299721, 22.3084145], [70.8300786, 22.3081852]]}}, {"type": "Feature", "properties": {"road_type": "trunk", "name": "Rajkot Bypass Flyover", "major": true}, "geometry": {"type": "LineString", "coordinates": [[70.8299859, 22.3081434], [70.8299389, 22.3082372]]}}, {"type": "Feature", "properties": {"road_type": "trunk", "name": "Rajkot Bypass Flyover", "major": true}, "geometry": {"type": "LineString", "coordinates": [[70.8333708, 22.2980009], [70.8334256, 22.2978245]]}}, {"type": "Feature", "properties": {"road_type": "trunk", "name": "Rajkot Bypass Flyover", "major": true}, "geometry": {"type": "LineString", "coordinates": [[70.8334462, 22.2974527], [70.8333342, 22.2978041]]}}, {"type": "Feature", "properties": {"road_type": "primary", "name": "Kalawad Road Underpass", "major": true}, "geometry": {"type": "LineString", "coordinates": [[70.7828364, 22.2929804], [70.7829572, 22.2930438], [70.7838019, 22.293542], [70.784221, 22.2938029]]}}, {"type": "Feature", "properties": {"road_type": "primary", "name": "Kalawad Road Underpass", "major": true}, "geometry": {"type": "LineString", "coordinates": [[70.782758, 22.2929393], [70.7828364, 22.2929804]]}}, {"type": "Feature", "properties": {"road_type": "primary", "name": "Kalawad Road Underpass", "major": true}, "geometry": {"type": "LineString", "coordinates": [[70.7842729, 22.2937363], [70.7835997, 22.293345], [70.7828981, 22.2929205]]}}, {"type": "Feature", "properties": {"road_type": "primary", "name": "Kalawad Road Underpass", "major": true}, "geometry": {"type": "LineString", "coordinates": [[70.7828981, 22.2929205], [70.782096, 22.2924353]]}}, {"type": "Feature", "properties": {"road_type": "primary", "name": "Kalawad Road Underpass", "major": true}, "geometry": {"type": "LineString", "coordinates": [[70.7855273, 22.2942665], [70.7854289, 22.2942416], [70.7853692, 22.2942359], [70.7852174, 22.2942343]]}}, {"type": "Feature", "properties": {"road_type": "tertiary", "name": "Unnamed road", "major": false}, "geometry": {"type": "LineString", "coordinates": [[70.7563898, 22.283963], [70.7562205, 22.2842916], [70.7560998, 22.2845125], [70.7560301, 22.2846688], [70.7559939, 22.2847594], [70.7559725, 22.2848254], [70.755951, 22.284886], [70.7558772, 22.2851838], [70.7557801, 22.2855536], [70.7556097, 22.2862397]]}}, {"type": "Feature", "properties": {"road_type": "tertiary", "name": "Unnamed road", "major": false}, "geometry": {"type": "LineString", "coordinates": [[70.7570823, 22.2825308], [70.7568094, 22.2830978], [70.7564674, 22.2837768], [70.7563898, 22.283963]]}}, {"type": "Feature", "properties": {"road_type": "tertiary", "name": "Unnamed road", "major": false}, "geometry": {"type": "LineString", "coordinates": [[70.7627352, 22.2759922], [70.7627693, 22.2759305], [70.7628255, 22.2758368], [70.7629779, 22.2756202], [70.7630684, 22.2754974], [70.7632021, 22.2753009], [70.763366, 22.2750433]]}}, {"type": "Feature", "properties": {"road_type": "tertiary", "name": "Unnamed road", "major": false}, "geometry": {"type": "LineString", "coordinates": [[70.7760938, 22.2795059], [70.7759894, 22.2798396], [70.7757528, 22.2803925]]}}, {"type": "Feature", "properties": {"road_type": "trunk", "name": "Unnamed road", "major": true}, "geometry": {"type": "LineString", "coordinates": [[70.7823159, 22.2678894], [70.7821781, 22.2681008], [70.7820521, 22.2682575], [70.7819292, 22.2684177], [70.7815726, 22.2689004]]}}, {"type": "Feature", "properties": {"road_type": "tertiary", "name": "Unnamed road", "major": false}, "geometry": {"type": "LineString", "coordinates": [[70.7642645, 22.2704168], [70.7641876, 22.2708437], [70.7641813, 22.2709334], [70.7641867, 22.2710141], [70.7642907, 22.271548], [70.7643252, 22.2717646]]}}, {"type": "Feature", "properties": {"road_type": "tertiary", "name": "Unnamed road", "major": false}, "geometry": {"type": "LineString", "coordinates": [[70.7786024, 22.3393263], [70.7787575, 22.3390799], [70.7788876, 22.3387725], [70.7796025, 22.3374984]]}}, {"type": "Feature", "properties": {"road_type": "tertiary", "name": "Unnamed road", "major": false}, "geometry": {"type": "LineString", "coordinates": [[70.8265485, 22.3108298], [70.8266147, 22.3108234], [70.8266333, 22.3108121], [70.8266494, 22.3107813], [70.8268688, 22.310268], [70.8268739, 22.3102561], [70.8270426, 22.3098741]]}}, {"type": "Feature", "properties": {"road_type": "tertiary", "name": "Unnamed road", "major": false}, "geometry": {"type": "LineString", "coordinates": [[70.8630263, 22.3263203], [70.8602411, 22.3265596], [70.8592756, 22.3266293], [70.8588688, 22.3266587], [70.8582574, 22.3267028], [70.85817, 22.3267009], [70.8578222, 22.3267111], [70.8574293, 22.3266919], [70.8573477, 22.326683], [70.8565836, 22.3265621], [70.8564803, 22.3265341], [70.8560576, 22.3264197], [70.8554714, 22.3262024], [70.8552262, 22.3260998], [70.8544783, 22.3257868], [70.8536537, 22.3254418], [70.853577, 22.3254097], [70.8534095, 22.3253208], [70.8532621, 22.3252426], [70.8531657, 22.3251915], [70.8530096, 22.3251033], [70.852549, 22.324843], [70.8513525, 22.3241541], [70.851079, 22.3239966], [70.8506516, 22.3237457], [70.8503824, 22.3235877], [70.8498494, 22.3233283], [70.8490636, 22.3229614], [70.8487207, 22.3228545], [70.8482432, 22.3227056], [70.8454661, 22.3219024], [70.8450665, 22.3219098]]}}, {"type": "Feature", "properties": {"road_type": "tertiary", "name": "Unnamed road", "major": false}, "geometry": {"type": "LineString", "coordinates": [[70.8450683, 22.3220175], [70.8452676, 22.3221884], [70.8456308, 22.322293], [70.846274, 22.3224782], [70.8475963, 22.3228589], [70.8483668, 22.32312], [70.8485446, 22.3231802], [70.8488699, 22.3232953], [70.8491273, 22.3233864], [70.8495649, 22.3235605], [70.850013, 22.3237882], [70.8509424, 22.3243201], [70.8511579, 22.3244414], [70.8525135, 22.3252042], [70.852705, 22.325314], [70.8530628, 22.3255191], [70.8533598, 22.3256894], [70.8534081, 22.3257145], [70.8537465, 22.3258904], [70.8543173, 22.3261465], [70.8551625, 22.3265177], [70.8553431, 22.3265969], [70.8555242, 22.3266584], [70.8556331, 22.3266953], [70.8560114, 22.3268237], [70.8564751, 22.3269155], [70.856965, 22.3269715], [70.8570876, 22.3269856], [70.8578528, 22.3270317], [70.858641, 22.3270171], [70.859165, 22.3269787], [70.8602108, 22.3269022], [70.8612052, 22.3268237], [70.8618249, 22.3267748], [70.8622495, 22.3267412], [70.8635726, 22.3266412]]}}, {"type": "Feature", "properties": {"road_type": "trunk", "name": "Unnamed road", "major": true}, "geometry": {"type": "LineString", "coordinates": [[70.8625899, 22.3264492], [70.8604548, 22.3266291], [70.8593997, 22.3267154]]}}, {"type": "Feature", "properties": {"road_type": "trunk", "name": "Unnamed road", "major": true}, "geometry": {"type": "LineString", "coordinates": [[70.858992, 22.3268889], [70.8591316, 22.3268795], [70.8600723, 22.3267966], [70.861168, 22.3267158], [70.8618309, 22.326653], [70.8630075, 22.326572]]}}, {"type": "Feature", "properties": {"road_type": "trunk", "name": "Unnamed road", "major": true}, "geometry": {"type": "LineString", "coordinates": [[70.8529829, 22.3253505], [70.8531046, 22.3254229], [70.8535133, 22.3256326], [70.8539064, 22.3258184], [70.8542363, 22.3259719], [70.8553715, 22.3264264], [70.8560662, 22.3266611], [70.8564252, 22.3267622], [70.8570248, 22.3268709], [70.8578023, 22.3269355], [70.8584685, 22.3269243], [70.858992, 22.3268889]]}}, {"type": "Feature", "properties": {"road_type": "trunk", "name": "Unnamed road", "major": true}, "geometry": {"type": "LineString", "coordinates": [[70.8593997, 22.3267154], [70.8589795, 22.3267516], [70.8587184, 22.3267741]]}}, {"type": "Feature", "properties": {"road_type": "trunk", "name": "Unnamed road", "major": true}, "geometry": {"type": "LineString", "coordinates": [[70.8498911, 22.3234659], [70.8494433, 22.3232564], [70.8488562, 22.3230285], [70.8487548, 22.3229951], [70.8481025, 22.3227804], [70.8450665, 22.3219098], [70.8446812, 22.3217993], [70.844331, 22.3216989], [70.8440398, 22.3216154], [70.8415992, 22.3208749], [70.8408654, 22.3206523]]}}, {"type": "Feature", "properties": {"road_type": "trunk", "name": "Unnamed road", "major": true}, "geometry": {"type": "LineString", "coordinates": [[70.8498263, 22.3235808], [70.8512017, 22.3243292], [70.8522653, 22.3249234], [70.8527552, 22.325215], [70.8529829, 22.3253505]]}}, {"type": "Feature", "properties": {"road_type": "tertiary", "name": "Unnamed road", "major": false}, "geometry": {"type": "LineString", "coordinates": [[70.8050072, 22.248706], [70.80471, 22.2484476], [70.8043871, 22.2481781], [70.8041082, 22.2479415], [70.802714, 22.2467476], [70.8025963, 22.246646], [70.8022143, 22.2463298], [70.8019549, 22.2460891], [70.8018995, 22.2460461]]}}, {"type": "Feature", "properties": {"road_type": "secondary", "name": "Unnamed road", "major": true}, "geometry": {"type": "LineString", "coordinates": [[70.7837008, 22.2658386], [70.7840399, 22.2655823], [70.784255, 22.2654219], [70.7843522, 22.2653486], [70.784596, 22.265109], [70.7846342, 22.2649901]]}}, {"type": "Feature", "properties": {"road_type": "tertiary", "name": "Raiya Road", "major": false}, "geometry": {"type": "LineString", "coordinates": [[70.7511458, 22.2989116], [70.7511619, 22.2989712], [70.751491, 22.2991193], [70.7518009, 22.2992555], [70.7519402, 22.2992964], [70.7520834, 22.2993126], [70.7522437, 22.29932], [70.752414, 22.2993452], [70.7525272, 22.2993773], [70.7527323, 22.2994524], [70.7532492, 22.2996388], [70.7536164, 22.2997657], [70.7541152, 22.299929], [70.75444, 22.3000353], [70.7544704, 22.3000456], [70.7553131, 22.3003299], [70.7554867, 22.3003927], [70.7558584, 22.3005271], [70.7561695, 22.3006526], [70.7569705, 22.3009534], [70.7571903, 22.3010287], [70.75733, 22.3010699], [70.7573658, 22.3010805], [70.7574426, 22.3011041], [70.7574832, 22.3011134], [70.7579063, 22.3012322], [70.7580873, 22.3012815], [70.7582131, 22.3013048], [70.7583481, 22.3013155], [70.7585728, 22.3013336], [70.7588612, 22.3013505], [70.7591179, 22.3013437], [70.759607, 22.3013251], [70.7597115, 22.3013192], [70.7598382, 22.3013121], [70.7598972, 22.3013094], [70.7600935, 22.3013005], [70.7604021, 22.3013063], [70.7607642, 22.3013162], [70.761623, 22.3013361], [70.7619192, 22.3013433], [70.7622406, 22.3013485], [70.7624618, 22.3013517], [70.7625132, 22.3013555], [70.7632738, 22.3013978], [70.7635134, 22.3014205], [70.7636685, 22.3014552], [70.7638801, 22.301513]]}}, {"type": "Feature", "properties": {"road_type": "tertiary", "name": "Unnamed road", "major": false}, "geometry": {"type": "LineString", "coordinates": [[70.7638801, 22.301513], [70.7638976, 22.3014286]]}}, {"type": "Feature", "properties": {"road_type": "trunk", "name": "Unnamed road", "major": true}, "geometry": {"type": "LineString", "coordinates": [[70.8630075, 22.326572], [70.8635599, 22.326534], [70.864333, 22.3265277]]}}, {"type": "Feature", "properties": {"road_type": "trunk", "name": "Unnamed road", "major": true}, "geometry": {"type": "LineString", "coordinates": [[70.8643181, 22.3264049], [70.8636426, 22.3263947], [70.8630259, 22.3264168], [70.8628826, 22.3264245], [70.8625899, 22.3264492]]}}, {"type": "Feature", "properties": {"road_type": "tertiary", "name": "Unnamed road", "major": false}, "geometry": {"type": "LineString", "coordinates": [[70.8174688, 22.3469377], [70.817391, 22.3469228], [70.8173534, 22.3469079], [70.8173132, 22.3468608], [70.8172783, 22.3467938], [70.8171603, 22.3465333], [70.8169779, 22.3461885], [70.8168438, 22.345866], [70.8166936, 22.345536], [70.816548, 22.3451998], [70.8164627, 22.3449999], [70.8163651, 22.3447608], [70.8163243, 22.3446287], [70.8162826, 22.3444142], [70.8162321, 22.3442408], [70.8161543, 22.3440661], [70.8160551, 22.3439401], [70.8156516, 22.3436067], [70.8155789, 22.3435603], [70.8154027, 22.3434479], [70.8151538, 22.3433447], [70.8149135, 22.3433209], [70.8143536, 22.3433527], [70.813935, 22.3433764], [70.8133668, 22.3434292], [70.8128605, 22.3434762], [70.8126054, 22.3434999], [70.8125392, 22.3435096], [70.8121651, 22.3435646], [70.8120841, 22.3435765], [70.8119066, 22.3436025], [70.8118032, 22.3436177], [70.8115793, 22.3436515], [70.8113162, 22.3437317], [70.8109175, 22.3438694], [70.8105261, 22.3440839], [70.8080868, 22.3450836]]}}, {"type": "Feature", "properties": {"road_type": "tertiary", "name": "Unnamed road", "major": false}, "geometry": {"type": "LineString", "coordinates": [[70.8177598, 22.3468124], [70.8174688, 22.3469377]]}}, {"type": "Feature", "properties": {"road_type": "primary", "name": "Ring Road -2", "major": true}, "geometry": {"type": "LineString", "coordinates": [[70.7275391, 22.3028117], [70.7275521, 22.3026767]]}}, {"type": "Feature", "properties": {"road_type": "tertiary", "name": "Unnamed road", "major": false}, "geometry": {"type": "LineString", "coordinates": [[70.7342566, 22.3171842], [70.7326974, 22.3172071], [70.7312399, 22.3172286], [70.7297765, 22.3172501], [70.7280903, 22.317275]]}}, {"type": "Feature", "properties": {"road_type": "tertiary", "name": "Unnamed road", "major": false}, "geometry": {"type": "LineString", "coordinates": [[70.7280964, 22.3174145], [70.7297785, 22.3174033], [70.7297962, 22.3174032], [70.7312432, 22.3173936], [70.7326974, 22.317384], [70.7342654, 22.3173736]]}}, {"type": "Feature", "properties": {"road_type": "primary", "name": "Unnamed road", "major": true}, "geometry": {"type": "LineString", "coordinates": [[70.7275391, 22.3028117], [70.7274816, 22.3029626], [70.7274066, 22.3031781], [70.7273925, 22.3032268], [70.7274006, 22.3038507], [70.7275001, 22.3063943], [70.7275306, 22.3071945], [70.7275476, 22.3077339], [70.7275725, 22.308527], [70.7275763, 22.3088831], [70.7276145, 22.3094189], [70.727798, 22.3143877], [70.727798, 22.3146643], [70.7278176, 22.3151599], [70.727831, 22.3153538], [70.7279944, 22.3195194], [70.7279988, 22.3197176], [70.7280479, 22.3199529], [70.7281149, 22.3201882], [70.7282584, 22.3207034], [70.7283002, 22.3208533], [70.728396, 22.32108], [70.728489, 22.3212515], [70.7286013, 22.3214226], [70.7288289, 22.321685], [70.7290881, 22.3219584], [70.7293637, 22.322207], [70.7293912, 22.3222318], [70.7299268, 22.3227066], [70.7300157, 22.3227708], [70.7301499, 22.3228676], [70.7322627, 22.3246853], [70.732957, 22.3252826], [70.7332714, 22.3255222], [70.7333509, 22.3255733], [70.7335097, 22.3256672], [70.7336274, 22.3256966]]}}, {"type": "Feature", "properties": {"road_type": "primary", "name": "Ring Road -2", "major": true}, "geometry": {"type": "LineString", "coordinates": [[70.7361052, 22.3283839], [70.7359825, 22.3281297], [70.7357411, 22.3276891], [70.7356356, 22.3275586], [70.7354684, 22.3273882], [70.7353089, 22.3272468], [70.7351065, 22.327068], [70.7350497, 22.3270179], [70.7345954, 22.3266169], [70.734479, 22.3265033], [70.7342972, 22.3263258], [70.734019, 22.3260576], [70.7338004, 22.3258496], [70.7336274, 22.3256966]]}}, {"type": "Feature", "properties": {"road_type": "tertiary", "name": "Raiya Road", "major": false}, "geometry": {"type": "LineString", "coordinates": [[70.7277154, 22.3069239], [70.7279452, 22.3069134], [70.7280425, 22.3069018], [70.7280834, 22.3068916], [70.7281274, 22.3068699], [70.7281835, 22.3068264], [70.7285094, 22.3063843]]}}, {"type": "Feature", "properties": {"road_type": "tertiary", "name": "Raiya Road", "major": false}, "geometry": {"type": "LineString", "coordinates": [[70.7322487, 22.302779], [70.7322996, 22.3029444], [70.7323416, 22.3030812], [70.7323557, 22.3031511], [70.7323479, 22.3032151], [70.7323212, 22.3032601], [70.7322725, 22.3033168], [70.7295589, 22.3052368], [70.7293862, 22.3053642], [70.729215, 22.3055008], [70.7290783, 22.3056156], [70.7289652, 22.3057115], [70.7288616, 22.3058278], [70.7287312, 22.305992], [70.7281626, 22.3067462], [70.7281076, 22.3068116], [70.7280699, 22.3068421], [70.7280197, 22.3068537], [70.7279113, 22.3068537], [70.727712, 22.306855]]}}, {"type": "Feature", "properties": {"road_type": "tertiary", "name": "Unnamed road", "major": false}, "geometry": {"type": "LineString", "coordinates": [[70.7459629, 22.316599], [70.7457339, 22.3166166], [70.7454514, 22.3166602], [70.7443001, 22.3168434], [70.7437438, 22.3169297], [70.743506, 22.3169666], [70.7432762, 22.3170128]]}}, {"type": "Feature", "properties": {"road_type": "tertiary", "name": "Unnamed road", "major": false}, "geometry": {"type": "LineString", "coordinates": [[70.7459629, 22.316599], [70.7459869, 22.3167614]]}}, {"type": "Feature", "properties": {"road_type": "tertiary", "name": "Unnamed road", "major": false}, "geometry": {"type": "LineString", "coordinates": [[70.7458546, 22.3167841], [70.7459869, 22.3167614], [70.746119, 22.3167388]]}}, {"type": "Feature", "properties": {"road_type": "tertiary", "name": "Unnamed road", "major": false}, "geometry": {"type": "LineString", "coordinates": [[70.7558489, 22.3142281], [70.7557528, 22.3142538], [70.7546977, 22.3144449], [70.7544667, 22.3144994], [70.7537841, 22.3146472]]}}, {"type": "Feature", "properties": {"road_type": "tertiary", "name": "Unnamed road", "major": false}, "geometry": {"type": "LineString", "coordinates": [[70.7499693, 22.3154954], [70.7494357, 22.3156164], [70.7492943, 22.3156585], [70.7491691, 22.3157036], [70.7481694, 22.3161337], [70.7474915, 22.316436], [70.7473354, 22.3164992], [70.7471777, 22.3165202], [70.7467323, 22.3165533], [70.7461005, 22.3165806], [70.7459629, 22.316599]]}}, {"type": "Feature", "properties": {"road_type": "tertiary", "name": "Unnamed road", "major": false}, "geometry": {"type": "LineString", "coordinates": [[70.7508265, 22.3152937], [70.7499693, 22.3154954]]}}, {"type": "Feature", "properties": {"road_type": "tertiary", "name": "Unnamed road", "major": false}, "geometry": {"type": "LineString", "coordinates": [[70.7516333, 22.315126], [70.7508265, 22.3152937]]}}, {"type": "Feature", "properties": {"road_type": "tertiary", "name": "Unnamed road", "major": false}, "geometry": {"type": "LineString", "coordinates": [[70.7504983, 22.3154794], [70.7505595, 22.3154631], [70.7506544, 22.3154423], [70.750812, 22.3153954], [70.7517265, 22.3152039], [70.7519546, 22.3151452], [70.7528658, 22.3149336], [70.7532321, 22.3148574], [70.7535277, 22.3147906], [70.7537721, 22.314741], [70.7540602, 22.3146764], [70.7545635, 22.3145617], [70.754948, 22.3144723], [70.7552038, 22.3144211], [70.7556629, 22.314327], [70.7557411, 22.3143143], [70.7558006, 22.3143041]]}}, {"type": "Feature", "properties": {"road_type": "tertiary", "name": "Unnamed road", "major": false}, "geometry": {"type": "LineString", "coordinates": [[70.7527979, 22.3148666], [70.7516333, 22.315126]]}}, {"type": "Feature", "properties": {"road_type": "tertiary", "name": "Unnamed road", "major": false}, "geometry": {"type": "LineString", "coordinates": [[70.7535248, 22.3147094], [70.7532435, 22.3147702], [70.7527979, 22.3148666]]}}, {"type": "Feature", "properties": {"road_type": "tertiary", "name": "Unnamed road", "major": false}, "geometry": {"type": "LineString", "coordinates": [[70.7537841, 22.3146472], [70.7535248, 22.3147094]]}}]}